
> pdflab-backend@1.0.0 dev
> tsx watch src/server.ts

⚠ Email service not configured - missing SMTP credentials
  Emails will be logged to console only (development mode)
🚀 Starting PDFLab Backend API...
Executing (default): SELECT 1+1 AS result
✓ Database connection established successfully
Executing (default): SELECT TABLE_NAME FROM INFORMATION_SCHEMA.TABLES WHERE TABLE_TYPE = 'BASE TABLE' AND TABLE_NAME = 'users' AND TABLE_SCHEMA = 'pdflab'
Executing (default): SHOW FULL COLUMNS FROM `users`;
Executing (default): SELECT CONSTRAINT_NAME as constraint_name,CONSTRAINT_NAME as constraintName,CONSTRAINT_SCHEMA as constraintSchema,CONSTRAINT_SCHEMA as constraintCatalog,TABLE_NAME as tableName,TABLE_SCHEMA as tableSchema,TABLE_SCHEMA as tableCatalog,COLUMN_NAME as columnName,REFERENCED_TABLE_SCHEMA as referencedTableSchema,REFERENCED_TABLE_SCHEMA as referencedTableCatalog,REFERENCED_TABLE_NAME as referencedTableName,REFERENCED_COLUMN_NAME as referencedColumnName FROM INFORMATION_SCHEMA.KEY_COLUMN_USAGE where TABLE_NAME = 'users' AND CONSTRAINT_NAME!='PRIMARY' AND CONSTRAINT_SCHEMA='pdflab' AND REFERENCED_TABLE_NAME IS NOT NULL;
Executing (default): ALTER TABLE `users` CHANGE `email` `email` VARCHAR(255) NOT NULL UNIQUE;
Executing (default): ALTER TABLE `users` CHANGE `password_hash` `password_hash` VARCHAR(255) NOT NULL;
Executing (default): ALTER TABLE `users` CHANGE `name` `name` VARCHAR(255);
Executing (default): ALTER TABLE `users` CHANGE `role` `role` ENUM('user', 'support', 'finance', 'admin', 'super_admin') NOT NULL DEFAULT 'user';
Executing (default): ALTER TABLE `users` CHANGE `plan` `plan` ENUM('free', 'starter', 'pro', 'enterprise') NOT NULL DEFAULT 'free';
Executing (default): ALTER TABLE `users` CHANGE `conversions_used` `conversions_used` INTEGER NOT NULL DEFAULT 0;
Executing (default): ALTER TABLE `users` CHANGE `conversions_limit` `conversions_limit` INTEGER NOT NULL DEFAULT 3;
Executing (default): ALTER TABLE `users` CHANGE `stripe_customer_id` `stripe_customer_id` VARCHAR(255);
Executing (default): ALTER TABLE `users` CHANGE `subscription_id` `subscription_id` VARCHAR(255);
Executing (default): ALTER TABLE `users` CHANGE `subscription_status` `subscription_status` ENUM('active', 'canceled', 'past_due', 'trialing');
Executing (default): ALTER TABLE `users` CHANGE `subscription_end_date` `subscription_end_date` DATETIME;
Executing (default): ALTER TABLE `users` CHANGE `failed_reset_attempts` `failed_reset_attempts` INTEGER NOT NULL DEFAULT 0;
Executing (default): ALTER TABLE `users` CHANGE `reset_locked_until` `reset_locked_until` DATETIME;
Executing (default): ALTER TABLE `users` CHANGE `created_at` `created_at` DATETIME NOT NULL;
Executing (default): ALTER TABLE `users` CHANGE `updated_at` `updated_at` DATETIME NOT NULL;
Executing (default): ALTER TABLE `users` CHANGE `last_login` `last_login` DATETIME;
Executing (default): SHOW INDEX FROM `users` FROM `pdflab`
Executing (default): SELECT TABLE_NAME FROM INFORMATION_SCHEMA.TABLES WHERE TABLE_TYPE = 'BASE TABLE' AND TABLE_NAME = 'admin_audit_logs' AND TABLE_SCHEMA = 'pdflab'
Executing (default): SHOW FULL COLUMNS FROM `admin_audit_logs`;
Executing (default): SELECT CONSTRAINT_NAME as constraint_name,CONSTRAINT_NAME as constraintName,CONSTRAINT_SCHEMA as constraintSchema,CONSTRAINT_SCHEMA as constraintCatalog,TABLE_NAME as tableName,TABLE_SCHEMA as tableSchema,TABLE_SCHEMA as tableCatalog,COLUMN_NAME as columnName,REFERENCED_TABLE_SCHEMA as referencedTableSchema,REFERENCED_TABLE_SCHEMA as referencedTableCatalog,REFERENCED_TABLE_NAME as referencedTableName,REFERENCED_COLUMN_NAME as referencedColumnName FROM INFORMATION_SCHEMA.KEY_COLUMN_USAGE where TABLE_NAME = 'admin_audit_logs' AND CONSTRAINT_NAME!='PRIMARY' AND CONSTRAINT_SCHEMA='pdflab' AND REFERENCED_TABLE_NAME IS NOT NULL;
Executing (default): SELECT CONSTRAINT_CATALOG AS constraintCatalog, CONSTRAINT_NAME AS constraintName, CONSTRAINT_SCHEMA AS constraintSchema, CONSTRAINT_TYPE AS constraintType, TABLE_NAME AS tableName, TABLE_SCHEMA AS tableSchema from INFORMATION_SCHEMA.TABLE_CONSTRAINTS WHERE table_name='admin_audit_logs' AND constraint_name = 'admin_audit_logs_ibfk_1' AND TABLE_SCHEMA = 'pdflab';
Executing (default): ALTER TABLE `admin_audit_logs` DROP FOREIGN KEY `admin_audit_logs_ibfk_1`;
Executing (default): ALTER TABLE `admin_audit_logs` ADD FOREIGN KEY (`admin_user_id`) REFERENCES `users` (`id`) ON DELETE CASCADE ON UPDATE CASCADE;
Executing (default): ALTER TABLE `admin_audit_logs` CHANGE `action` `action` VARCHAR(100) NOT NULL;
Executing (default): ALTER TABLE `admin_audit_logs` CHANGE `entity_type` `entity_type` VARCHAR(50) NOT NULL;
Executing (default): ALTER TABLE `admin_audit_logs` CHANGE `entity_id` `entity_id` CHAR(36) BINARY;
Executing (default): ALTER TABLE `admin_audit_logs` CHANGE `changes` `changes` JSON;
Executing (default): ALTER TABLE `admin_audit_logs` CHANGE `ip_address` `ip_address` VARCHAR(45);
Executing (default): ALTER TABLE `admin_audit_logs` CHANGE `user_agent` `user_agent` TEXT;
Executing (default): ALTER TABLE `admin_audit_logs` CHANGE `severity` `severity` ENUM('info', 'warning', 'critical') NOT NULL DEFAULT 'info';
Executing (default): ALTER TABLE `admin_audit_logs` CHANGE `checksum` `checksum` VARCHAR(64);
Executing (default): ALTER TABLE `admin_audit_logs` CHANGE `created_at` `created_at` DATETIME NOT NULL;
Executing (default): SHOW INDEX FROM `admin_audit_logs` FROM `pdflab`
Executing (default): SELECT TABLE_NAME FROM INFORMATION_SCHEMA.TABLES WHERE TABLE_TYPE = 'BASE TABLE' AND TABLE_NAME = 'system_health_logs' AND TABLE_SCHEMA = 'pdflab'
Executing (default): SHOW FULL COLUMNS FROM `system_health_logs`;
Executing (default): SELECT CONSTRAINT_NAME as constraint_name,CONSTRAINT_NAME as constraintName,CONSTRAINT_SCHEMA as constraintSchema,CONSTRAINT_SCHEMA as constraintCatalog,TABLE_NAME as tableName,TABLE_SCHEMA as tableSchema,TABLE_SCHEMA as tableCatalog,COLUMN_NAME as columnName,REFERENCED_TABLE_SCHEMA as referencedTableSchema,REFERENCED_TABLE_SCHEMA as referencedTableCatalog,REFERENCED_TABLE_NAME as referencedTableName,REFERENCED_COLUMN_NAME as referencedColumnName FROM INFORMATION_SCHEMA.KEY_COLUMN_USAGE where TABLE_NAME = 'system_health_logs' AND CONSTRAINT_NAME!='PRIMARY' AND CONSTRAINT_SCHEMA='pdflab' AND REFERENCED_TABLE_NAME IS NOT NULL;
Executing (default): ALTER TABLE `system_health_logs` CHANGE `metric_name` `metric_name` VARCHAR(100) NOT NULL;
Executing (default): ALTER TABLE `system_health_logs` CHANGE `metric_value` `metric_value` DECIMAL(10,2);
Executing (default): ALTER TABLE `system_health_logs` CHANGE `status` `status` ENUM('healthy', 'warning', 'critical') NOT NULL DEFAULT 'healthy';
Executing (default): ALTER TABLE `system_health_logs` CHANGE `details` `details` JSON;
Executing (default): ALTER TABLE `system_health_logs` CHANGE `created_at` `created_at` DATETIME NOT NULL;
Executing (default): SHOW INDEX FROM `system_health_logs` FROM `pdflab`
Executing (default): SELECT TABLE_NAME FROM INFORMATION_SCHEMA.TABLES WHERE TABLE_TYPE = 'BASE TABLE' AND TABLE_NAME = 'conversion_jobs' AND TABLE_SCHEMA = 'pdflab'
Executing (default): SHOW FULL COLUMNS FROM `conversion_jobs`;
Executing (default): SELECT CONSTRAINT_NAME as constraint_name,CONSTRAINT_NAME as constraintName,CONSTRAINT_SCHEMA as constraintSchema,CONSTRAINT_SCHEMA as constraintCatalog,TABLE_NAME as tableName,TABLE_SCHEMA as tableSchema,TABLE_SCHEMA as tableCatalog,COLUMN_NAME as columnName,REFERENCED_TABLE_SCHEMA as referencedTableSchema,REFERENCED_TABLE_SCHEMA as referencedTableCatalog,REFERENCED_TABLE_NAME as referencedTableName,REFERENCED_COLUMN_NAME as referencedColumnName FROM INFORMATION_SCHEMA.KEY_COLUMN_USAGE where TABLE_NAME = 'conversion_jobs' AND CONSTRAINT_NAME!='PRIMARY' AND CONSTRAINT_SCHEMA='pdflab' AND REFERENCED_TABLE_NAME IS NOT NULL;
Executing (default): SELECT CONSTRAINT_CATALOG AS constraintCatalog, CONSTRAINT_NAME AS constraintName, CONSTRAINT_SCHEMA AS constraintSchema, CONSTRAINT_TYPE AS constraintType, TABLE_NAME AS tableName, TABLE_SCHEMA AS tableSchema from INFORMATION_SCHEMA.TABLE_CONSTRAINTS WHERE table_name='conversion_jobs' AND constraint_name = 'conversion_jobs_ibfk_1' AND TABLE_SCHEMA = 'pdflab';
Executing (default): ALTER TABLE `conversion_jobs` DROP FOREIGN KEY `conversion_jobs_ibfk_1`;
Executing (default): ALTER TABLE `conversion_jobs` ADD FOREIGN KEY (`user_id`) REFERENCES `users` (`id`) ON DELETE CASCADE ON UPDATE CASCADE;
Executing (default): ALTER TABLE `conversion_jobs` CHANGE `type` `type` ENUM('pdf_to_pptx', 'pdf_to_docx', 'pdf_to_xlsx', 'pdf_to_images', 'pdf_merge') NOT NULL;
Executing (default): ALTER TABLE `conversion_jobs` CHANGE `status` `status` ENUM('pending', 'queued', 'processing', 'completed', 'failed') NOT NULL DEFAULT 'pending';
Executing (default): ALTER TABLE `conversion_jobs` CHANGE `progress` `progress` INTEGER NOT NULL DEFAULT 0;
Executing (default): ALTER TABLE `conversion_jobs` CHANGE `input_file` `input_file` VARCHAR(500);
Executing (default): ALTER TABLE `conversion_jobs` CHANGE `output_file` `output_file` VARCHAR(500);
Executing (default): ALTER TABLE `conversion_jobs` CHANGE `file_name` `file_name` VARCHAR(255) NOT NULL;
Executing (default): ALTER TABLE `conversion_jobs` CHANGE `file_size` `file_size` BIGINT NOT NULL;
Executing (default): ALTER TABLE `conversion_jobs` CHANGE `cloudconvert_job_id` `cloudconvert_job_id` VARCHAR(255);
Executing (default): ALTER TABLE `conversion_jobs` CHANGE `error_message` `error_message` TEXT;
Executing (default): ALTER TABLE `conversion_jobs` CHANGE `estimated_time` `estimated_time` INTEGER COMMENT 'Estimated processing time in seconds';
Executing (default): ALTER TABLE `conversion_jobs` CHANGE `processing_started_at` `processing_started_at` DATETIME;
Executing (default): ALTER TABLE `conversion_jobs` CHANGE `processing_completed_at` `processing_completed_at` DATETIME;
Executing (default): ALTER TABLE `conversion_jobs` CHANGE `created_at` `created_at` DATETIME NOT NULL;
Executing (default): ALTER TABLE `conversion_jobs` CHANGE `updated_at` `updated_at` DATETIME NOT NULL;
Executing (default): ALTER TABLE `conversion_jobs` CHANGE `expires_at` `expires_at` DATETIME NOT NULL;
Executing (default): SHOW INDEX FROM `conversion_jobs` FROM `pdflab`
Executing (default): SELECT TABLE_NAME FROM INFORMATION_SCHEMA.TABLES WHERE TABLE_TYPE = 'BASE TABLE' AND TABLE_NAME = 'usage_logs' AND TABLE_SCHEMA = 'pdflab'
Executing (default): SHOW FULL COLUMNS FROM `usage_logs`;
Executing (default): SELECT CONSTRAINT_NAME as constraint_name,CONSTRAINT_NAME as constraintName,CONSTRAINT_SCHEMA as constraintSchema,CONSTRAINT_SCHEMA as constraintCatalog,TABLE_NAME as tableName,TABLE_SCHEMA as tableSchema,TABLE_SCHEMA as tableCatalog,COLUMN_NAME as columnName,REFERENCED_TABLE_SCHEMA as referencedTableSchema,REFERENCED_TABLE_SCHEMA as referencedTableCatalog,REFERENCED_TABLE_NAME as referencedTableName,REFERENCED_COLUMN_NAME as referencedColumnName FROM INFORMATION_SCHEMA.KEY_COLUMN_USAGE where TABLE_NAME = 'usage_logs' AND CONSTRAINT_NAME!='PRIMARY' AND CONSTRAINT_SCHEMA='pdflab' AND REFERENCED_TABLE_NAME IS NOT NULL;
Executing (default): SELECT CONSTRAINT_CATALOG AS constraintCatalog, CONSTRAINT_NAME AS constraintName, CONSTRAINT_SCHEMA AS constraintSchema, CONSTRAINT_TYPE AS constraintType, TABLE_NAME AS tableName, TABLE_SCHEMA AS tableSchema from INFORMATION_SCHEMA.TABLE_CONSTRAINTS WHERE table_name='usage_logs' AND constraint_name = 'usage_logs_ibfk_51' AND TABLE_SCHEMA = 'pdflab';
Executing (default): ALTER TABLE `usage_logs` DROP FOREIGN KEY `usage_logs_ibfk_51`;
Executing (default): ALTER TABLE `usage_logs` ADD FOREIGN KEY (`user_id`) REFERENCES `users` (`id`) ON DELETE CASCADE ON UPDATE CASCADE;
Executing (default): SELECT CONSTRAINT_CATALOG AS constraintCatalog, CONSTRAINT_NAME AS constraintName, CONSTRAINT_SCHEMA AS constraintSchema, CONSTRAINT_TYPE AS constraintType, TABLE_NAME AS tableName, TABLE_SCHEMA AS tableSchema from INFORMATION_SCHEMA.TABLE_CONSTRAINTS WHERE table_name='usage_logs' AND constraint_name = 'usage_logs_ibfk_52' AND TABLE_SCHEMA = 'pdflab';
Executing (default): ALTER TABLE `usage_logs` DROP FOREIGN KEY `usage_logs_ibfk_52`;
Executing (default): ALTER TABLE `usage_logs` ADD FOREIGN KEY (`job_id`) REFERENCES `conversion_jobs` (`id`) ON DELETE SET NULL ON UPDATE CASCADE;
Executing (default): ALTER TABLE `usage_logs` CHANGE `operation_type` `operation_type` VARCHAR(50) NOT NULL;
Executing (default): ALTER TABLE `usage_logs` CHANGE `success` `success` TINYINT(1) NOT NULL DEFAULT false;
Executing (default): ALTER TABLE `usage_logs` CHANGE `processing_time` `processing_time` INTEGER COMMENT 'Processing time in milliseconds';
Executing (default): ALTER TABLE `usage_logs` CHANGE `file_size` `file_size` BIGINT NOT NULL;
Executing (default): ALTER TABLE `usage_logs` CHANGE `error_code` `error_code` VARCHAR(50);
Executing (default): ALTER TABLE `usage_logs` CHANGE `timestamp` `timestamp` DATETIME NOT NULL;
Executing (default): SHOW INDEX FROM `usage_logs` FROM `pdflab`
Executing (default): SELECT TABLE_NAME FROM INFORMATION_SCHEMA.TABLES WHERE TABLE_TYPE = 'BASE TABLE' AND TABLE_NAME = 'subscriptions' AND TABLE_SCHEMA = 'pdflab'
Executing (default): SHOW FULL COLUMNS FROM `subscriptions`;
Executing (default): SELECT CONSTRAINT_NAME as constraint_name,CONSTRAINT_NAME as constraintName,CONSTRAINT_SCHEMA as constraintSchema,CONSTRAINT_SCHEMA as constraintCatalog,TABLE_NAME as tableName,TABLE_SCHEMA as tableSchema,TABLE_SCHEMA as tableCatalog,COLUMN_NAME as columnName,REFERENCED_TABLE_SCHEMA as referencedTableSchema,REFERENCED_TABLE_SCHEMA as referencedTableCatalog,REFERENCED_TABLE_NAME as referencedTableName,REFERENCED_COLUMN_NAME as referencedColumnName FROM INFORMATION_SCHEMA.KEY_COLUMN_USAGE where TABLE_NAME = 'subscriptions' AND CONSTRAINT_NAME!='PRIMARY' AND CONSTRAINT_SCHEMA='pdflab' AND REFERENCED_TABLE_NAME IS NOT NULL;
Executing (default): SELECT CONSTRAINT_CATALOG AS constraintCatalog, CONSTRAINT_NAME AS constraintName, CONSTRAINT_SCHEMA AS constraintSchema, CONSTRAINT_TYPE AS constraintType, TABLE_NAME AS tableName, TABLE_SCHEMA AS tableSchema from INFORMATION_SCHEMA.TABLE_CONSTRAINTS WHERE table_name='subscriptions' AND constraint_name = 'subscriptions_ibfk_1' AND TABLE_SCHEMA = 'pdflab';
Executing (default): ALTER TABLE `subscriptions` DROP FOREIGN KEY `subscriptions_ibfk_1`;
Executing (default): ALTER TABLE `subscriptions` ADD FOREIGN KEY (`user_id`) REFERENCES `users` (`id`) ON DELETE CASCADE ON UPDATE CASCADE;
Executing (default): ALTER TABLE `subscriptions` CHANGE `plan` `plan` ENUM('free', 'starter', 'pro', 'enterprise') NOT NULL DEFAULT 'free';
Executing (default): ALTER TABLE `subscriptions` CHANGE `status` `status` ENUM('active', 'canceled', 'past_due', 'trialing', 'pending') NOT NULL DEFAULT 'pending';
Executing (default): ALTER TABLE `subscriptions` CHANGE `payfast_token` `payfast_token` VARCHAR(255) COMMENT 'PayFast subscription token for recurring payments';
Executing (default): ALTER TABLE `subscriptions` CHANGE `payfast_subscription_id` `payfast_subscription_id` VARCHAR(255) COMMENT 'PayFast subscription ID';
Executing (default): ALTER TABLE `subscriptions` CHANGE `amount` `amount` DECIMAL(10,2) NOT NULL COMMENT 'Subscription amount in currency';
Executing (default): ALTER TABLE `subscriptions` CHANGE `currency` `currency` VARCHAR(3) NOT NULL DEFAULT 'USD' COMMENT 'Currency code (USD for United States Dollar)';
Executing (default): ALTER TABLE `subscriptions` CHANGE `billing_date` `billing_date` DATETIME COMMENT 'First billing date';
Executing (default): ALTER TABLE `subscriptions` CHANGE `next_billing_date` `next_billing_date` DATETIME COMMENT 'Next billing date for recurring subscription';
Executing (default): ALTER TABLE `subscriptions` CHANGE `cancel_at` `cancel_at` DATETIME COMMENT 'Scheduled cancellation date';
Executing (default): ALTER TABLE `subscriptions` CHANGE `canceled_at` `canceled_at` DATETIME COMMENT 'Actual cancellation timestamp';
Executing (default): ALTER TABLE `subscriptions` CHANGE `trial_end` `trial_end` DATETIME COMMENT 'Trial period end date';
Executing (default): ALTER TABLE `subscriptions` CHANGE `started_at` `started_at` DATETIME NOT NULL COMMENT 'Subscription start date';
Executing (default): ALTER TABLE `subscriptions` CHANGE `ended_at` `ended_at` DATETIME COMMENT 'Subscription end date (if canceled)';
Executing (default): ALTER TABLE `subscriptions` CHANGE `created_at` `created_at` DATETIME NOT NULL;
Executing (default): ALTER TABLE `subscriptions` CHANGE `updated_at` `updated_at` DATETIME NOT NULL;
Executing (default): SHOW INDEX FROM `subscriptions` FROM `pdflab`
Executing (default): SELECT TABLE_NAME FROM INFORMATION_SCHEMA.TABLES WHERE TABLE_TYPE = 'BASE TABLE' AND TABLE_NAME = 'payment_logs' AND TABLE_SCHEMA = 'pdflab'
Executing (default): SHOW FULL COLUMNS FROM `payment_logs`;
Executing (default): SELECT CONSTRAINT_NAME as constraint_name,CONSTRAINT_NAME as constraintName,CONSTRAINT_SCHEMA as constraintSchema,CONSTRAINT_SCHEMA as constraintCatalog,TABLE_NAME as tableName,TABLE_SCHEMA as tableSchema,TABLE_SCHEMA as tableCatalog,COLUMN_NAME as columnName,REFERENCED_TABLE_SCHEMA as referencedTableSchema,REFERENCED_TABLE_SCHEMA as referencedTableCatalog,REFERENCED_TABLE_NAME as referencedTableName,REFERENCED_COLUMN_NAME as referencedColumnName FROM INFORMATION_SCHEMA.KEY_COLUMN_USAGE where TABLE_NAME = 'payment_logs' AND CONSTRAINT_NAME!='PRIMARY' AND CONSTRAINT_SCHEMA='pdflab' AND REFERENCED_TABLE_NAME IS NOT NULL;
Executing (default): SELECT CONSTRAINT_CATALOG AS constraintCatalog, CONSTRAINT_NAME AS constraintName, CONSTRAINT_SCHEMA AS constraintSchema, CONSTRAINT_TYPE AS constraintType, TABLE_NAME AS tableName, TABLE_SCHEMA AS tableSchema from INFORMATION_SCHEMA.TABLE_CONSTRAINTS WHERE table_name='payment_logs' AND constraint_name = 'payment_logs_ibfk_39' AND TABLE_SCHEMA = 'pdflab';
Executing (default): ALTER TABLE `payment_logs` DROP FOREIGN KEY `payment_logs_ibfk_39`;
Executing (default): ALTER TABLE `payment_logs` ADD FOREIGN KEY (`user_id`) REFERENCES `users` (`id`) ON DELETE CASCADE ON UPDATE CASCADE;
Executing (default): SELECT CONSTRAINT_CATALOG AS constraintCatalog, CONSTRAINT_NAME AS constraintName, CONSTRAINT_SCHEMA AS constraintSchema, CONSTRAINT_TYPE AS constraintType, TABLE_NAME AS tableName, TABLE_SCHEMA AS tableSchema from INFORMATION_SCHEMA.TABLE_CONSTRAINTS WHERE table_name='payment_logs' AND constraint_name = 'payment_logs_ibfk_40' AND TABLE_SCHEMA = 'pdflab';
Executing (default): ALTER TABLE `payment_logs` DROP FOREIGN KEY `payment_logs_ibfk_40`;
Executing (default): ALTER TABLE `payment_logs` ADD FOREIGN KEY (`subscription_id`) REFERENCES `subscriptions` (`id`) ON DELETE SET NULL ON UPDATE CASCADE;
Executing (default): ALTER TABLE `payment_logs` CHANGE `transaction_id` `transaction_id` VARCHAR(255) NOT NULL UNIQUE COMMENT 'Our internal transaction ID (m_payment_id)';
Executing (default): ALTER TABLE `payment_logs` CHANGE `payfast_payment_id` `payfast_payment_id` VARCHAR(255) COMMENT 'PayFast payment ID (pf_payment_id)';
Executing (default): ALTER TABLE `payment_logs` CHANGE `payment_type` `payment_type` ENUM('subscription', 'subscription_payment', 'one_time', 'refund') NOT NULL DEFAULT 'one_time';
Executing (default): ALTER TABLE `payment_logs` CHANGE `status` `status` ENUM('complete', 'failed', 'pending', 'cancelled') NOT NULL DEFAULT 'pending';
Executing (default): ALTER TABLE `payment_logs` CHANGE `amount_gross` `amount_gross` DECIMAL(10,2) NOT NULL COMMENT 'Gross amount before fees';
Executing (default): ALTER TABLE `payment_logs` CHANGE `amount_fee` `amount_fee` DECIMAL(10,2) NOT NULL DEFAULT 0 COMMENT 'PayFast processing fee';
Executing (default): ALTER TABLE `payment_logs` CHANGE `amount_net` `amount_net` DECIMAL(10,2) NOT NULL COMMENT 'Net amount after fees';
Executing (default): ALTER TABLE `payment_logs` CHANGE `currency` `currency` VARCHAR(3) NOT NULL DEFAULT 'USD';
Executing (default): ALTER TABLE `payment_logs` CHANGE `plan` `plan` VARCHAR(50) NOT NULL COMMENT 'Plan name (free, starter, pro, enterprise)';
Executing (default): ALTER TABLE `payment_logs` CHANGE `payment_method` `payment_method` VARCHAR(50) COMMENT 'Payment method used (eft, credit_card, etc.)';
Executing (default): ALTER TABLE `payment_logs` CHANGE `name_first` `name_first` VARCHAR(255) NOT NULL;
Executing (default): ALTER TABLE `payment_logs` CHANGE `name_last` `name_last` VARCHAR(255);
Executing (default): ALTER TABLE `payment_logs` CHANGE `email_address` `email_address` VARCHAR(255) NOT NULL;
Executing (default): ALTER TABLE `payment_logs` CHANGE `item_name` `item_name` VARCHAR(255) NOT NULL;
Executing (default): ALTER TABLE `payment_logs` CHANGE `item_description` `item_description` TEXT;
Executing (default): ALTER TABLE `payment_logs` CHANGE `custom_data` `custom_data` JSON COMMENT 'Custom data sent to PayFast';
Executing (default): ALTER TABLE `payment_logs` CHANGE `itn_data` `itn_data` JSON COMMENT 'Full ITN notification data from PayFast';
Executing (default): ALTER TABLE `payment_logs` CHANGE `error_message` `error_message` TEXT COMMENT 'Error message if payment failed';
Executing (default): ALTER TABLE `payment_logs` CHANGE `processed_at` `processed_at` DATETIME COMMENT 'When the payment was processed';
Executing (default): ALTER TABLE `payment_logs` CHANGE `created_at` `created_at` DATETIME NOT NULL;
Executing (default): ALTER TABLE `payment_logs` CHANGE `updated_at` `updated_at` DATETIME NOT NULL;
Executing (default): SHOW INDEX FROM `payment_logs` FROM `pdflab`
Executing (default): SELECT TABLE_NAME FROM INFORMATION_SCHEMA.TABLES WHERE TABLE_TYPE = 'BASE TABLE' AND TABLE_NAME = 'password_history' AND TABLE_SCHEMA = 'pdflab'
Executing (default): SHOW FULL COLUMNS FROM `password_history`;
Executing (default): SELECT CONSTRAINT_NAME as constraint_name,CONSTRAINT_NAME as constraintName,CONSTRAINT_SCHEMA as constraintSchema,CONSTRAINT_SCHEMA as constraintCatalog,TABLE_NAME as tableName,TABLE_SCHEMA as tableSchema,TABLE_SCHEMA as tableCatalog,COLUMN_NAME as columnName,REFERENCED_TABLE_SCHEMA as referencedTableSchema,REFERENCED_TABLE_SCHEMA as referencedTableCatalog,REFERENCED_TABLE_NAME as referencedTableName,REFERENCED_COLUMN_NAME as referencedColumnName FROM INFORMATION_SCHEMA.KEY_COLUMN_USAGE where TABLE_NAME = 'password_history' AND CONSTRAINT_NAME!='PRIMARY' AND CONSTRAINT_SCHEMA='pdflab' AND REFERENCED_TABLE_NAME IS NOT NULL;
Executing (default): SELECT CONSTRAINT_CATALOG AS constraintCatalog, CONSTRAINT_NAME AS constraintName, CONSTRAINT_SCHEMA AS constraintSchema, CONSTRAINT_TYPE AS constraintType, TABLE_NAME AS tableName, TABLE_SCHEMA AS tableSchema from INFORMATION_SCHEMA.TABLE_CONSTRAINTS WHERE table_name='password_history' AND constraint_name = 'password_history_ibfk_1' AND TABLE_SCHEMA = 'pdflab';
Executing (default): ALTER TABLE `password_history` DROP FOREIGN KEY `password_history_ibfk_1`;
Executing (default): ALTER TABLE `password_history` ADD FOREIGN KEY (`user_id`) REFERENCES `users` (`id`) ON DELETE CASCADE ON UPDATE CASCADE;
Executing (default): ALTER TABLE `password_history` CHANGE `password_hash` `password_hash` VARCHAR(255) NOT NULL;
Executing (default): ALTER TABLE `password_history` CHANGE `created_at` `created_at` DATETIME NOT NULL;
Executing (default): SHOW INDEX FROM `password_history` FROM `pdflab`
✓ Database synchronized successfully
✓ Redis client connected
🔧 Initializing Bull queues...
  Creating conversion queue...
  ✓ Conversion queue created
  Creating cleanup queue...
  ✓ Cleanup queue created
✓ Bull queues initialized
✓ Initializing conversion worker...
✓ Initializing cleanup worker...
✓ Job workers initialized
[Quota Reset] Initializing monthly quota reset cron job...
[Quota Reset] Schedule: 0 0 1 * * (1st of month at midnight)
✓ Quota reset cron job initialized and scheduled
✓ Next reset: 2025-12-01T00:00:00.000-05:00
✓ Monthly quota reset scheduled
✓ PDFLab API Server running
✓ Environment: development
✓ Port: 3006
✓ Health check: http://localhost:3006/health
✓ API endpoint: http://localhost:3006/api
[Cleanup Worker] Processing cleanup for job bfce69ba-715f-415d-9b3b-d494803cba8c
Executing (default): SELECT `id`, `user_id`, `type`, `status`, `progress`, `input_file`, `output_file`, `file_name`, `file_size`, `cloudconvert_job_id`, `error_message`, `estimated_time`, `processing_started_at`, `processing_completed_at`, `created_at`, `updated_at`, `expires_at`, `created_at` AS `createdAt`, `updated_at` AS `updatedAt` FROM `conversion_jobs` AS `ConversionJob` WHERE `ConversionJob`.`id` = 'bfce69ba-715f-415d-9b3b-d494803cba8c';
[Cleanup Worker] Deleted upload directory: C:\Users\Mac\OneDrive\Desktop\Projects\PDFLab\backend\storage\uploads\fbcd760d-bdf1-43d0-b91c-48e8fe5656cd\bfce69ba-715f-415d-9b3b-d494803cba8c
[Cleanup Worker] Deleted output directory: C:\Users\Mac\OneDrive\Desktop\Projects\PDFLab\backend\storage\outputs\fbcd760d-bdf1-43d0-b91c-48e8fe5656cd\bfce69ba-715f-415d-9b3b-d494803cba8c
[Cleanup Worker] Cleanup completed for job bfce69ba-715f-415d-9b3b-d494803cba8c, deleted 2 directories
✓ Cleanup job 38 completed: {
  deleted: true,
  files_deleted: 2,
  job_id: 'bfce69ba-715f-415d-9b3b-d494803cba8c'
}
Guest session initialization error: TypeError: import_redis.redisClient.setex is not a function
    at Function.createSession (C:\Users\Mac\OneDrive\Desktop\Projects\PDFLab\backend\src\services\guest-session.service.ts:50:23)
    at initializeGuestSession (C:\Users\Mac\OneDrive\Desktop\Projects\PDFLab\backend\src\middleware\guest.middleware.ts:80:50)
    at Layer.handle [as handle_request] (C:\Users\Mac\OneDrive\Desktop\Projects\PDFLab\backend\node_modules\express\lib\router\layer.js:95:5)
    at trim_prefix (C:\Users\Mac\OneDrive\Desktop\Projects\PDFLab\backend\node_modules\express\lib\router\index.js:328:13)
    at C:\Users\Mac\OneDrive\Desktop\Projects\PDFLab\backend\node_modules\express\lib\router\index.js:286:9
    at Function.process_params (C:\Users\Mac\OneDrive\Desktop\Projects\PDFLab\backend\node_modules\express\lib\router\index.js:346:12)
    at next (C:\Users\Mac\OneDrive\Desktop\Projects\PDFLab\backend\node_modules\express\lib\router\index.js:280:10)
    at cookieParser (C:\Users\Mac\OneDrive\Desktop\Projects\PDFLab\backend\node_modules\cookie-parser\index.js:57:14)
    at Layer.handle [as handle_request] (C:\Users\Mac\OneDrive\Desktop\Projects\PDFLab\backend\node_modules\express\lib\router\layer.js:95:5)
    at trim_prefix (C:\Users\Mac\OneDrive\Desktop\Projects\PDFLab\backend\node_modules\express\lib\router\index.js:328:13)
Executing (default): SELECT 1+1 AS result
✓ Database connection established successfully
[0mGET /health [32m200[0m 32.444 ms - 11748[0m
20:27:01 [tsx] change in ./src\services\guest-session.service.ts Restarting...
c⚠ Email service not configured - missing SMTP credentials
  Emails will be logged to console only (development mode)
🚀 Starting PDFLab Backend API...
Executing (default): SELECT 1+1 AS result
✓ Database connection established successfully
Executing (default): SELECT TABLE_NAME FROM INFORMATION_SCHEMA.TABLES WHERE TABLE_TYPE = 'BASE TABLE' AND TABLE_NAME = 'users' AND TABLE_SCHEMA = 'pdflab'
Executing (default): SHOW FULL COLUMNS FROM `users`;
Executing (default): SELECT CONSTRAINT_NAME as constraint_name,CONSTRAINT_NAME as constraintName,CONSTRAINT_SCHEMA as constraintSchema,CONSTRAINT_SCHEMA as constraintCatalog,TABLE_NAME as tableName,TABLE_SCHEMA as tableSchema,TABLE_SCHEMA as tableCatalog,COLUMN_NAME as columnName,REFERENCED_TABLE_SCHEMA as referencedTableSchema,REFERENCED_TABLE_SCHEMA as referencedTableCatalog,REFERENCED_TABLE_NAME as referencedTableName,REFERENCED_COLUMN_NAME as referencedColumnName FROM INFORMATION_SCHEMA.KEY_COLUMN_USAGE where TABLE_NAME = 'users' AND CONSTRAINT_NAME!='PRIMARY' AND CONSTRAINT_SCHEMA='pdflab' AND REFERENCED_TABLE_NAME IS NOT NULL;
Executing (default): ALTER TABLE `users` CHANGE `email` `email` VARCHAR(255) NOT NULL UNIQUE;
Executing (default): ALTER TABLE `users` CHANGE `password_hash` `password_hash` VARCHAR(255) NOT NULL;
Executing (default): ALTER TABLE `users` CHANGE `name` `name` VARCHAR(255);
Executing (default): ALTER TABLE `users` CHANGE `role` `role` ENUM('user', 'support', 'finance', 'admin', 'super_admin') NOT NULL DEFAULT 'user';
Executing (default): ALTER TABLE `users` CHANGE `plan` `plan` ENUM('free', 'starter', 'pro', 'enterprise') NOT NULL DEFAULT 'free';
Executing (default): ALTER TABLE `users` CHANGE `conversions_used` `conversions_used` INTEGER NOT NULL DEFAULT 0;
Executing (default): ALTER TABLE `users` CHANGE `conversions_limit` `conversions_limit` INTEGER NOT NULL DEFAULT 3;
Executing (default): ALTER TABLE `users` CHANGE `stripe_customer_id` `stripe_customer_id` VARCHAR(255);
Executing (default): ALTER TABLE `users` CHANGE `subscription_id` `subscription_id` VARCHAR(255);
Executing (default): ALTER TABLE `users` CHANGE `subscription_status` `subscription_status` ENUM('active', 'canceled', 'past_due', 'trialing');
Executing (default): ALTER TABLE `users` CHANGE `subscription_end_date` `subscription_end_date` DATETIME;
Executing (default): ALTER TABLE `users` CHANGE `failed_reset_attempts` `failed_reset_attempts` INTEGER NOT NULL DEFAULT 0;
Executing (default): ALTER TABLE `users` CHANGE `reset_locked_until` `reset_locked_until` DATETIME;
Executing (default): ALTER TABLE `users` CHANGE `created_at` `created_at` DATETIME NOT NULL;
Executing (default): ALTER TABLE `users` CHANGE `updated_at` `updated_at` DATETIME NOT NULL;
Executing (default): ALTER TABLE `users` CHANGE `last_login` `last_login` DATETIME;
Executing (default): SHOW INDEX FROM `users` FROM `pdflab`
Executing (default): SELECT TABLE_NAME FROM INFORMATION_SCHEMA.TABLES WHERE TABLE_TYPE = 'BASE TABLE' AND TABLE_NAME = 'admin_audit_logs' AND TABLE_SCHEMA = 'pdflab'
Executing (default): SHOW FULL COLUMNS FROM `admin_audit_logs`;
Executing (default): SELECT CONSTRAINT_NAME as constraint_name,CONSTRAINT_NAME as constraintName,CONSTRAINT_SCHEMA as constraintSchema,CONSTRAINT_SCHEMA as constraintCatalog,TABLE_NAME as tableName,TABLE_SCHEMA as tableSchema,TABLE_SCHEMA as tableCatalog,COLUMN_NAME as columnName,REFERENCED_TABLE_SCHEMA as referencedTableSchema,REFERENCED_TABLE_SCHEMA as referencedTableCatalog,REFERENCED_TABLE_NAME as referencedTableName,REFERENCED_COLUMN_NAME as referencedColumnName FROM INFORMATION_SCHEMA.KEY_COLUMN_USAGE where TABLE_NAME = 'admin_audit_logs' AND CONSTRAINT_NAME!='PRIMARY' AND CONSTRAINT_SCHEMA='pdflab' AND REFERENCED_TABLE_NAME IS NOT NULL;
Executing (default): SELECT CONSTRAINT_CATALOG AS constraintCatalog, CONSTRAINT_NAME AS constraintName, CONSTRAINT_SCHEMA AS constraintSchema, CONSTRAINT_TYPE AS constraintType, TABLE_NAME AS tableName, TABLE_SCHEMA AS tableSchema from INFORMATION_SCHEMA.TABLE_CONSTRAINTS WHERE table_name='admin_audit_logs' AND constraint_name = 'admin_audit_logs_ibfk_1' AND TABLE_SCHEMA = 'pdflab';
Executing (default): ALTER TABLE `admin_audit_logs` DROP FOREIGN KEY `admin_audit_logs_ibfk_1`;
Executing (default): ALTER TABLE `admin_audit_logs` ADD FOREIGN KEY (`admin_user_id`) REFERENCES `users` (`id`) ON DELETE CASCADE ON UPDATE CASCADE;
Executing (default): ALTER TABLE `admin_audit_logs` CHANGE `action` `action` VARCHAR(100) NOT NULL;
Executing (default): ALTER TABLE `admin_audit_logs` CHANGE `entity_type` `entity_type` VARCHAR(50) NOT NULL;
Executing (default): ALTER TABLE `admin_audit_logs` CHANGE `entity_id` `entity_id` CHAR(36) BINARY;
Executing (default): ALTER TABLE `admin_audit_logs` CHANGE `changes` `changes` JSON;
Executing (default): ALTER TABLE `admin_audit_logs` CHANGE `ip_address` `ip_address` VARCHAR(45);
Executing (default): ALTER TABLE `admin_audit_logs` CHANGE `user_agent` `user_agent` TEXT;
Executing (default): ALTER TABLE `admin_audit_logs` CHANGE `severity` `severity` ENUM('info', 'warning', 'critical') NOT NULL DEFAULT 'info';
Executing (default): ALTER TABLE `admin_audit_logs` CHANGE `checksum` `checksum` VARCHAR(64);
Executing (default): ALTER TABLE `admin_audit_logs` CHANGE `created_at` `created_at` DATETIME NOT NULL;
Executing (default): SHOW INDEX FROM `admin_audit_logs` FROM `pdflab`
Executing (default): SELECT TABLE_NAME FROM INFORMATION_SCHEMA.TABLES WHERE TABLE_TYPE = 'BASE TABLE' AND TABLE_NAME = 'system_health_logs' AND TABLE_SCHEMA = 'pdflab'
Executing (default): SHOW FULL COLUMNS FROM `system_health_logs`;
Executing (default): SELECT CONSTRAINT_NAME as constraint_name,CONSTRAINT_NAME as constraintName,CONSTRAINT_SCHEMA as constraintSchema,CONSTRAINT_SCHEMA as constraintCatalog,TABLE_NAME as tableName,TABLE_SCHEMA as tableSchema,TABLE_SCHEMA as tableCatalog,COLUMN_NAME as columnName,REFERENCED_TABLE_SCHEMA as referencedTableSchema,REFERENCED_TABLE_SCHEMA as referencedTableCatalog,REFERENCED_TABLE_NAME as referencedTableName,REFERENCED_COLUMN_NAME as referencedColumnName FROM INFORMATION_SCHEMA.KEY_COLUMN_USAGE where TABLE_NAME = 'system_health_logs' AND CONSTRAINT_NAME!='PRIMARY' AND CONSTRAINT_SCHEMA='pdflab' AND REFERENCED_TABLE_NAME IS NOT NULL;
Executing (default): ALTER TABLE `system_health_logs` CHANGE `metric_name` `metric_name` VARCHAR(100) NOT NULL;
Executing (default): ALTER TABLE `system_health_logs` CHANGE `metric_value` `metric_value` DECIMAL(10,2);
Executing (default): ALTER TABLE `system_health_logs` CHANGE `status` `status` ENUM('healthy', 'warning', 'critical') NOT NULL DEFAULT 'healthy';
Executing (default): ALTER TABLE `system_health_logs` CHANGE `details` `details` JSON;
Executing (default): ALTER TABLE `system_health_logs` CHANGE `created_at` `created_at` DATETIME NOT NULL;
Executing (default): SHOW INDEX FROM `system_health_logs` FROM `pdflab`
Executing (default): SELECT TABLE_NAME FROM INFORMATION_SCHEMA.TABLES WHERE TABLE_TYPE = 'BASE TABLE' AND TABLE_NAME = 'conversion_jobs' AND TABLE_SCHEMA = 'pdflab'
Executing (default): SHOW FULL COLUMNS FROM `conversion_jobs`;
Executing (default): SELECT CONSTRAINT_NAME as constraint_name,CONSTRAINT_NAME as constraintName,CONSTRAINT_SCHEMA as constraintSchema,CONSTRAINT_SCHEMA as constraintCatalog,TABLE_NAME as tableName,TABLE_SCHEMA as tableSchema,TABLE_SCHEMA as tableCatalog,COLUMN_NAME as columnName,REFERENCED_TABLE_SCHEMA as referencedTableSchema,REFERENCED_TABLE_SCHEMA as referencedTableCatalog,REFERENCED_TABLE_NAME as referencedTableName,REFERENCED_COLUMN_NAME as referencedColumnName FROM INFORMATION_SCHEMA.KEY_COLUMN_USAGE where TABLE_NAME = 'conversion_jobs' AND CONSTRAINT_NAME!='PRIMARY' AND CONSTRAINT_SCHEMA='pdflab' AND REFERENCED_TABLE_NAME IS NOT NULL;
Executing (default): SELECT CONSTRAINT_CATALOG AS constraintCatalog, CONSTRAINT_NAME AS constraintName, CONSTRAINT_SCHEMA AS constraintSchema, CONSTRAINT_TYPE AS constraintType, TABLE_NAME AS tableName, TABLE_SCHEMA AS tableSchema from INFORMATION_SCHEMA.TABLE_CONSTRAINTS WHERE table_name='conversion_jobs' AND constraint_name = 'conversion_jobs_ibfk_1' AND TABLE_SCHEMA = 'pdflab';
Executing (default): ALTER TABLE `conversion_jobs` DROP FOREIGN KEY `conversion_jobs_ibfk_1`;
Executing (default): ALTER TABLE `conversion_jobs` ADD FOREIGN KEY (`user_id`) REFERENCES `users` (`id`) ON DELETE CASCADE ON UPDATE CASCADE;
Executing (default): ALTER TABLE `conversion_jobs` CHANGE `type` `type` ENUM('pdf_to_pptx', 'pdf_to_docx', 'pdf_to_xlsx', 'pdf_to_images', 'pdf_merge') NOT NULL;
Executing (default): ALTER TABLE `conversion_jobs` CHANGE `status` `status` ENUM('pending', 'queued', 'processing', 'completed', 'failed') NOT NULL DEFAULT 'pending';
Executing (default): ALTER TABLE `conversion_jobs` CHANGE `progress` `progress` INTEGER NOT NULL DEFAULT 0;
Executing (default): ALTER TABLE `conversion_jobs` CHANGE `input_file` `input_file` VARCHAR(500);
Executing (default): ALTER TABLE `conversion_jobs` CHANGE `output_file` `output_file` VARCHAR(500);
Executing (default): ALTER TABLE `conversion_jobs` CHANGE `file_name` `file_name` VARCHAR(255) NOT NULL;
Executing (default): ALTER TABLE `conversion_jobs` CHANGE `file_size` `file_size` BIGINT NOT NULL;
Executing (default): ALTER TABLE `conversion_jobs` CHANGE `cloudconvert_job_id` `cloudconvert_job_id` VARCHAR(255);
Executing (default): ALTER TABLE `conversion_jobs` CHANGE `error_message` `error_message` TEXT;
Executing (default): ALTER TABLE `conversion_jobs` CHANGE `estimated_time` `estimated_time` INTEGER COMMENT 'Estimated processing time in seconds';
Executing (default): ALTER TABLE `conversion_jobs` CHANGE `processing_started_at` `processing_started_at` DATETIME;
Executing (default): ALTER TABLE `conversion_jobs` CHANGE `processing_completed_at` `processing_completed_at` DATETIME;
Executing (default): ALTER TABLE `conversion_jobs` CHANGE `created_at` `created_at` DATETIME NOT NULL;
Executing (default): ALTER TABLE `conversion_jobs` CHANGE `updated_at` `updated_at` DATETIME NOT NULL;
Executing (default): ALTER TABLE `conversion_jobs` CHANGE `expires_at` `expires_at` DATETIME NOT NULL;
Executing (default): SHOW INDEX FROM `conversion_jobs` FROM `pdflab`
Executing (default): SELECT TABLE_NAME FROM INFORMATION_SCHEMA.TABLES WHERE TABLE_TYPE = 'BASE TABLE' AND TABLE_NAME = 'usage_logs' AND TABLE_SCHEMA = 'pdflab'
Executing (default): SHOW FULL COLUMNS FROM `usage_logs`;
Executing (default): SELECT CONSTRAINT_NAME as constraint_name,CONSTRAINT_NAME as constraintName,CONSTRAINT_SCHEMA as constraintSchema,CONSTRAINT_SCHEMA as constraintCatalog,TABLE_NAME as tableName,TABLE_SCHEMA as tableSchema,TABLE_SCHEMA as tableCatalog,COLUMN_NAME as columnName,REFERENCED_TABLE_SCHEMA as referencedTableSchema,REFERENCED_TABLE_SCHEMA as referencedTableCatalog,REFERENCED_TABLE_NAME as referencedTableName,REFERENCED_COLUMN_NAME as referencedColumnName FROM INFORMATION_SCHEMA.KEY_COLUMN_USAGE where TABLE_NAME = 'usage_logs' AND CONSTRAINT_NAME!='PRIMARY' AND CONSTRAINT_SCHEMA='pdflab' AND REFERENCED_TABLE_NAME IS NOT NULL;
Executing (default): SELECT CONSTRAINT_CATALOG AS constraintCatalog, CONSTRAINT_NAME AS constraintName, CONSTRAINT_SCHEMA AS constraintSchema, CONSTRAINT_TYPE AS constraintType, TABLE_NAME AS tableName, TABLE_SCHEMA AS tableSchema from INFORMATION_SCHEMA.TABLE_CONSTRAINTS WHERE table_name='usage_logs' AND constraint_name = 'usage_logs_ibfk_53' AND TABLE_SCHEMA = 'pdflab';
Executing (default): ALTER TABLE `usage_logs` DROP FOREIGN KEY `usage_logs_ibfk_53`;
Executing (default): ALTER TABLE `usage_logs` ADD FOREIGN KEY (`user_id`) REFERENCES `users` (`id`) ON DELETE CASCADE ON UPDATE CASCADE;
Executing (default): SELECT CONSTRAINT_CATALOG AS constraintCatalog, CONSTRAINT_NAME AS constraintName, CONSTRAINT_SCHEMA AS constraintSchema, CONSTRAINT_TYPE AS constraintType, TABLE_NAME AS tableName, TABLE_SCHEMA AS tableSchema from INFORMATION_SCHEMA.TABLE_CONSTRAINTS WHERE table_name='usage_logs' AND constraint_name = 'usage_logs_ibfk_54' AND TABLE_SCHEMA = 'pdflab';
Executing (default): ALTER TABLE `usage_logs` DROP FOREIGN KEY `usage_logs_ibfk_54`;
Executing (default): ALTER TABLE `usage_logs` ADD FOREIGN KEY (`job_id`) REFERENCES `conversion_jobs` (`id`) ON DELETE SET NULL ON UPDATE CASCADE;
Executing (default): ALTER TABLE `usage_logs` CHANGE `operation_type` `operation_type` VARCHAR(50) NOT NULL;
Executing (default): ALTER TABLE `usage_logs` CHANGE `success` `success` TINYINT(1) NOT NULL DEFAULT false;
Executing (default): ALTER TABLE `usage_logs` CHANGE `processing_time` `processing_time` INTEGER COMMENT 'Processing time in milliseconds';
Executing (default): ALTER TABLE `usage_logs` CHANGE `file_size` `file_size` BIGINT NOT NULL;
Executing (default): ALTER TABLE `usage_logs` CHANGE `error_code` `error_code` VARCHAR(50);
Executing (default): ALTER TABLE `usage_logs` CHANGE `timestamp` `timestamp` DATETIME NOT NULL;
Executing (default): SHOW INDEX FROM `usage_logs` FROM `pdflab`
Executing (default): SELECT TABLE_NAME FROM INFORMATION_SCHEMA.TABLES WHERE TABLE_TYPE = 'BASE TABLE' AND TABLE_NAME = 'subscriptions' AND TABLE_SCHEMA = 'pdflab'
Executing (default): SHOW FULL COLUMNS FROM `subscriptions`;
Executing (default): SELECT CONSTRAINT_NAME as constraint_name,CONSTRAINT_NAME as constraintName,CONSTRAINT_SCHEMA as constraintSchema,CONSTRAINT_SCHEMA as constraintCatalog,TABLE_NAME as tableName,TABLE_SCHEMA as tableSchema,TABLE_SCHEMA as tableCatalog,COLUMN_NAME as columnName,REFERENCED_TABLE_SCHEMA as referencedTableSchema,REFERENCED_TABLE_SCHEMA as referencedTableCatalog,REFERENCED_TABLE_NAME as referencedTableName,REFERENCED_COLUMN_NAME as referencedColumnName FROM INFORMATION_SCHEMA.KEY_COLUMN_USAGE where TABLE_NAME = 'subscriptions' AND CONSTRAINT_NAME!='PRIMARY' AND CONSTRAINT_SCHEMA='pdflab' AND REFERENCED_TABLE_NAME IS NOT NULL;
Executing (default): SELECT CONSTRAINT_CATALOG AS constraintCatalog, CONSTRAINT_NAME AS constraintName, CONSTRAINT_SCHEMA AS constraintSchema, CONSTRAINT_TYPE AS constraintType, TABLE_NAME AS tableName, TABLE_SCHEMA AS tableSchema from INFORMATION_SCHEMA.TABLE_CONSTRAINTS WHERE table_name='subscriptions' AND constraint_name = 'subscriptions_ibfk_1' AND TABLE_SCHEMA = 'pdflab';
Executing (default): ALTER TABLE `subscriptions` DROP FOREIGN KEY `subscriptions_ibfk_1`;
Executing (default): ALTER TABLE `subscriptions` ADD FOREIGN KEY (`user_id`) REFERENCES `users` (`id`) ON DELETE CASCADE ON UPDATE CASCADE;
20:27:10 [tsx] change in ./src\services\guest-session.service.ts Restarting...
c⚠ Email service not configured - missing SMTP credentials
  Emails will be logged to console only (development mode)
🚀 Starting PDFLab Backend API...
Executing (default): SELECT 1+1 AS result
✓ Database connection established successfully
Executing (default): SELECT TABLE_NAME FROM INFORMATION_SCHEMA.TABLES WHERE TABLE_TYPE = 'BASE TABLE' AND TABLE_NAME = 'users' AND TABLE_SCHEMA = 'pdflab'
Executing (default): SHOW FULL COLUMNS FROM `users`;
Executing (default): SELECT CONSTRAINT_NAME as constraint_name,CONSTRAINT_NAME as constraintName,CONSTRAINT_SCHEMA as constraintSchema,CONSTRAINT_SCHEMA as constraintCatalog,TABLE_NAME as tableName,TABLE_SCHEMA as tableSchema,TABLE_SCHEMA as tableCatalog,COLUMN_NAME as columnName,REFERENCED_TABLE_SCHEMA as referencedTableSchema,REFERENCED_TABLE_SCHEMA as referencedTableCatalog,REFERENCED_TABLE_NAME as referencedTableName,REFERENCED_COLUMN_NAME as referencedColumnName FROM INFORMATION_SCHEMA.KEY_COLUMN_USAGE where TABLE_NAME = 'users' AND CONSTRAINT_NAME!='PRIMARY' AND CONSTRAINT_SCHEMA='pdflab' AND REFERENCED_TABLE_NAME IS NOT NULL;
Executing (default): ALTER TABLE `users` CHANGE `email` `email` VARCHAR(255) NOT NULL UNIQUE;
Executing (default): ALTER TABLE `users` CHANGE `password_hash` `password_hash` VARCHAR(255) NOT NULL;
Executing (default): ALTER TABLE `users` CHANGE `name` `name` VARCHAR(255);
Executing (default): ALTER TABLE `users` CHANGE `role` `role` ENUM('user', 'support', 'finance', 'admin', 'super_admin') NOT NULL DEFAULT 'user';
Executing (default): ALTER TABLE `users` CHANGE `plan` `plan` ENUM('free', 'starter', 'pro', 'enterprise') NOT NULL DEFAULT 'free';
Executing (default): ALTER TABLE `users` CHANGE `conversions_used` `conversions_used` INTEGER NOT NULL DEFAULT 0;
Executing (default): ALTER TABLE `users` CHANGE `conversions_limit` `conversions_limit` INTEGER NOT NULL DEFAULT 3;
Executing (default): ALTER TABLE `users` CHANGE `stripe_customer_id` `stripe_customer_id` VARCHAR(255);
Executing (default): ALTER TABLE `users` CHANGE `subscription_id` `subscription_id` VARCHAR(255);
Executing (default): ALTER TABLE `users` CHANGE `subscription_status` `subscription_status` ENUM('active', 'canceled', 'past_due', 'trialing');
Executing (default): ALTER TABLE `users` CHANGE `subscription_end_date` `subscription_end_date` DATETIME;
Executing (default): ALTER TABLE `users` CHANGE `failed_reset_attempts` `failed_reset_attempts` INTEGER NOT NULL DEFAULT 0;
Executing (default): ALTER TABLE `users` CHANGE `reset_locked_until` `reset_locked_until` DATETIME;
Executing (default): ALTER TABLE `users` CHANGE `created_at` `created_at` DATETIME NOT NULL;
Executing (default): ALTER TABLE `users` CHANGE `updated_at` `updated_at` DATETIME NOT NULL;
Executing (default): ALTER TABLE `users` CHANGE `last_login` `last_login` DATETIME;
Executing (default): SHOW INDEX FROM `users` FROM `pdflab`
Executing (default): SELECT TABLE_NAME FROM INFORMATION_SCHEMA.TABLES WHERE TABLE_TYPE = 'BASE TABLE' AND TABLE_NAME = 'admin_audit_logs' AND TABLE_SCHEMA = 'pdflab'
Executing (default): SHOW FULL COLUMNS FROM `admin_audit_logs`;
Executing (default): SELECT CONSTRAINT_NAME as constraint_name,CONSTRAINT_NAME as constraintName,CONSTRAINT_SCHEMA as constraintSchema,CONSTRAINT_SCHEMA as constraintCatalog,TABLE_NAME as tableName,TABLE_SCHEMA as tableSchema,TABLE_SCHEMA as tableCatalog,COLUMN_NAME as columnName,REFERENCED_TABLE_SCHEMA as referencedTableSchema,REFERENCED_TABLE_SCHEMA as referencedTableCatalog,REFERENCED_TABLE_NAME as referencedTableName,REFERENCED_COLUMN_NAME as referencedColumnName FROM INFORMATION_SCHEMA.KEY_COLUMN_USAGE where TABLE_NAME = 'admin_audit_logs' AND CONSTRAINT_NAME!='PRIMARY' AND CONSTRAINT_SCHEMA='pdflab' AND REFERENCED_TABLE_NAME IS NOT NULL;
Executing (default): SELECT CONSTRAINT_CATALOG AS constraintCatalog, CONSTRAINT_NAME AS constraintName, CONSTRAINT_SCHEMA AS constraintSchema, CONSTRAINT_TYPE AS constraintType, TABLE_NAME AS tableName, TABLE_SCHEMA AS tableSchema from INFORMATION_SCHEMA.TABLE_CONSTRAINTS WHERE table_name='admin_audit_logs' AND constraint_name = 'admin_audit_logs_ibfk_1' AND TABLE_SCHEMA = 'pdflab';
Executing (default): ALTER TABLE `admin_audit_logs` DROP FOREIGN KEY `admin_audit_logs_ibfk_1`;
Executing (default): ALTER TABLE `admin_audit_logs` ADD FOREIGN KEY (`admin_user_id`) REFERENCES `users` (`id`) ON DELETE CASCADE ON UPDATE CASCADE;
Executing (default): ALTER TABLE `admin_audit_logs` CHANGE `action` `action` VARCHAR(100) NOT NULL;
Executing (default): ALTER TABLE `admin_audit_logs` CHANGE `entity_type` `entity_type` VARCHAR(50) NOT NULL;
Executing (default): ALTER TABLE `admin_audit_logs` CHANGE `entity_id` `entity_id` CHAR(36) BINARY;
Executing (default): ALTER TABLE `admin_audit_logs` CHANGE `changes` `changes` JSON;
Executing (default): ALTER TABLE `admin_audit_logs` CHANGE `ip_address` `ip_address` VARCHAR(45);
Executing (default): ALTER TABLE `admin_audit_logs` CHANGE `user_agent` `user_agent` TEXT;
Executing (default): ALTER TABLE `admin_audit_logs` CHANGE `severity` `severity` ENUM('info', 'warning', 'critical') NOT NULL DEFAULT 'info';
Executing (default): ALTER TABLE `admin_audit_logs` CHANGE `checksum` `checksum` VARCHAR(64);
Executing (default): ALTER TABLE `admin_audit_logs` CHANGE `created_at` `created_at` DATETIME NOT NULL;
Executing (default): SHOW INDEX FROM `admin_audit_logs` FROM `pdflab`
Executing (default): SELECT TABLE_NAME FROM INFORMATION_SCHEMA.TABLES WHERE TABLE_TYPE = 'BASE TABLE' AND TABLE_NAME = 'system_health_logs' AND TABLE_SCHEMA = 'pdflab'
Executing (default): SHOW FULL COLUMNS FROM `system_health_logs`;
Executing (default): SELECT CONSTRAINT_NAME as constraint_name,CONSTRAINT_NAME as constraintName,CONSTRAINT_SCHEMA as constraintSchema,CONSTRAINT_SCHEMA as constraintCatalog,TABLE_NAME as tableName,TABLE_SCHEMA as tableSchema,TABLE_SCHEMA as tableCatalog,COLUMN_NAME as columnName,REFERENCED_TABLE_SCHEMA as referencedTableSchema,REFERENCED_TABLE_SCHEMA as referencedTableCatalog,REFERENCED_TABLE_NAME as referencedTableName,REFERENCED_COLUMN_NAME as referencedColumnName FROM INFORMATION_SCHEMA.KEY_COLUMN_USAGE where TABLE_NAME = 'system_health_logs' AND CONSTRAINT_NAME!='PRIMARY' AND CONSTRAINT_SCHEMA='pdflab' AND REFERENCED_TABLE_NAME IS NOT NULL;
Executing (default): ALTER TABLE `system_health_logs` CHANGE `metric_name` `metric_name` VARCHAR(100) NOT NULL;
Executing (default): ALTER TABLE `system_health_logs` CHANGE `metric_value` `metric_value` DECIMAL(10,2);
Executing (default): ALTER TABLE `system_health_logs` CHANGE `status` `status` ENUM('healthy', 'warning', 'critical') NOT NULL DEFAULT 'healthy';
Executing (default): ALTER TABLE `system_health_logs` CHANGE `details` `details` JSON;
Executing (default): ALTER TABLE `system_health_logs` CHANGE `created_at` `created_at` DATETIME NOT NULL;
Executing (default): SHOW INDEX FROM `system_health_logs` FROM `pdflab`
Executing (default): SELECT TABLE_NAME FROM INFORMATION_SCHEMA.TABLES WHERE TABLE_TYPE = 'BASE TABLE' AND TABLE_NAME = 'conversion_jobs' AND TABLE_SCHEMA = 'pdflab'
Executing (default): SHOW FULL COLUMNS FROM `conversion_jobs`;
Executing (default): SELECT CONSTRAINT_NAME as constraint_name,CONSTRAINT_NAME as constraintName,CONSTRAINT_SCHEMA as constraintSchema,CONSTRAINT_SCHEMA as constraintCatalog,TABLE_NAME as tableName,TABLE_SCHEMA as tableSchema,TABLE_SCHEMA as tableCatalog,COLUMN_NAME as columnName,REFERENCED_TABLE_SCHEMA as referencedTableSchema,REFERENCED_TABLE_SCHEMA as referencedTableCatalog,REFERENCED_TABLE_NAME as referencedTableName,REFERENCED_COLUMN_NAME as referencedColumnName FROM INFORMATION_SCHEMA.KEY_COLUMN_USAGE where TABLE_NAME = 'conversion_jobs' AND CONSTRAINT_NAME!='PRIMARY' AND CONSTRAINT_SCHEMA='pdflab' AND REFERENCED_TABLE_NAME IS NOT NULL;
Executing (default): SELECT CONSTRAINT_CATALOG AS constraintCatalog, CONSTRAINT_NAME AS constraintName, CONSTRAINT_SCHEMA AS constraintSchema, CONSTRAINT_TYPE AS constraintType, TABLE_NAME AS tableName, TABLE_SCHEMA AS tableSchema from INFORMATION_SCHEMA.TABLE_CONSTRAINTS WHERE table_name='conversion_jobs' AND constraint_name = 'conversion_jobs_ibfk_1' AND TABLE_SCHEMA = 'pdflab';
Executing (default): ALTER TABLE `conversion_jobs` DROP FOREIGN KEY `conversion_jobs_ibfk_1`;
Executing (default): ALTER TABLE `conversion_jobs` ADD FOREIGN KEY (`user_id`) REFERENCES `users` (`id`) ON DELETE CASCADE ON UPDATE CASCADE;
Executing (default): ALTER TABLE `conversion_jobs` CHANGE `type` `type` ENUM('pdf_to_pptx', 'pdf_to_docx', 'pdf_to_xlsx', 'pdf_to_images', 'pdf_merge') NOT NULL;
Executing (default): ALTER TABLE `conversion_jobs` CHANGE `status` `status` ENUM('pending', 'queued', 'processing', 'completed', 'failed') NOT NULL DEFAULT 'pending';
Executing (default): ALTER TABLE `conversion_jobs` CHANGE `progress` `progress` INTEGER NOT NULL DEFAULT 0;
Executing (default): ALTER TABLE `conversion_jobs` CHANGE `input_file` `input_file` VARCHAR(500);
Executing (default): ALTER TABLE `conversion_jobs` CHANGE `output_file` `output_file` VARCHAR(500);
Executing (default): ALTER TABLE `conversion_jobs` CHANGE `file_name` `file_name` VARCHAR(255) NOT NULL;
Executing (default): ALTER TABLE `conversion_jobs` CHANGE `file_size` `file_size` BIGINT NOT NULL;
Executing (default): ALTER TABLE `conversion_jobs` CHANGE `cloudconvert_job_id` `cloudconvert_job_id` VARCHAR(255);
Executing (default): ALTER TABLE `conversion_jobs` CHANGE `error_message` `error_message` TEXT;
Executing (default): ALTER TABLE `conversion_jobs` CHANGE `estimated_time` `estimated_time` INTEGER COMMENT 'Estimated processing time in seconds';
Executing (default): ALTER TABLE `conversion_jobs` CHANGE `processing_started_at` `processing_started_at` DATETIME;
Executing (default): ALTER TABLE `conversion_jobs` CHANGE `processing_completed_at` `processing_completed_at` DATETIME;
Executing (default): ALTER TABLE `conversion_jobs` CHANGE `created_at` `created_at` DATETIME NOT NULL;
Executing (default): ALTER TABLE `conversion_jobs` CHANGE `updated_at` `updated_at` DATETIME NOT NULL;
Executing (default): ALTER TABLE `conversion_jobs` CHANGE `expires_at` `expires_at` DATETIME NOT NULL;
Executing (default): SHOW INDEX FROM `conversion_jobs` FROM `pdflab`
Executing (default): SELECT TABLE_NAME FROM INFORMATION_SCHEMA.TABLES WHERE TABLE_TYPE = 'BASE TABLE' AND TABLE_NAME = 'usage_logs' AND TABLE_SCHEMA = 'pdflab'
Executing (default): SHOW FULL COLUMNS FROM `usage_logs`;
Executing (default): SELECT CONSTRAINT_NAME as constraint_name,CONSTRAINT_NAME as constraintName,CONSTRAINT_SCHEMA as constraintSchema,CONSTRAINT_SCHEMA as constraintCatalog,TABLE_NAME as tableName,TABLE_SCHEMA as tableSchema,TABLE_SCHEMA as tableCatalog,COLUMN_NAME as columnName,REFERENCED_TABLE_SCHEMA as referencedTableSchema,REFERENCED_TABLE_SCHEMA as referencedTableCatalog,REFERENCED_TABLE_NAME as referencedTableName,REFERENCED_COLUMN_NAME as referencedColumnName FROM INFORMATION_SCHEMA.KEY_COLUMN_USAGE where TABLE_NAME = 'usage_logs' AND CONSTRAINT_NAME!='PRIMARY' AND CONSTRAINT_SCHEMA='pdflab' AND REFERENCED_TABLE_NAME IS NOT NULL;
Executing (default): SELECT CONSTRAINT_CATALOG AS constraintCatalog, CONSTRAINT_NAME AS constraintName, CONSTRAINT_SCHEMA AS constraintSchema, CONSTRAINT_TYPE AS constraintType, TABLE_NAME AS tableName, TABLE_SCHEMA AS tableSchema from INFORMATION_SCHEMA.TABLE_CONSTRAINTS WHERE table_name='usage_logs' AND constraint_name = 'usage_logs_ibfk_55' AND TABLE_SCHEMA = 'pdflab';
Executing (default): ALTER TABLE `usage_logs` DROP FOREIGN KEY `usage_logs_ibfk_55`;
Executing (default): ALTER TABLE `usage_logs` ADD FOREIGN KEY (`user_id`) REFERENCES `users` (`id`) ON DELETE CASCADE ON UPDATE CASCADE;
Executing (default): SELECT CONSTRAINT_CATALOG AS constraintCatalog, CONSTRAINT_NAME AS constraintName, CONSTRAINT_SCHEMA AS constraintSchema, CONSTRAINT_TYPE AS constraintType, TABLE_NAME AS tableName, TABLE_SCHEMA AS tableSchema from INFORMATION_SCHEMA.TABLE_CONSTRAINTS WHERE table_name='usage_logs' AND constraint_name = 'usage_logs_ibfk_56' AND TABLE_SCHEMA = 'pdflab';
Executing (default): ALTER TABLE `usage_logs` DROP FOREIGN KEY `usage_logs_ibfk_56`;
Executing (default): ALTER TABLE `usage_logs` ADD FOREIGN KEY (`job_id`) REFERENCES `conversion_jobs` (`id`) ON DELETE SET NULL ON UPDATE CASCADE;
Executing (default): ALTER TABLE `usage_logs` CHANGE `operation_type` `operation_type` VARCHAR(50) NOT NULL;
Executing (default): ALTER TABLE `usage_logs` CHANGE `success` `success` TINYINT(1) NOT NULL DEFAULT false;
Executing (default): ALTER TABLE `usage_logs` CHANGE `processing_time` `processing_time` INTEGER COMMENT 'Processing time in milliseconds';
Executing (default): ALTER TABLE `usage_logs` CHANGE `file_size` `file_size` BIGINT NOT NULL;
Executing (default): ALTER TABLE `usage_logs` CHANGE `error_code` `error_code` VARCHAR(50);
Executing (default): ALTER TABLE `usage_logs` CHANGE `timestamp` `timestamp` DATETIME NOT NULL;
Executing (default): SHOW INDEX FROM `usage_logs` FROM `pdflab`
Executing (default): SELECT TABLE_NAME FROM INFORMATION_SCHEMA.TABLES WHERE TABLE_TYPE = 'BASE TABLE' AND TABLE_NAME = 'subscriptions' AND TABLE_SCHEMA = 'pdflab'
Executing (default): SHOW FULL COLUMNS FROM `subscriptions`;
Executing (default): SELECT CONSTRAINT_NAME as constraint_name,CONSTRAINT_NAME as constraintName,CONSTRAINT_SCHEMA as constraintSchema,CONSTRAINT_SCHEMA as constraintCatalog,TABLE_NAME as tableName,TABLE_SCHEMA as tableSchema,TABLE_SCHEMA as tableCatalog,COLUMN_NAME as columnName,REFERENCED_TABLE_SCHEMA as referencedTableSchema,REFERENCED_TABLE_SCHEMA as referencedTableCatalog,REFERENCED_TABLE_NAME as referencedTableName,REFERENCED_COLUMN_NAME as referencedColumnName FROM INFORMATION_SCHEMA.KEY_COLUMN_USAGE where TABLE_NAME = 'subscriptions' AND CONSTRAINT_NAME!='PRIMARY' AND CONSTRAINT_SCHEMA='pdflab' AND REFERENCED_TABLE_NAME IS NOT NULL;
Executing (default): SELECT CONSTRAINT_CATALOG AS constraintCatalog, CONSTRAINT_NAME AS constraintName, CONSTRAINT_SCHEMA AS constraintSchema, CONSTRAINT_TYPE AS constraintType, TABLE_NAME AS tableName, TABLE_SCHEMA AS tableSchema from INFORMATION_SCHEMA.TABLE_CONSTRAINTS WHERE table_name='subscriptions' AND constraint_name = 'subscriptions_ibfk_1' AND TABLE_SCHEMA = 'pdflab';
Executing (default): ALTER TABLE `subscriptions` DROP FOREIGN KEY `subscriptions_ibfk_1`;
Executing (default): ALTER TABLE `subscriptions` ADD FOREIGN KEY (`user_id`) REFERENCES `users` (`id`) ON DELETE CASCADE ON UPDATE CASCADE;
Executing (default): ALTER TABLE `subscriptions` CHANGE `plan` `plan` ENUM('free', 'starter', 'pro', 'enterprise') NOT NULL DEFAULT 'free';
Executing (default): ALTER TABLE `subscriptions` CHANGE `status` `status` ENUM('active', 'canceled', 'past_due', 'trialing', 'pending') NOT NULL DEFAULT 'pending';
Executing (default): ALTER TABLE `subscriptions` CHANGE `payfast_token` `payfast_token` VARCHAR(255) COMMENT 'PayFast subscription token for recurring payments';
Executing (default): ALTER TABLE `subscriptions` CHANGE `payfast_subscription_id` `payfast_subscription_id` VARCHAR(255) COMMENT 'PayFast subscription ID';
Executing (default): ALTER TABLE `subscriptions` CHANGE `amount` `amount` DECIMAL(10,2) NOT NULL COMMENT 'Subscription amount in currency';
Executing (default): ALTER TABLE `subscriptions` CHANGE `currency` `currency` VARCHAR(3) NOT NULL DEFAULT 'USD' COMMENT 'Currency code (USD for United States Dollar)';
Executing (default): ALTER TABLE `subscriptions` CHANGE `billing_date` `billing_date` DATETIME COMMENT 'First billing date';
Executing (default): ALTER TABLE `subscriptions` CHANGE `next_billing_date` `next_billing_date` DATETIME COMMENT 'Next billing date for recurring subscription';
20:27:19 [tsx] change in ./src\services\guest-session.service.ts Restarting...
c⚠ Email service not configured - missing SMTP credentials
  Emails will be logged to console only (development mode)
🚀 Starting PDFLab Backend API...
Executing (default): SELECT 1+1 AS result
✓ Database connection established successfully
Executing (default): SELECT TABLE_NAME FROM INFORMATION_SCHEMA.TABLES WHERE TABLE_TYPE = 'BASE TABLE' AND TABLE_NAME = 'users' AND TABLE_SCHEMA = 'pdflab'
Executing (default): SHOW FULL COLUMNS FROM `users`;
Executing (default): SELECT CONSTRAINT_NAME as constraint_name,CONSTRAINT_NAME as constraintName,CONSTRAINT_SCHEMA as constraintSchema,CONSTRAINT_SCHEMA as constraintCatalog,TABLE_NAME as tableName,TABLE_SCHEMA as tableSchema,TABLE_SCHEMA as tableCatalog,COLUMN_NAME as columnName,REFERENCED_TABLE_SCHEMA as referencedTableSchema,REFERENCED_TABLE_SCHEMA as referencedTableCatalog,REFERENCED_TABLE_NAME as referencedTableName,REFERENCED_COLUMN_NAME as referencedColumnName FROM INFORMATION_SCHEMA.KEY_COLUMN_USAGE where TABLE_NAME = 'users' AND CONSTRAINT_NAME!='PRIMARY' AND CONSTRAINT_SCHEMA='pdflab' AND REFERENCED_TABLE_NAME IS NOT NULL;
Executing (default): ALTER TABLE `users` CHANGE `email` `email` VARCHAR(255) NOT NULL UNIQUE;
Executing (default): ALTER TABLE `users` CHANGE `password_hash` `password_hash` VARCHAR(255) NOT NULL;
Executing (default): ALTER TABLE `users` CHANGE `name` `name` VARCHAR(255);
Executing (default): ALTER TABLE `users` CHANGE `role` `role` ENUM('user', 'support', 'finance', 'admin', 'super_admin') NOT NULL DEFAULT 'user';
Executing (default): ALTER TABLE `users` CHANGE `plan` `plan` ENUM('free', 'starter', 'pro', 'enterprise') NOT NULL DEFAULT 'free';
Executing (default): ALTER TABLE `users` CHANGE `conversions_used` `conversions_used` INTEGER NOT NULL DEFAULT 0;
Executing (default): ALTER TABLE `users` CHANGE `conversions_limit` `conversions_limit` INTEGER NOT NULL DEFAULT 3;
Executing (default): ALTER TABLE `users` CHANGE `stripe_customer_id` `stripe_customer_id` VARCHAR(255);
Executing (default): ALTER TABLE `users` CHANGE `subscription_id` `subscription_id` VARCHAR(255);
Executing (default): ALTER TABLE `users` CHANGE `subscription_status` `subscription_status` ENUM('active', 'canceled', 'past_due', 'trialing');
Executing (default): ALTER TABLE `users` CHANGE `subscription_end_date` `subscription_end_date` DATETIME;
Executing (default): ALTER TABLE `users` CHANGE `failed_reset_attempts` `failed_reset_attempts` INTEGER NOT NULL DEFAULT 0;
Executing (default): ALTER TABLE `users` CHANGE `reset_locked_until` `reset_locked_until` DATETIME;
Executing (default): ALTER TABLE `users` CHANGE `created_at` `created_at` DATETIME NOT NULL;
Executing (default): ALTER TABLE `users` CHANGE `updated_at` `updated_at` DATETIME NOT NULL;
Executing (default): ALTER TABLE `users` CHANGE `last_login` `last_login` DATETIME;
Executing (default): SHOW INDEX FROM `users` FROM `pdflab`
Executing (default): SELECT TABLE_NAME FROM INFORMATION_SCHEMA.TABLES WHERE TABLE_TYPE = 'BASE TABLE' AND TABLE_NAME = 'admin_audit_logs' AND TABLE_SCHEMA = 'pdflab'
Executing (default): SHOW FULL COLUMNS FROM `admin_audit_logs`;
Executing (default): SELECT CONSTRAINT_NAME as constraint_name,CONSTRAINT_NAME as constraintName,CONSTRAINT_SCHEMA as constraintSchema,CONSTRAINT_SCHEMA as constraintCatalog,TABLE_NAME as tableName,TABLE_SCHEMA as tableSchema,TABLE_SCHEMA as tableCatalog,COLUMN_NAME as columnName,REFERENCED_TABLE_SCHEMA as referencedTableSchema,REFERENCED_TABLE_SCHEMA as referencedTableCatalog,REFERENCED_TABLE_NAME as referencedTableName,REFERENCED_COLUMN_NAME as referencedColumnName FROM INFORMATION_SCHEMA.KEY_COLUMN_USAGE where TABLE_NAME = 'admin_audit_logs' AND CONSTRAINT_NAME!='PRIMARY' AND CONSTRAINT_SCHEMA='pdflab' AND REFERENCED_TABLE_NAME IS NOT NULL;
Executing (default): SELECT CONSTRAINT_CATALOG AS constraintCatalog, CONSTRAINT_NAME AS constraintName, CONSTRAINT_SCHEMA AS constraintSchema, CONSTRAINT_TYPE AS constraintType, TABLE_NAME AS tableName, TABLE_SCHEMA AS tableSchema from INFORMATION_SCHEMA.TABLE_CONSTRAINTS WHERE table_name='admin_audit_logs' AND constraint_name = 'admin_audit_logs_ibfk_1' AND TABLE_SCHEMA = 'pdflab';
Executing (default): ALTER TABLE `admin_audit_logs` DROP FOREIGN KEY `admin_audit_logs_ibfk_1`;
Executing (default): ALTER TABLE `admin_audit_logs` ADD FOREIGN KEY (`admin_user_id`) REFERENCES `users` (`id`) ON DELETE CASCADE ON UPDATE CASCADE;
Executing (default): ALTER TABLE `admin_audit_logs` CHANGE `action` `action` VARCHAR(100) NOT NULL;
Executing (default): ALTER TABLE `admin_audit_logs` CHANGE `entity_type` `entity_type` VARCHAR(50) NOT NULL;
Executing (default): ALTER TABLE `admin_audit_logs` CHANGE `entity_id` `entity_id` CHAR(36) BINARY;
Executing (default): ALTER TABLE `admin_audit_logs` CHANGE `changes` `changes` JSON;
Executing (default): ALTER TABLE `admin_audit_logs` CHANGE `ip_address` `ip_address` VARCHAR(45);
Executing (default): ALTER TABLE `admin_audit_logs` CHANGE `user_agent` `user_agent` TEXT;
Executing (default): ALTER TABLE `admin_audit_logs` CHANGE `severity` `severity` ENUM('info', 'warning', 'critical') NOT NULL DEFAULT 'info';
Executing (default): ALTER TABLE `admin_audit_logs` CHANGE `checksum` `checksum` VARCHAR(64);
Executing (default): ALTER TABLE `admin_audit_logs` CHANGE `created_at` `created_at` DATETIME NOT NULL;
Executing (default): SHOW INDEX FROM `admin_audit_logs` FROM `pdflab`
Executing (default): SELECT TABLE_NAME FROM INFORMATION_SCHEMA.TABLES WHERE TABLE_TYPE = 'BASE TABLE' AND TABLE_NAME = 'system_health_logs' AND TABLE_SCHEMA = 'pdflab'
Executing (default): SHOW FULL COLUMNS FROM `system_health_logs`;
Executing (default): SELECT CONSTRAINT_NAME as constraint_name,CONSTRAINT_NAME as constraintName,CONSTRAINT_SCHEMA as constraintSchema,CONSTRAINT_SCHEMA as constraintCatalog,TABLE_NAME as tableName,TABLE_SCHEMA as tableSchema,TABLE_SCHEMA as tableCatalog,COLUMN_NAME as columnName,REFERENCED_TABLE_SCHEMA as referencedTableSchema,REFERENCED_TABLE_SCHEMA as referencedTableCatalog,REFERENCED_TABLE_NAME as referencedTableName,REFERENCED_COLUMN_NAME as referencedColumnName FROM INFORMATION_SCHEMA.KEY_COLUMN_USAGE where TABLE_NAME = 'system_health_logs' AND CONSTRAINT_NAME!='PRIMARY' AND CONSTRAINT_SCHEMA='pdflab' AND REFERENCED_TABLE_NAME IS NOT NULL;
Executing (default): ALTER TABLE `system_health_logs` CHANGE `metric_name` `metric_name` VARCHAR(100) NOT NULL;
Executing (default): ALTER TABLE `system_health_logs` CHANGE `metric_value` `metric_value` DECIMAL(10,2);
Executing (default): ALTER TABLE `system_health_logs` CHANGE `status` `status` ENUM('healthy', 'warning', 'critical') NOT NULL DEFAULT 'healthy';
Executing (default): ALTER TABLE `system_health_logs` CHANGE `details` `details` JSON;
Executing (default): ALTER TABLE `system_health_logs` CHANGE `created_at` `created_at` DATETIME NOT NULL;
Executing (default): SHOW INDEX FROM `system_health_logs` FROM `pdflab`
Executing (default): SELECT TABLE_NAME FROM INFORMATION_SCHEMA.TABLES WHERE TABLE_TYPE = 'BASE TABLE' AND TABLE_NAME = 'conversion_jobs' AND TABLE_SCHEMA = 'pdflab'
Executing (default): SHOW FULL COLUMNS FROM `conversion_jobs`;
Executing (default): SELECT CONSTRAINT_NAME as constraint_name,CONSTRAINT_NAME as constraintName,CONSTRAINT_SCHEMA as constraintSchema,CONSTRAINT_SCHEMA as constraintCatalog,TABLE_NAME as tableName,TABLE_SCHEMA as tableSchema,TABLE_SCHEMA as tableCatalog,COLUMN_NAME as columnName,REFERENCED_TABLE_SCHEMA as referencedTableSchema,REFERENCED_TABLE_SCHEMA as referencedTableCatalog,REFERENCED_TABLE_NAME as referencedTableName,REFERENCED_COLUMN_NAME as referencedColumnName FROM INFORMATION_SCHEMA.KEY_COLUMN_USAGE where TABLE_NAME = 'conversion_jobs' AND CONSTRAINT_NAME!='PRIMARY' AND CONSTRAINT_SCHEMA='pdflab' AND REFERENCED_TABLE_NAME IS NOT NULL;
Executing (default): SELECT CONSTRAINT_CATALOG AS constraintCatalog, CONSTRAINT_NAME AS constraintName, CONSTRAINT_SCHEMA AS constraintSchema, CONSTRAINT_TYPE AS constraintType, TABLE_NAME AS tableName, TABLE_SCHEMA AS tableSchema from INFORMATION_SCHEMA.TABLE_CONSTRAINTS WHERE table_name='conversion_jobs' AND constraint_name = 'conversion_jobs_ibfk_1' AND TABLE_SCHEMA = 'pdflab';
Executing (default): ALTER TABLE `conversion_jobs` DROP FOREIGN KEY `conversion_jobs_ibfk_1`;
Executing (default): ALTER TABLE `conversion_jobs` ADD FOREIGN KEY (`user_id`) REFERENCES `users` (`id`) ON DELETE CASCADE ON UPDATE CASCADE;
Executing (default): ALTER TABLE `conversion_jobs` CHANGE `type` `type` ENUM('pdf_to_pptx', 'pdf_to_docx', 'pdf_to_xlsx', 'pdf_to_images', 'pdf_merge') NOT NULL;
Executing (default): ALTER TABLE `conversion_jobs` CHANGE `status` `status` ENUM('pending', 'queued', 'processing', 'completed', 'failed') NOT NULL DEFAULT 'pending';
Executing (default): ALTER TABLE `conversion_jobs` CHANGE `progress` `progress` INTEGER NOT NULL DEFAULT 0;
Executing (default): ALTER TABLE `conversion_jobs` CHANGE `input_file` `input_file` VARCHAR(500);
Executing (default): ALTER TABLE `conversion_jobs` CHANGE `output_file` `output_file` VARCHAR(500);
Executing (default): ALTER TABLE `conversion_jobs` CHANGE `file_name` `file_name` VARCHAR(255) NOT NULL;
Executing (default): ALTER TABLE `conversion_jobs` CHANGE `file_size` `file_size` BIGINT NOT NULL;
Executing (default): ALTER TABLE `conversion_jobs` CHANGE `cloudconvert_job_id` `cloudconvert_job_id` VARCHAR(255);
Executing (default): ALTER TABLE `conversion_jobs` CHANGE `error_message` `error_message` TEXT;
Executing (default): ALTER TABLE `conversion_jobs` CHANGE `estimated_time` `estimated_time` INTEGER COMMENT 'Estimated processing time in seconds';
Executing (default): ALTER TABLE `conversion_jobs` CHANGE `processing_started_at` `processing_started_at` DATETIME;
Executing (default): ALTER TABLE `conversion_jobs` CHANGE `processing_completed_at` `processing_completed_at` DATETIME;
Executing (default): ALTER TABLE `conversion_jobs` CHANGE `created_at` `created_at` DATETIME NOT NULL;
Executing (default): ALTER TABLE `conversion_jobs` CHANGE `updated_at` `updated_at` DATETIME NOT NULL;
Executing (default): ALTER TABLE `conversion_jobs` CHANGE `expires_at` `expires_at` DATETIME NOT NULL;
Executing (default): SHOW INDEX FROM `conversion_jobs` FROM `pdflab`
Executing (default): SELECT TABLE_NAME FROM INFORMATION_SCHEMA.TABLES WHERE TABLE_TYPE = 'BASE TABLE' AND TABLE_NAME = 'usage_logs' AND TABLE_SCHEMA = 'pdflab'
Executing (default): SHOW FULL COLUMNS FROM `usage_logs`;
Executing (default): SELECT CONSTRAINT_NAME as constraint_name,CONSTRAINT_NAME as constraintName,CONSTRAINT_SCHEMA as constraintSchema,CONSTRAINT_SCHEMA as constraintCatalog,TABLE_NAME as tableName,TABLE_SCHEMA as tableSchema,TABLE_SCHEMA as tableCatalog,COLUMN_NAME as columnName,REFERENCED_TABLE_SCHEMA as referencedTableSchema,REFERENCED_TABLE_SCHEMA as referencedTableCatalog,REFERENCED_TABLE_NAME as referencedTableName,REFERENCED_COLUMN_NAME as referencedColumnName FROM INFORMATION_SCHEMA.KEY_COLUMN_USAGE where TABLE_NAME = 'usage_logs' AND CONSTRAINT_NAME!='PRIMARY' AND CONSTRAINT_SCHEMA='pdflab' AND REFERENCED_TABLE_NAME IS NOT NULL;
Executing (default): SELECT CONSTRAINT_CATALOG AS constraintCatalog, CONSTRAINT_NAME AS constraintName, CONSTRAINT_SCHEMA AS constraintSchema, CONSTRAINT_TYPE AS constraintType, TABLE_NAME AS tableName, TABLE_SCHEMA AS tableSchema from INFORMATION_SCHEMA.TABLE_CONSTRAINTS WHERE table_name='usage_logs' AND constraint_name = 'usage_logs_ibfk_57' AND TABLE_SCHEMA = 'pdflab';
Executing (default): ALTER TABLE `usage_logs` DROP FOREIGN KEY `usage_logs_ibfk_57`;
Executing (default): ALTER TABLE `usage_logs` ADD FOREIGN KEY (`user_id`) REFERENCES `users` (`id`) ON DELETE CASCADE ON UPDATE CASCADE;
Executing (default): SELECT CONSTRAINT_CATALOG AS constraintCatalog, CONSTRAINT_NAME AS constraintName, CONSTRAINT_SCHEMA AS constraintSchema, CONSTRAINT_TYPE AS constraintType, TABLE_NAME AS tableName, TABLE_SCHEMA AS tableSchema from INFORMATION_SCHEMA.TABLE_CONSTRAINTS WHERE table_name='usage_logs' AND constraint_name = 'usage_logs_ibfk_58' AND TABLE_SCHEMA = 'pdflab';
Executing (default): ALTER TABLE `usage_logs` DROP FOREIGN KEY `usage_logs_ibfk_58`;
Executing (default): ALTER TABLE `usage_logs` ADD FOREIGN KEY (`job_id`) REFERENCES `conversion_jobs` (`id`) ON DELETE SET NULL ON UPDATE CASCADE;
Executing (default): ALTER TABLE `usage_logs` CHANGE `operation_type` `operation_type` VARCHAR(50) NOT NULL;
Executing (default): ALTER TABLE `usage_logs` CHANGE `success` `success` TINYINT(1) NOT NULL DEFAULT false;
Executing (default): ALTER TABLE `usage_logs` CHANGE `processing_time` `processing_time` INTEGER COMMENT 'Processing time in milliseconds';
Executing (default): ALTER TABLE `usage_logs` CHANGE `file_size` `file_size` BIGINT NOT NULL;
Executing (default): ALTER TABLE `usage_logs` CHANGE `error_code` `error_code` VARCHAR(50);
Executing (default): ALTER TABLE `usage_logs` CHANGE `timestamp` `timestamp` DATETIME NOT NULL;
Executing (default): SHOW INDEX FROM `usage_logs` FROM `pdflab`
Executing (default): SELECT TABLE_NAME FROM INFORMATION_SCHEMA.TABLES WHERE TABLE_TYPE = 'BASE TABLE' AND TABLE_NAME = 'subscriptions' AND TABLE_SCHEMA = 'pdflab'
Executing (default): SHOW FULL COLUMNS FROM `subscriptions`;
Executing (default): SELECT CONSTRAINT_NAME as constraint_name,CONSTRAINT_NAME as constraintName,CONSTRAINT_SCHEMA as constraintSchema,CONSTRAINT_SCHEMA as constraintCatalog,TABLE_NAME as tableName,TABLE_SCHEMA as tableSchema,TABLE_SCHEMA as tableCatalog,COLUMN_NAME as columnName,REFERENCED_TABLE_SCHEMA as referencedTableSchema,REFERENCED_TABLE_SCHEMA as referencedTableCatalog,REFERENCED_TABLE_NAME as referencedTableName,REFERENCED_COLUMN_NAME as referencedColumnName FROM INFORMATION_SCHEMA.KEY_COLUMN_USAGE where TABLE_NAME = 'subscriptions' AND CONSTRAINT_NAME!='PRIMARY' AND CONSTRAINT_SCHEMA='pdflab' AND REFERENCED_TABLE_NAME IS NOT NULL;
Executing (default): SELECT CONSTRAINT_CATALOG AS constraintCatalog, CONSTRAINT_NAME AS constraintName, CONSTRAINT_SCHEMA AS constraintSchema, CONSTRAINT_TYPE AS constraintType, TABLE_NAME AS tableName, TABLE_SCHEMA AS tableSchema from INFORMATION_SCHEMA.TABLE_CONSTRAINTS WHERE table_name='subscriptions' AND constraint_name = 'subscriptions_ibfk_1' AND TABLE_SCHEMA = 'pdflab';
Executing (default): ALTER TABLE `subscriptions` DROP FOREIGN KEY `subscriptions_ibfk_1`;
Executing (default): ALTER TABLE `subscriptions` ADD FOREIGN KEY (`user_id`) REFERENCES `users` (`id`) ON DELETE CASCADE ON UPDATE CASCADE;
Executing (default): ALTER TABLE `subscriptions` CHANGE `plan` `plan` ENUM('free', 'starter', 'pro', 'enterprise') NOT NULL DEFAULT 'free';
Executing (default): ALTER TABLE `subscriptions` CHANGE `status` `status` ENUM('active', 'canceled', 'past_due', 'trialing', 'pending') NOT NULL DEFAULT 'pending';
Executing (default): ALTER TABLE `subscriptions` CHANGE `payfast_token` `payfast_token` VARCHAR(255) COMMENT 'PayFast subscription token for recurring payments';
Executing (default): ALTER TABLE `subscriptions` CHANGE `payfast_subscription_id` `payfast_subscription_id` VARCHAR(255) COMMENT 'PayFast subscription ID';
Executing (default): ALTER TABLE `subscriptions` CHANGE `amount` `amount` DECIMAL(10,2) NOT NULL COMMENT 'Subscription amount in currency';
Executing (default): ALTER TABLE `subscriptions` CHANGE `currency` `currency` VARCHAR(3) NOT NULL DEFAULT 'USD' COMMENT 'Currency code (USD for United States Dollar)';
Executing (default): ALTER TABLE `subscriptions` CHANGE `billing_date` `billing_date` DATETIME COMMENT 'First billing date';
Executing (default): ALTER TABLE `subscriptions` CHANGE `next_billing_date` `next_billing_date` DATETIME COMMENT 'Next billing date for recurring subscription';
Executing (default): ALTER TABLE `subscriptions` CHANGE `cancel_at` `cancel_at` DATETIME COMMENT 'Scheduled cancellation date';
Executing (default): ALTER TABLE `subscriptions` CHANGE `canceled_at` `canceled_at` DATETIME COMMENT 'Actual cancellation timestamp';
Executing (default): ALTER TABLE `subscriptions` CHANGE `trial_end` `trial_end` DATETIME COMMENT 'Trial period end date';
Executing (default): ALTER TABLE `subscriptions` CHANGE `started_at` `started_at` DATETIME NOT NULL COMMENT 'Subscription start date';
Executing (default): ALTER TABLE `subscriptions` CHANGE `ended_at` `ended_at` DATETIME COMMENT 'Subscription end date (if canceled)';
Executing (default): ALTER TABLE `subscriptions` CHANGE `created_at` `created_at` DATETIME NOT NULL;
Executing (default): ALTER TABLE `subscriptions` CHANGE `updated_at` `updated_at` DATETIME NOT NULL;
Executing (default): SHOW INDEX FROM `subscriptions` FROM `pdflab`
Executing (default): SELECT TABLE_NAME FROM INFORMATION_SCHEMA.TABLES WHERE TABLE_TYPE = 'BASE TABLE' AND TABLE_NAME = 'payment_logs' AND TABLE_SCHEMA = 'pdflab'
Executing (default): SHOW FULL COLUMNS FROM `payment_logs`;
Executing (default): SELECT CONSTRAINT_NAME as constraint_name,CONSTRAINT_NAME as constraintName,CONSTRAINT_SCHEMA as constraintSchema,CONSTRAINT_SCHEMA as constraintCatalog,TABLE_NAME as tableName,TABLE_SCHEMA as tableSchema,TABLE_SCHEMA as tableCatalog,COLUMN_NAME as columnName,REFERENCED_TABLE_SCHEMA as referencedTableSchema,REFERENCED_TABLE_SCHEMA as referencedTableCatalog,REFERENCED_TABLE_NAME as referencedTableName,REFERENCED_COLUMN_NAME as referencedColumnName FROM INFORMATION_SCHEMA.KEY_COLUMN_USAGE where TABLE_NAME = 'payment_logs' AND CONSTRAINT_NAME!='PRIMARY' AND CONSTRAINT_SCHEMA='pdflab' AND REFERENCED_TABLE_NAME IS NOT NULL;
Executing (default): SELECT CONSTRAINT_CATALOG AS constraintCatalog, CONSTRAINT_NAME AS constraintName, CONSTRAINT_SCHEMA AS constraintSchema, CONSTRAINT_TYPE AS constraintType, TABLE_NAME AS tableName, TABLE_SCHEMA AS tableSchema from INFORMATION_SCHEMA.TABLE_CONSTRAINTS WHERE table_name='payment_logs' AND constraint_name = 'payment_logs_ibfk_41' AND TABLE_SCHEMA = 'pdflab';
Executing (default): ALTER TABLE `payment_logs` DROP FOREIGN KEY `payment_logs_ibfk_41`;
Executing (default): ALTER TABLE `payment_logs` ADD FOREIGN KEY (`user_id`) REFERENCES `users` (`id`) ON DELETE CASCADE ON UPDATE CASCADE;
Executing (default): SELECT CONSTRAINT_CATALOG AS constraintCatalog, CONSTRAINT_NAME AS constraintName, CONSTRAINT_SCHEMA AS constraintSchema, CONSTRAINT_TYPE AS constraintType, TABLE_NAME AS tableName, TABLE_SCHEMA AS tableSchema from INFORMATION_SCHEMA.TABLE_CONSTRAINTS WHERE table_name='payment_logs' AND constraint_name = 'payment_logs_ibfk_42' AND TABLE_SCHEMA = 'pdflab';
Executing (default): ALTER TABLE `payment_logs` DROP FOREIGN KEY `payment_logs_ibfk_42`;
Executing (default): ALTER TABLE `payment_logs` ADD FOREIGN KEY (`subscription_id`) REFERENCES `subscriptions` (`id`) ON DELETE SET NULL ON UPDATE CASCADE;
Executing (default): ALTER TABLE `payment_logs` CHANGE `transaction_id` `transaction_id` VARCHAR(255) NOT NULL UNIQUE COMMENT 'Our internal transaction ID (m_payment_id)';
Executing (default): ALTER TABLE `payment_logs` CHANGE `payfast_payment_id` `payfast_payment_id` VARCHAR(255) COMMENT 'PayFast payment ID (pf_payment_id)';
Executing (default): ALTER TABLE `payment_logs` CHANGE `payment_type` `payment_type` ENUM('subscription', 'subscription_payment', 'one_time', 'refund') NOT NULL DEFAULT 'one_time';
Executing (default): ALTER TABLE `payment_logs` CHANGE `status` `status` ENUM('complete', 'failed', 'pending', 'cancelled') NOT NULL DEFAULT 'pending';
Executing (default): ALTER TABLE `payment_logs` CHANGE `amount_gross` `amount_gross` DECIMAL(10,2) NOT NULL COMMENT 'Gross amount before fees';
Executing (default): ALTER TABLE `payment_logs` CHANGE `amount_fee` `amount_fee` DECIMAL(10,2) NOT NULL DEFAULT 0 COMMENT 'PayFast processing fee';
Executing (default): ALTER TABLE `payment_logs` CHANGE `amount_net` `amount_net` DECIMAL(10,2) NOT NULL COMMENT 'Net amount after fees';
Executing (default): ALTER TABLE `payment_logs` CHANGE `currency` `currency` VARCHAR(3) NOT NULL DEFAULT 'USD';
Executing (default): ALTER TABLE `payment_logs` CHANGE `plan` `plan` VARCHAR(50) NOT NULL COMMENT 'Plan name (free, starter, pro, enterprise)';
Executing (default): ALTER TABLE `payment_logs` CHANGE `payment_method` `payment_method` VARCHAR(50) COMMENT 'Payment method used (eft, credit_card, etc.)';
Executing (default): ALTER TABLE `payment_logs` CHANGE `name_first` `name_first` VARCHAR(255) NOT NULL;
Executing (default): ALTER TABLE `payment_logs` CHANGE `name_last` `name_last` VARCHAR(255);
Executing (default): ALTER TABLE `payment_logs` CHANGE `email_address` `email_address` VARCHAR(255) NOT NULL;
Executing (default): ALTER TABLE `payment_logs` CHANGE `item_name` `item_name` VARCHAR(255) NOT NULL;
Executing (default): ALTER TABLE `payment_logs` CHANGE `item_description` `item_description` TEXT;
Executing (default): ALTER TABLE `payment_logs` CHANGE `custom_data` `custom_data` JSON COMMENT 'Custom data sent to PayFast';
Executing (default): ALTER TABLE `payment_logs` CHANGE `itn_data` `itn_data` JSON COMMENT 'Full ITN notification data from PayFast';
Executing (default): ALTER TABLE `payment_logs` CHANGE `error_message` `error_message` TEXT COMMENT 'Error message if payment failed';
Executing (default): ALTER TABLE `payment_logs` CHANGE `processed_at` `processed_at` DATETIME COMMENT 'When the payment was processed';
Executing (default): ALTER TABLE `payment_logs` CHANGE `created_at` `created_at` DATETIME NOT NULL;
Executing (default): ALTER TABLE `payment_logs` CHANGE `updated_at` `updated_at` DATETIME NOT NULL;
Executing (default): SHOW INDEX FROM `payment_logs` FROM `pdflab`
Executing (default): SELECT TABLE_NAME FROM INFORMATION_SCHEMA.TABLES WHERE TABLE_TYPE = 'BASE TABLE' AND TABLE_NAME = 'password_history' AND TABLE_SCHEMA = 'pdflab'
Executing (default): SHOW FULL COLUMNS FROM `password_history`;
Executing (default): SELECT CONSTRAINT_NAME as constraint_name,CONSTRAINT_NAME as constraintName,CONSTRAINT_SCHEMA as constraintSchema,CONSTRAINT_SCHEMA as constraintCatalog,TABLE_NAME as tableName,TABLE_SCHEMA as tableSchema,TABLE_SCHEMA as tableCatalog,COLUMN_NAME as columnName,REFERENCED_TABLE_SCHEMA as referencedTableSchema,REFERENCED_TABLE_SCHEMA as referencedTableCatalog,REFERENCED_TABLE_NAME as referencedTableName,REFERENCED_COLUMN_NAME as referencedColumnName FROM INFORMATION_SCHEMA.KEY_COLUMN_USAGE where TABLE_NAME = 'password_history' AND CONSTRAINT_NAME!='PRIMARY' AND CONSTRAINT_SCHEMA='pdflab' AND REFERENCED_TABLE_NAME IS NOT NULL;
Executing (default): SELECT CONSTRAINT_CATALOG AS constraintCatalog, CONSTRAINT_NAME AS constraintName, CONSTRAINT_SCHEMA AS constraintSchema, CONSTRAINT_TYPE AS constraintType, TABLE_NAME AS tableName, TABLE_SCHEMA AS tableSchema from INFORMATION_SCHEMA.TABLE_CONSTRAINTS WHERE table_name='password_history' AND constraint_name = 'password_history_ibfk_1' AND TABLE_SCHEMA = 'pdflab';
Executing (default): ALTER TABLE `password_history` DROP FOREIGN KEY `password_history_ibfk_1`;
Executing (default): ALTER TABLE `password_history` ADD FOREIGN KEY (`user_id`) REFERENCES `users` (`id`) ON DELETE CASCADE ON UPDATE CASCADE;
Executing (default): ALTER TABLE `password_history` CHANGE `password_hash` `password_hash` VARCHAR(255) NOT NULL;
Executing (default): ALTER TABLE `password_history` CHANGE `created_at` `created_at` DATETIME NOT NULL;
Executing (default): SHOW INDEX FROM `password_history` FROM `pdflab`
✓ Database synchronized successfully
✓ Redis client connected
🔧 Initializing Bull queues...
  Creating conversion queue...
  ✓ Conversion queue created
  Creating cleanup queue...
  ✓ Cleanup queue created
✓ Bull queues initialized
✓ Initializing conversion worker...
✓ Initializing cleanup worker...
✓ Job workers initialized
[Quota Reset] Initializing monthly quota reset cron job...
[Quota Reset] Schedule: 0 0 1 * * (1st of month at midnight)
✓ Quota reset cron job initialized and scheduled
✓ Next reset: 2025-12-01T00:00:00.000-05:00
✓ Monthly quota reset scheduled
✓ PDFLab API Server running
✓ Environment: development
✓ Port: 3006
✓ Health check: http://localhost:3006/health
✓ API endpoint: http://localhost:3006/api
Executing (default): SELECT 1+1 AS result
✓ Database connection established successfully
[0mGET /health [32m200[0m 35.106 ms - -[0m
Executing (default): SELECT 1+1 AS result
✓ Database connection established successfully
[0mGET /health [32m200[0m 9.098 ms - -[0m
[0mPOST /api/upload [33m403[0m 26.934 ms - 189[0m
20:30:58 [tsx] change in ./src\middleware\guest.middleware.ts Restarting...
c⚠ Email service not configured - missing SMTP credentials
  Emails will be logged to console only (development mode)
🚀 Starting PDFLab Backend API...
Executing (default): SELECT 1+1 AS result
✓ Database connection established successfully
Executing (default): SELECT TABLE_NAME FROM INFORMATION_SCHEMA.TABLES WHERE TABLE_TYPE = 'BASE TABLE' AND TABLE_NAME = 'users' AND TABLE_SCHEMA = 'pdflab'
Executing (default): SHOW FULL COLUMNS FROM `users`;
Executing (default): SELECT CONSTRAINT_NAME as constraint_name,CONSTRAINT_NAME as constraintName,CONSTRAINT_SCHEMA as constraintSchema,CONSTRAINT_SCHEMA as constraintCatalog,TABLE_NAME as tableName,TABLE_SCHEMA as tableSchema,TABLE_SCHEMA as tableCatalog,COLUMN_NAME as columnName,REFERENCED_TABLE_SCHEMA as referencedTableSchema,REFERENCED_TABLE_SCHEMA as referencedTableCatalog,REFERENCED_TABLE_NAME as referencedTableName,REFERENCED_COLUMN_NAME as referencedColumnName FROM INFORMATION_SCHEMA.KEY_COLUMN_USAGE where TABLE_NAME = 'users' AND CONSTRAINT_NAME!='PRIMARY' AND CONSTRAINT_SCHEMA='pdflab' AND REFERENCED_TABLE_NAME IS NOT NULL;
Executing (default): ALTER TABLE `users` CHANGE `email` `email` VARCHAR(255) NOT NULL UNIQUE;
Executing (default): ALTER TABLE `users` CHANGE `password_hash` `password_hash` VARCHAR(255) NOT NULL;
Executing (default): ALTER TABLE `users` CHANGE `name` `name` VARCHAR(255);
Executing (default): ALTER TABLE `users` CHANGE `role` `role` ENUM('user', 'support', 'finance', 'admin', 'super_admin') NOT NULL DEFAULT 'user';
Executing (default): ALTER TABLE `users` CHANGE `plan` `plan` ENUM('free', 'starter', 'pro', 'enterprise') NOT NULL DEFAULT 'free';
Executing (default): ALTER TABLE `users` CHANGE `conversions_used` `conversions_used` INTEGER NOT NULL DEFAULT 0;
Executing (default): ALTER TABLE `users` CHANGE `conversions_limit` `conversions_limit` INTEGER NOT NULL DEFAULT 3;
Executing (default): ALTER TABLE `users` CHANGE `stripe_customer_id` `stripe_customer_id` VARCHAR(255);
Executing (default): ALTER TABLE `users` CHANGE `subscription_id` `subscription_id` VARCHAR(255);
Executing (default): ALTER TABLE `users` CHANGE `subscription_status` `subscription_status` ENUM('active', 'canceled', 'past_due', 'trialing');
Executing (default): ALTER TABLE `users` CHANGE `subscription_end_date` `subscription_end_date` DATETIME;
Executing (default): ALTER TABLE `users` CHANGE `failed_reset_attempts` `failed_reset_attempts` INTEGER NOT NULL DEFAULT 0;
Executing (default): ALTER TABLE `users` CHANGE `reset_locked_until` `reset_locked_until` DATETIME;
Executing (default): ALTER TABLE `users` CHANGE `created_at` `created_at` DATETIME NOT NULL;
Executing (default): ALTER TABLE `users` CHANGE `updated_at` `updated_at` DATETIME NOT NULL;
Executing (default): ALTER TABLE `users` CHANGE `last_login` `last_login` DATETIME;
Executing (default): SHOW INDEX FROM `users` FROM `pdflab`
Executing (default): SELECT TABLE_NAME FROM INFORMATION_SCHEMA.TABLES WHERE TABLE_TYPE = 'BASE TABLE' AND TABLE_NAME = 'admin_audit_logs' AND TABLE_SCHEMA = 'pdflab'
Executing (default): SHOW FULL COLUMNS FROM `admin_audit_logs`;
Executing (default): SELECT CONSTRAINT_NAME as constraint_name,CONSTRAINT_NAME as constraintName,CONSTRAINT_SCHEMA as constraintSchema,CONSTRAINT_SCHEMA as constraintCatalog,TABLE_NAME as tableName,TABLE_SCHEMA as tableSchema,TABLE_SCHEMA as tableCatalog,COLUMN_NAME as columnName,REFERENCED_TABLE_SCHEMA as referencedTableSchema,REFERENCED_TABLE_SCHEMA as referencedTableCatalog,REFERENCED_TABLE_NAME as referencedTableName,REFERENCED_COLUMN_NAME as referencedColumnName FROM INFORMATION_SCHEMA.KEY_COLUMN_USAGE where TABLE_NAME = 'admin_audit_logs' AND CONSTRAINT_NAME!='PRIMARY' AND CONSTRAINT_SCHEMA='pdflab' AND REFERENCED_TABLE_NAME IS NOT NULL;
Executing (default): SELECT CONSTRAINT_CATALOG AS constraintCatalog, CONSTRAINT_NAME AS constraintName, CONSTRAINT_SCHEMA AS constraintSchema, CONSTRAINT_TYPE AS constraintType, TABLE_NAME AS tableName, TABLE_SCHEMA AS tableSchema from INFORMATION_SCHEMA.TABLE_CONSTRAINTS WHERE table_name='admin_audit_logs' AND constraint_name = 'admin_audit_logs_ibfk_1' AND TABLE_SCHEMA = 'pdflab';
Executing (default): ALTER TABLE `admin_audit_logs` DROP FOREIGN KEY `admin_audit_logs_ibfk_1`;
Executing (default): ALTER TABLE `admin_audit_logs` ADD FOREIGN KEY (`admin_user_id`) REFERENCES `users` (`id`) ON DELETE CASCADE ON UPDATE CASCADE;
Executing (default): ALTER TABLE `admin_audit_logs` CHANGE `action` `action` VARCHAR(100) NOT NULL;
Executing (default): ALTER TABLE `admin_audit_logs` CHANGE `entity_type` `entity_type` VARCHAR(50) NOT NULL;
Executing (default): ALTER TABLE `admin_audit_logs` CHANGE `entity_id` `entity_id` CHAR(36) BINARY;
Executing (default): ALTER TABLE `admin_audit_logs` CHANGE `changes` `changes` JSON;
Executing (default): ALTER TABLE `admin_audit_logs` CHANGE `ip_address` `ip_address` VARCHAR(45);
Executing (default): ALTER TABLE `admin_audit_logs` CHANGE `user_agent` `user_agent` TEXT;
Executing (default): ALTER TABLE `admin_audit_logs` CHANGE `severity` `severity` ENUM('info', 'warning', 'critical') NOT NULL DEFAULT 'info';
Executing (default): ALTER TABLE `admin_audit_logs` CHANGE `checksum` `checksum` VARCHAR(64);
Executing (default): ALTER TABLE `admin_audit_logs` CHANGE `created_at` `created_at` DATETIME NOT NULL;
Executing (default): SHOW INDEX FROM `admin_audit_logs` FROM `pdflab`
Executing (default): SELECT TABLE_NAME FROM INFORMATION_SCHEMA.TABLES WHERE TABLE_TYPE = 'BASE TABLE' AND TABLE_NAME = 'system_health_logs' AND TABLE_SCHEMA = 'pdflab'
Executing (default): SHOW FULL COLUMNS FROM `system_health_logs`;
Executing (default): SELECT CONSTRAINT_NAME as constraint_name,CONSTRAINT_NAME as constraintName,CONSTRAINT_SCHEMA as constraintSchema,CONSTRAINT_SCHEMA as constraintCatalog,TABLE_NAME as tableName,TABLE_SCHEMA as tableSchema,TABLE_SCHEMA as tableCatalog,COLUMN_NAME as columnName,REFERENCED_TABLE_SCHEMA as referencedTableSchema,REFERENCED_TABLE_SCHEMA as referencedTableCatalog,REFERENCED_TABLE_NAME as referencedTableName,REFERENCED_COLUMN_NAME as referencedColumnName FROM INFORMATION_SCHEMA.KEY_COLUMN_USAGE where TABLE_NAME = 'system_health_logs' AND CONSTRAINT_NAME!='PRIMARY' AND CONSTRAINT_SCHEMA='pdflab' AND REFERENCED_TABLE_NAME IS NOT NULL;
Executing (default): ALTER TABLE `system_health_logs` CHANGE `metric_name` `metric_name` VARCHAR(100) NOT NULL;
Executing (default): ALTER TABLE `system_health_logs` CHANGE `metric_value` `metric_value` DECIMAL(10,2);
Executing (default): ALTER TABLE `system_health_logs` CHANGE `status` `status` ENUM('healthy', 'warning', 'critical') NOT NULL DEFAULT 'healthy';
Executing (default): ALTER TABLE `system_health_logs` CHANGE `details` `details` JSON;
Executing (default): ALTER TABLE `system_health_logs` CHANGE `created_at` `created_at` DATETIME NOT NULL;
Executing (default): SHOW INDEX FROM `system_health_logs` FROM `pdflab`
Executing (default): SELECT TABLE_NAME FROM INFORMATION_SCHEMA.TABLES WHERE TABLE_TYPE = 'BASE TABLE' AND TABLE_NAME = 'conversion_jobs' AND TABLE_SCHEMA = 'pdflab'
Executing (default): SHOW FULL COLUMNS FROM `conversion_jobs`;
Executing (default): SELECT CONSTRAINT_NAME as constraint_name,CONSTRAINT_NAME as constraintName,CONSTRAINT_SCHEMA as constraintSchema,CONSTRAINT_SCHEMA as constraintCatalog,TABLE_NAME as tableName,TABLE_SCHEMA as tableSchema,TABLE_SCHEMA as tableCatalog,COLUMN_NAME as columnName,REFERENCED_TABLE_SCHEMA as referencedTableSchema,REFERENCED_TABLE_SCHEMA as referencedTableCatalog,REFERENCED_TABLE_NAME as referencedTableName,REFERENCED_COLUMN_NAME as referencedColumnName FROM INFORMATION_SCHEMA.KEY_COLUMN_USAGE where TABLE_NAME = 'conversion_jobs' AND CONSTRAINT_NAME!='PRIMARY' AND CONSTRAINT_SCHEMA='pdflab' AND REFERENCED_TABLE_NAME IS NOT NULL;
Executing (default): SELECT CONSTRAINT_CATALOG AS constraintCatalog, CONSTRAINT_NAME AS constraintName, CONSTRAINT_SCHEMA AS constraintSchema, CONSTRAINT_TYPE AS constraintType, TABLE_NAME AS tableName, TABLE_SCHEMA AS tableSchema from INFORMATION_SCHEMA.TABLE_CONSTRAINTS WHERE table_name='conversion_jobs' AND constraint_name = 'conversion_jobs_ibfk_1' AND TABLE_SCHEMA = 'pdflab';
Executing (default): ALTER TABLE `conversion_jobs` DROP FOREIGN KEY `conversion_jobs_ibfk_1`;
Executing (default): ALTER TABLE `conversion_jobs` ADD FOREIGN KEY (`user_id`) REFERENCES `users` (`id`) ON DELETE CASCADE ON UPDATE CASCADE;
Executing (default): ALTER TABLE `conversion_jobs` CHANGE `type` `type` ENUM('pdf_to_pptx', 'pdf_to_docx', 'pdf_to_xlsx', 'pdf_to_images', 'pdf_merge') NOT NULL;
Executing (default): ALTER TABLE `conversion_jobs` CHANGE `status` `status` ENUM('pending', 'queued', 'processing', 'completed', 'failed') NOT NULL DEFAULT 'pending';
Executing (default): ALTER TABLE `conversion_jobs` CHANGE `progress` `progress` INTEGER NOT NULL DEFAULT 0;
Executing (default): ALTER TABLE `conversion_jobs` CHANGE `input_file` `input_file` VARCHAR(500);
Executing (default): ALTER TABLE `conversion_jobs` CHANGE `output_file` `output_file` VARCHAR(500);
Executing (default): ALTER TABLE `conversion_jobs` CHANGE `file_name` `file_name` VARCHAR(255) NOT NULL;
Executing (default): ALTER TABLE `conversion_jobs` CHANGE `file_size` `file_size` BIGINT NOT NULL;
Executing (default): ALTER TABLE `conversion_jobs` CHANGE `cloudconvert_job_id` `cloudconvert_job_id` VARCHAR(255);
Executing (default): ALTER TABLE `conversion_jobs` CHANGE `error_message` `error_message` TEXT;
Executing (default): ALTER TABLE `conversion_jobs` CHANGE `estimated_time` `estimated_time` INTEGER COMMENT 'Estimated processing time in seconds';
Executing (default): ALTER TABLE `conversion_jobs` CHANGE `processing_started_at` `processing_started_at` DATETIME;
Executing (default): ALTER TABLE `conversion_jobs` CHANGE `processing_completed_at` `processing_completed_at` DATETIME;
Executing (default): ALTER TABLE `conversion_jobs` CHANGE `created_at` `created_at` DATETIME NOT NULL;
Executing (default): ALTER TABLE `conversion_jobs` CHANGE `updated_at` `updated_at` DATETIME NOT NULL;
Executing (default): ALTER TABLE `conversion_jobs` CHANGE `expires_at` `expires_at` DATETIME NOT NULL;
Executing (default): SHOW INDEX FROM `conversion_jobs` FROM `pdflab`
Executing (default): SELECT TABLE_NAME FROM INFORMATION_SCHEMA.TABLES WHERE TABLE_TYPE = 'BASE TABLE' AND TABLE_NAME = 'usage_logs' AND TABLE_SCHEMA = 'pdflab'
Executing (default): SHOW FULL COLUMNS FROM `usage_logs`;
Executing (default): SELECT CONSTRAINT_NAME as constraint_name,CONSTRAINT_NAME as constraintName,CONSTRAINT_SCHEMA as constraintSchema,CONSTRAINT_SCHEMA as constraintCatalog,TABLE_NAME as tableName,TABLE_SCHEMA as tableSchema,TABLE_SCHEMA as tableCatalog,COLUMN_NAME as columnName,REFERENCED_TABLE_SCHEMA as referencedTableSchema,REFERENCED_TABLE_SCHEMA as referencedTableCatalog,REFERENCED_TABLE_NAME as referencedTableName,REFERENCED_COLUMN_NAME as referencedColumnName FROM INFORMATION_SCHEMA.KEY_COLUMN_USAGE where TABLE_NAME = 'usage_logs' AND CONSTRAINT_NAME!='PRIMARY' AND CONSTRAINT_SCHEMA='pdflab' AND REFERENCED_TABLE_NAME IS NOT NULL;
Executing (default): SELECT CONSTRAINT_CATALOG AS constraintCatalog, CONSTRAINT_NAME AS constraintName, CONSTRAINT_SCHEMA AS constraintSchema, CONSTRAINT_TYPE AS constraintType, TABLE_NAME AS tableName, TABLE_SCHEMA AS tableSchema from INFORMATION_SCHEMA.TABLE_CONSTRAINTS WHERE table_name='usage_logs' AND constraint_name = 'usage_logs_ibfk_59' AND TABLE_SCHEMA = 'pdflab';
Executing (default): ALTER TABLE `usage_logs` DROP FOREIGN KEY `usage_logs_ibfk_59`;
Executing (default): ALTER TABLE `usage_logs` ADD FOREIGN KEY (`user_id`) REFERENCES `users` (`id`) ON DELETE CASCADE ON UPDATE CASCADE;
Executing (default): SELECT CONSTRAINT_CATALOG AS constraintCatalog, CONSTRAINT_NAME AS constraintName, CONSTRAINT_SCHEMA AS constraintSchema, CONSTRAINT_TYPE AS constraintType, TABLE_NAME AS tableName, TABLE_SCHEMA AS tableSchema from INFORMATION_SCHEMA.TABLE_CONSTRAINTS WHERE table_name='usage_logs' AND constraint_name = 'usage_logs_ibfk_60' AND TABLE_SCHEMA = 'pdflab';
Executing (default): ALTER TABLE `usage_logs` DROP FOREIGN KEY `usage_logs_ibfk_60`;
Executing (default): ALTER TABLE `usage_logs` ADD FOREIGN KEY (`job_id`) REFERENCES `conversion_jobs` (`id`) ON DELETE SET NULL ON UPDATE CASCADE;
Executing (default): ALTER TABLE `usage_logs` CHANGE `operation_type` `operation_type` VARCHAR(50) NOT NULL;
Executing (default): ALTER TABLE `usage_logs` CHANGE `success` `success` TINYINT(1) NOT NULL DEFAULT false;
Executing (default): ALTER TABLE `usage_logs` CHANGE `processing_time` `processing_time` INTEGER COMMENT 'Processing time in milliseconds';
Executing (default): ALTER TABLE `usage_logs` CHANGE `file_size` `file_size` BIGINT NOT NULL;
Executing (default): ALTER TABLE `usage_logs` CHANGE `error_code` `error_code` VARCHAR(50);
Executing (default): ALTER TABLE `usage_logs` CHANGE `timestamp` `timestamp` DATETIME NOT NULL;
Executing (default): SHOW INDEX FROM `usage_logs` FROM `pdflab`
Executing (default): SELECT TABLE_NAME FROM INFORMATION_SCHEMA.TABLES WHERE TABLE_TYPE = 'BASE TABLE' AND TABLE_NAME = 'subscriptions' AND TABLE_SCHEMA = 'pdflab'
Executing (default): SHOW FULL COLUMNS FROM `subscriptions`;
Executing (default): SELECT CONSTRAINT_NAME as constraint_name,CONSTRAINT_NAME as constraintName,CONSTRAINT_SCHEMA as constraintSchema,CONSTRAINT_SCHEMA as constraintCatalog,TABLE_NAME as tableName,TABLE_SCHEMA as tableSchema,TABLE_SCHEMA as tableCatalog,COLUMN_NAME as columnName,REFERENCED_TABLE_SCHEMA as referencedTableSchema,REFERENCED_TABLE_SCHEMA as referencedTableCatalog,REFERENCED_TABLE_NAME as referencedTableName,REFERENCED_COLUMN_NAME as referencedColumnName FROM INFORMATION_SCHEMA.KEY_COLUMN_USAGE where TABLE_NAME = 'subscriptions' AND CONSTRAINT_NAME!='PRIMARY' AND CONSTRAINT_SCHEMA='pdflab' AND REFERENCED_TABLE_NAME IS NOT NULL;
Executing (default): SELECT CONSTRAINT_CATALOG AS constraintCatalog, CONSTRAINT_NAME AS constraintName, CONSTRAINT_SCHEMA AS constraintSchema, CONSTRAINT_TYPE AS constraintType, TABLE_NAME AS tableName, TABLE_SCHEMA AS tableSchema from INFORMATION_SCHEMA.TABLE_CONSTRAINTS WHERE table_name='subscriptions' AND constraint_name = 'subscriptions_ibfk_1' AND TABLE_SCHEMA = 'pdflab';
Executing (default): ALTER TABLE `subscriptions` DROP FOREIGN KEY `subscriptions_ibfk_1`;
Executing (default): ALTER TABLE `subscriptions` ADD FOREIGN KEY (`user_id`) REFERENCES `users` (`id`) ON DELETE CASCADE ON UPDATE CASCADE;
Executing (default): ALTER TABLE `subscriptions` CHANGE `plan` `plan` ENUM('free', 'starter', 'pro', 'enterprise') NOT NULL DEFAULT 'free';
Executing (default): ALTER TABLE `subscriptions` CHANGE `status` `status` ENUM('active', 'canceled', 'past_due', 'trialing', 'pending') NOT NULL DEFAULT 'pending';
Executing (default): ALTER TABLE `subscriptions` CHANGE `payfast_token` `payfast_token` VARCHAR(255) COMMENT 'PayFast subscription token for recurring payments';
Executing (default): ALTER TABLE `subscriptions` CHANGE `payfast_subscription_id` `payfast_subscription_id` VARCHAR(255) COMMENT 'PayFast subscription ID';
Executing (default): ALTER TABLE `subscriptions` CHANGE `amount` `amount` DECIMAL(10,2) NOT NULL COMMENT 'Subscription amount in currency';
Executing (default): ALTER TABLE `subscriptions` CHANGE `currency` `currency` VARCHAR(3) NOT NULL DEFAULT 'USD' COMMENT 'Currency code (USD for United States Dollar)';
Executing (default): ALTER TABLE `subscriptions` CHANGE `billing_date` `billing_date` DATETIME COMMENT 'First billing date';
Executing (default): ALTER TABLE `subscriptions` CHANGE `next_billing_date` `next_billing_date` DATETIME COMMENT 'Next billing date for recurring subscription';
Executing (default): ALTER TABLE `subscriptions` CHANGE `cancel_at` `cancel_at` DATETIME COMMENT 'Scheduled cancellation date';
Executing (default): ALTER TABLE `subscriptions` CHANGE `canceled_at` `canceled_at` DATETIME COMMENT 'Actual cancellation timestamp';
Executing (default): ALTER TABLE `subscriptions` CHANGE `trial_end` `trial_end` DATETIME COMMENT 'Trial period end date';
Executing (default): ALTER TABLE `subscriptions` CHANGE `started_at` `started_at` DATETIME NOT NULL COMMENT 'Subscription start date';
Executing (default): ALTER TABLE `subscriptions` CHANGE `ended_at` `ended_at` DATETIME COMMENT 'Subscription end date (if canceled)';
Executing (default): ALTER TABLE `subscriptions` CHANGE `created_at` `created_at` DATETIME NOT NULL;
Executing (default): ALTER TABLE `subscriptions` CHANGE `updated_at` `updated_at` DATETIME NOT NULL;
Executing (default): SHOW INDEX FROM `subscriptions` FROM `pdflab`
Executing (default): SELECT TABLE_NAME FROM INFORMATION_SCHEMA.TABLES WHERE TABLE_TYPE = 'BASE TABLE' AND TABLE_NAME = 'payment_logs' AND TABLE_SCHEMA = 'pdflab'
Executing (default): SHOW FULL COLUMNS FROM `payment_logs`;
Executing (default): SELECT CONSTRAINT_NAME as constraint_name,CONSTRAINT_NAME as constraintName,CONSTRAINT_SCHEMA as constraintSchema,CONSTRAINT_SCHEMA as constraintCatalog,TABLE_NAME as tableName,TABLE_SCHEMA as tableSchema,TABLE_SCHEMA as tableCatalog,COLUMN_NAME as columnName,REFERENCED_TABLE_SCHEMA as referencedTableSchema,REFERENCED_TABLE_SCHEMA as referencedTableCatalog,REFERENCED_TABLE_NAME as referencedTableName,REFERENCED_COLUMN_NAME as referencedColumnName FROM INFORMATION_SCHEMA.KEY_COLUMN_USAGE where TABLE_NAME = 'payment_logs' AND CONSTRAINT_NAME!='PRIMARY' AND CONSTRAINT_SCHEMA='pdflab' AND REFERENCED_TABLE_NAME IS NOT NULL;
Executing (default): SELECT CONSTRAINT_CATALOG AS constraintCatalog, CONSTRAINT_NAME AS constraintName, CONSTRAINT_SCHEMA AS constraintSchema, CONSTRAINT_TYPE AS constraintType, TABLE_NAME AS tableName, TABLE_SCHEMA AS tableSchema from INFORMATION_SCHEMA.TABLE_CONSTRAINTS WHERE table_name='payment_logs' AND constraint_name = 'payment_logs_ibfk_43' AND TABLE_SCHEMA = 'pdflab';
Executing (default): ALTER TABLE `payment_logs` DROP FOREIGN KEY `payment_logs_ibfk_43`;
Executing (default): ALTER TABLE `payment_logs` ADD FOREIGN KEY (`user_id`) REFERENCES `users` (`id`) ON DELETE CASCADE ON UPDATE CASCADE;
Executing (default): SELECT CONSTRAINT_CATALOG AS constraintCatalog, CONSTRAINT_NAME AS constraintName, CONSTRAINT_SCHEMA AS constraintSchema, CONSTRAINT_TYPE AS constraintType, TABLE_NAME AS tableName, TABLE_SCHEMA AS tableSchema from INFORMATION_SCHEMA.TABLE_CONSTRAINTS WHERE table_name='payment_logs' AND constraint_name = 'payment_logs_ibfk_44' AND TABLE_SCHEMA = 'pdflab';
Executing (default): ALTER TABLE `payment_logs` DROP FOREIGN KEY `payment_logs_ibfk_44`;
Executing (default): ALTER TABLE `payment_logs` ADD FOREIGN KEY (`subscription_id`) REFERENCES `subscriptions` (`id`) ON DELETE SET NULL ON UPDATE CASCADE;
Executing (default): ALTER TABLE `payment_logs` CHANGE `transaction_id` `transaction_id` VARCHAR(255) NOT NULL UNIQUE COMMENT 'Our internal transaction ID (m_payment_id)';
Executing (default): ALTER TABLE `payment_logs` CHANGE `payfast_payment_id` `payfast_payment_id` VARCHAR(255) COMMENT 'PayFast payment ID (pf_payment_id)';
Executing (default): ALTER TABLE `payment_logs` CHANGE `payment_type` `payment_type` ENUM('subscription', 'subscription_payment', 'one_time', 'refund') NOT NULL DEFAULT 'one_time';
Executing (default): ALTER TABLE `payment_logs` CHANGE `status` `status` ENUM('complete', 'failed', 'pending', 'cancelled') NOT NULL DEFAULT 'pending';
Executing (default): ALTER TABLE `payment_logs` CHANGE `amount_gross` `amount_gross` DECIMAL(10,2) NOT NULL COMMENT 'Gross amount before fees';
Executing (default): ALTER TABLE `payment_logs` CHANGE `amount_fee` `amount_fee` DECIMAL(10,2) NOT NULL DEFAULT 0 COMMENT 'PayFast processing fee';
Executing (default): ALTER TABLE `payment_logs` CHANGE `amount_net` `amount_net` DECIMAL(10,2) NOT NULL COMMENT 'Net amount after fees';
Executing (default): ALTER TABLE `payment_logs` CHANGE `currency` `currency` VARCHAR(3) NOT NULL DEFAULT 'USD';
Executing (default): ALTER TABLE `payment_logs` CHANGE `plan` `plan` VARCHAR(50) NOT NULL COMMENT 'Plan name (free, starter, pro, enterprise)';
Executing (default): ALTER TABLE `payment_logs` CHANGE `payment_method` `payment_method` VARCHAR(50) COMMENT 'Payment method used (eft, credit_card, etc.)';
Executing (default): ALTER TABLE `payment_logs` CHANGE `name_first` `name_first` VARCHAR(255) NOT NULL;
Executing (default): ALTER TABLE `payment_logs` CHANGE `name_last` `name_last` VARCHAR(255);
Executing (default): ALTER TABLE `payment_logs` CHANGE `email_address` `email_address` VARCHAR(255) NOT NULL;
Executing (default): ALTER TABLE `payment_logs` CHANGE `item_name` `item_name` VARCHAR(255) NOT NULL;
Executing (default): ALTER TABLE `payment_logs` CHANGE `item_description` `item_description` TEXT;
Executing (default): ALTER TABLE `payment_logs` CHANGE `custom_data` `custom_data` JSON COMMENT 'Custom data sent to PayFast';
Executing (default): ALTER TABLE `payment_logs` CHANGE `itn_data` `itn_data` JSON COMMENT 'Full ITN notification data from PayFast';
Executing (default): ALTER TABLE `payment_logs` CHANGE `error_message` `error_message` TEXT COMMENT 'Error message if payment failed';
Executing (default): ALTER TABLE `payment_logs` CHANGE `processed_at` `processed_at` DATETIME COMMENT 'When the payment was processed';
Executing (default): ALTER TABLE `payment_logs` CHANGE `created_at` `created_at` DATETIME NOT NULL;
Executing (default): ALTER TABLE `payment_logs` CHANGE `updated_at` `updated_at` DATETIME NOT NULL;
Executing (default): SHOW INDEX FROM `payment_logs` FROM `pdflab`
Executing (default): SELECT TABLE_NAME FROM INFORMATION_SCHEMA.TABLES WHERE TABLE_TYPE = 'BASE TABLE' AND TABLE_NAME = 'password_history' AND TABLE_SCHEMA = 'pdflab'
Executing (default): SHOW FULL COLUMNS FROM `password_history`;
Executing (default): SELECT CONSTRAINT_NAME as constraint_name,CONSTRAINT_NAME as constraintName,CONSTRAINT_SCHEMA as constraintSchema,CONSTRAINT_SCHEMA as constraintCatalog,TABLE_NAME as tableName,TABLE_SCHEMA as tableSchema,TABLE_SCHEMA as tableCatalog,COLUMN_NAME as columnName,REFERENCED_TABLE_SCHEMA as referencedTableSchema,REFERENCED_TABLE_SCHEMA as referencedTableCatalog,REFERENCED_TABLE_NAME as referencedTableName,REFERENCED_COLUMN_NAME as referencedColumnName FROM INFORMATION_SCHEMA.KEY_COLUMN_USAGE where TABLE_NAME = 'password_history' AND CONSTRAINT_NAME!='PRIMARY' AND CONSTRAINT_SCHEMA='pdflab' AND REFERENCED_TABLE_NAME IS NOT NULL;
Executing (default): SELECT CONSTRAINT_CATALOG AS constraintCatalog, CONSTRAINT_NAME AS constraintName, CONSTRAINT_SCHEMA AS constraintSchema, CONSTRAINT_TYPE AS constraintType, TABLE_NAME AS tableName, TABLE_SCHEMA AS tableSchema from INFORMATION_SCHEMA.TABLE_CONSTRAINTS WHERE table_name='password_history' AND constraint_name = 'password_history_ibfk_1' AND TABLE_SCHEMA = 'pdflab';
Executing (default): ALTER TABLE `password_history` DROP FOREIGN KEY `password_history_ibfk_1`;
Executing (default): ALTER TABLE `password_history` ADD FOREIGN KEY (`user_id`) REFERENCES `users` (`id`) ON DELETE CASCADE ON UPDATE CASCADE;
Executing (default): ALTER TABLE `password_history` CHANGE `password_hash` `password_hash` VARCHAR(255) NOT NULL;
Executing (default): ALTER TABLE `password_history` CHANGE `created_at` `created_at` DATETIME NOT NULL;
Executing (default): SHOW INDEX FROM `password_history` FROM `pdflab`
✓ Database synchronized successfully
✓ Redis client connected
🔧 Initializing Bull queues...
  Creating conversion queue...
  ✓ Conversion queue created
  Creating cleanup queue...
  ✓ Cleanup queue created
✓ Bull queues initialized
✓ Initializing conversion worker...
✓ Initializing cleanup worker...
✓ Job workers initialized
[Quota Reset] Initializing monthly quota reset cron job...
[Quota Reset] Schedule: 0 0 1 * * (1st of month at midnight)
✓ Quota reset cron job initialized and scheduled
✓ Next reset: 2025-12-01T00:00:00.000-05:00
✓ Monthly quota reset scheduled
✓ PDFLab API Server running
✓ Environment: development
✓ Port: 3006
✓ Health check: http://localhost:3006/health
✓ API endpoint: http://localhost:3006/api
Executing (default): SELECT 1+1 AS result
✓ Database connection established successfully
[0mGET /health [32m200[0m 25.819 ms - -[0m
Executing (default): SELECT 1+1 AS result
✓ Database connection established successfully
[0mGET /health [32m200[0m 7.529 ms - -[0m
Executing (default): SELECT 1+1 AS result
✓ Database connection established successfully
[0mGET /health [32m200[0m 8.975 ms - -[0m
Executing (default): SELECT 1+1 AS result
✓ Database connection established successfully
[0mGET /health [32m200[0m 7.855 ms - -[0m
[Guest Quota] Validating: {
  sessionId: 'guest_531c51d2-5c33-4375-8a02-3ae82b639d28',
  ipAddress: '::1'
}
[Guest Quota] Validation result: {
  allowed: true,
  session: {
    sessionId: 'guest_531c51d2-5c33-4375-8a02-3ae82b639d28',
    createdAt: 2025-11-03T18:32:02.897Z,
    conversionsUsed: 0,
    ipAddress: '::1'
  }
}
[Guest Quota] Allowed - proceeding
Upload file error: ValidationError [SequelizeValidationError]: notNull Violation: ConversionJob.user_id cannot be null
    at InstanceValidator._validate (C:\Users\Mac\OneDrive\Desktop\Projects\PDFLab\backend\node_modules\sequelize\src\instance-validator.js:78:13)
    at process.processTicksAndRejections (node:internal/process/task_queues:105:5)
    at async InstanceValidator._validateAndRunHooks (C:\Users\Mac\OneDrive\Desktop\Projects\PDFLab\backend\node_modules\sequelize\src\instance-validator.js:111:7)
    at async InstanceValidator.validate (C:\Users\Mac\OneDrive\Desktop\Projects\PDFLab\backend\node_modules\sequelize\src\instance-validator.js:93:12)
    at async ConversionJob.save (C:\Users\Mac\OneDrive\Desktop\Projects\PDFLab\backend\node_modules\sequelize\src\model.js:4077:7)
    at async Function.create (C:\Users\Mac\OneDrive\Desktop\Projects\PDFLab\backend\node_modules\sequelize\src\model.js:2305:12)
    at async uploadFile (C:\Users\Mac\OneDrive\Desktop\Projects\PDFLab\backend\src\controllers\conversion.controller.ts:165:17) {
  errors: [
    ValidationErrorItem {
      message: 'ConversionJob.user_id cannot be null',
      type: 'notNull Violation',
      path: 'user_id',
      value: null,
      origin: 'CORE',
      instance: [ConversionJob],
      validatorKey: 'is_null',
      validatorName: null,
      validatorArgs: []
    }
  ]
}
[0mPOST /api/upload [31m500[0m 45.626 ms - 74[0m
20:32:55 [tsx] change in ./src\models\ConversionJob.ts Restarting...
c⚠ Email service not configured - missing SMTP credentials
  Emails will be logged to console only (development mode)
🚀 Starting PDFLab Backend API...
Executing (default): SELECT 1+1 AS result
✓ Database connection established successfully
Executing (default): SELECT TABLE_NAME FROM INFORMATION_SCHEMA.TABLES WHERE TABLE_TYPE = 'BASE TABLE' AND TABLE_NAME = 'users' AND TABLE_SCHEMA = 'pdflab'
Executing (default): SHOW FULL COLUMNS FROM `users`;
Executing (default): SELECT CONSTRAINT_NAME as constraint_name,CONSTRAINT_NAME as constraintName,CONSTRAINT_SCHEMA as constraintSchema,CONSTRAINT_SCHEMA as constraintCatalog,TABLE_NAME as tableName,TABLE_SCHEMA as tableSchema,TABLE_SCHEMA as tableCatalog,COLUMN_NAME as columnName,REFERENCED_TABLE_SCHEMA as referencedTableSchema,REFERENCED_TABLE_SCHEMA as referencedTableCatalog,REFERENCED_TABLE_NAME as referencedTableName,REFERENCED_COLUMN_NAME as referencedColumnName FROM INFORMATION_SCHEMA.KEY_COLUMN_USAGE where TABLE_NAME = 'users' AND CONSTRAINT_NAME!='PRIMARY' AND CONSTRAINT_SCHEMA='pdflab' AND REFERENCED_TABLE_NAME IS NOT NULL;
Executing (default): ALTER TABLE `users` CHANGE `email` `email` VARCHAR(255) NOT NULL UNIQUE;
Executing (default): ALTER TABLE `users` CHANGE `password_hash` `password_hash` VARCHAR(255) NOT NULL;
Executing (default): ALTER TABLE `users` CHANGE `name` `name` VARCHAR(255);
Executing (default): ALTER TABLE `users` CHANGE `role` `role` ENUM('user', 'support', 'finance', 'admin', 'super_admin') NOT NULL DEFAULT 'user';
Executing (default): ALTER TABLE `users` CHANGE `plan` `plan` ENUM('free', 'starter', 'pro', 'enterprise') NOT NULL DEFAULT 'free';
Executing (default): ALTER TABLE `users` CHANGE `conversions_used` `conversions_used` INTEGER NOT NULL DEFAULT 0;
Executing (default): ALTER TABLE `users` CHANGE `conversions_limit` `conversions_limit` INTEGER NOT NULL DEFAULT 3;
Executing (default): ALTER TABLE `users` CHANGE `stripe_customer_id` `stripe_customer_id` VARCHAR(255);
Executing (default): ALTER TABLE `users` CHANGE `subscription_id` `subscription_id` VARCHAR(255);
Executing (default): ALTER TABLE `users` CHANGE `subscription_status` `subscription_status` ENUM('active', 'canceled', 'past_due', 'trialing');
Executing (default): ALTER TABLE `users` CHANGE `subscription_end_date` `subscription_end_date` DATETIME;
Executing (default): ALTER TABLE `users` CHANGE `failed_reset_attempts` `failed_reset_attempts` INTEGER NOT NULL DEFAULT 0;
Executing (default): ALTER TABLE `users` CHANGE `reset_locked_until` `reset_locked_until` DATETIME;
Executing (default): ALTER TABLE `users` CHANGE `created_at` `created_at` DATETIME NOT NULL;
Executing (default): ALTER TABLE `users` CHANGE `updated_at` `updated_at` DATETIME NOT NULL;
Executing (default): ALTER TABLE `users` CHANGE `last_login` `last_login` DATETIME;
Executing (default): SHOW INDEX FROM `users` FROM `pdflab`
Executing (default): SELECT TABLE_NAME FROM INFORMATION_SCHEMA.TABLES WHERE TABLE_TYPE = 'BASE TABLE' AND TABLE_NAME = 'admin_audit_logs' AND TABLE_SCHEMA = 'pdflab'
Executing (default): SHOW FULL COLUMNS FROM `admin_audit_logs`;
Executing (default): SELECT CONSTRAINT_NAME as constraint_name,CONSTRAINT_NAME as constraintName,CONSTRAINT_SCHEMA as constraintSchema,CONSTRAINT_SCHEMA as constraintCatalog,TABLE_NAME as tableName,TABLE_SCHEMA as tableSchema,TABLE_SCHEMA as tableCatalog,COLUMN_NAME as columnName,REFERENCED_TABLE_SCHEMA as referencedTableSchema,REFERENCED_TABLE_SCHEMA as referencedTableCatalog,REFERENCED_TABLE_NAME as referencedTableName,REFERENCED_COLUMN_NAME as referencedColumnName FROM INFORMATION_SCHEMA.KEY_COLUMN_USAGE where TABLE_NAME = 'admin_audit_logs' AND CONSTRAINT_NAME!='PRIMARY' AND CONSTRAINT_SCHEMA='pdflab' AND REFERENCED_TABLE_NAME IS NOT NULL;
Executing (default): SELECT CONSTRAINT_CATALOG AS constraintCatalog, CONSTRAINT_NAME AS constraintName, CONSTRAINT_SCHEMA AS constraintSchema, CONSTRAINT_TYPE AS constraintType, TABLE_NAME AS tableName, TABLE_SCHEMA AS tableSchema from INFORMATION_SCHEMA.TABLE_CONSTRAINTS WHERE table_name='admin_audit_logs' AND constraint_name = 'admin_audit_logs_ibfk_1' AND TABLE_SCHEMA = 'pdflab';
Executing (default): ALTER TABLE `admin_audit_logs` DROP FOREIGN KEY `admin_audit_logs_ibfk_1`;
Executing (default): ALTER TABLE `admin_audit_logs` ADD FOREIGN KEY (`admin_user_id`) REFERENCES `users` (`id`) ON DELETE CASCADE ON UPDATE CASCADE;
Executing (default): ALTER TABLE `admin_audit_logs` CHANGE `action` `action` VARCHAR(100) NOT NULL;
Executing (default): ALTER TABLE `admin_audit_logs` CHANGE `entity_type` `entity_type` VARCHAR(50) NOT NULL;
Executing (default): ALTER TABLE `admin_audit_logs` CHANGE `entity_id` `entity_id` CHAR(36) BINARY;
Executing (default): ALTER TABLE `admin_audit_logs` CHANGE `changes` `changes` JSON;
Executing (default): ALTER TABLE `admin_audit_logs` CHANGE `ip_address` `ip_address` VARCHAR(45);
Executing (default): ALTER TABLE `admin_audit_logs` CHANGE `user_agent` `user_agent` TEXT;
Executing (default): ALTER TABLE `admin_audit_logs` CHANGE `severity` `severity` ENUM('info', 'warning', 'critical') NOT NULL DEFAULT 'info';
Executing (default): ALTER TABLE `admin_audit_logs` CHANGE `checksum` `checksum` VARCHAR(64);
Executing (default): ALTER TABLE `admin_audit_logs` CHANGE `created_at` `created_at` DATETIME NOT NULL;
Executing (default): SHOW INDEX FROM `admin_audit_logs` FROM `pdflab`
Executing (default): SELECT TABLE_NAME FROM INFORMATION_SCHEMA.TABLES WHERE TABLE_TYPE = 'BASE TABLE' AND TABLE_NAME = 'system_health_logs' AND TABLE_SCHEMA = 'pdflab'
Executing (default): SHOW FULL COLUMNS FROM `system_health_logs`;
Executing (default): SELECT CONSTRAINT_NAME as constraint_name,CONSTRAINT_NAME as constraintName,CONSTRAINT_SCHEMA as constraintSchema,CONSTRAINT_SCHEMA as constraintCatalog,TABLE_NAME as tableName,TABLE_SCHEMA as tableSchema,TABLE_SCHEMA as tableCatalog,COLUMN_NAME as columnName,REFERENCED_TABLE_SCHEMA as referencedTableSchema,REFERENCED_TABLE_SCHEMA as referencedTableCatalog,REFERENCED_TABLE_NAME as referencedTableName,REFERENCED_COLUMN_NAME as referencedColumnName FROM INFORMATION_SCHEMA.KEY_COLUMN_USAGE where TABLE_NAME = 'system_health_logs' AND CONSTRAINT_NAME!='PRIMARY' AND CONSTRAINT_SCHEMA='pdflab' AND REFERENCED_TABLE_NAME IS NOT NULL;
Executing (default): ALTER TABLE `system_health_logs` CHANGE `metric_name` `metric_name` VARCHAR(100) NOT NULL;
Executing (default): ALTER TABLE `system_health_logs` CHANGE `metric_value` `metric_value` DECIMAL(10,2);
Executing (default): ALTER TABLE `system_health_logs` CHANGE `status` `status` ENUM('healthy', 'warning', 'critical') NOT NULL DEFAULT 'healthy';
Executing (default): ALTER TABLE `system_health_logs` CHANGE `details` `details` JSON;
Executing (default): ALTER TABLE `system_health_logs` CHANGE `created_at` `created_at` DATETIME NOT NULL;
Executing (default): SHOW INDEX FROM `system_health_logs` FROM `pdflab`
Executing (default): SELECT TABLE_NAME FROM INFORMATION_SCHEMA.TABLES WHERE TABLE_TYPE = 'BASE TABLE' AND TABLE_NAME = 'conversion_jobs' AND TABLE_SCHEMA = 'pdflab'
Executing (default): SHOW FULL COLUMNS FROM `conversion_jobs`;
Executing (default): SELECT CONSTRAINT_NAME as constraint_name,CONSTRAINT_NAME as constraintName,CONSTRAINT_SCHEMA as constraintSchema,CONSTRAINT_SCHEMA as constraintCatalog,TABLE_NAME as tableName,TABLE_SCHEMA as tableSchema,TABLE_SCHEMA as tableCatalog,COLUMN_NAME as columnName,REFERENCED_TABLE_SCHEMA as referencedTableSchema,REFERENCED_TABLE_SCHEMA as referencedTableCatalog,REFERENCED_TABLE_NAME as referencedTableName,REFERENCED_COLUMN_NAME as referencedColumnName FROM INFORMATION_SCHEMA.KEY_COLUMN_USAGE where TABLE_NAME = 'conversion_jobs' AND CONSTRAINT_NAME!='PRIMARY' AND CONSTRAINT_SCHEMA='pdflab' AND REFERENCED_TABLE_NAME IS NOT NULL;
Executing (default): SELECT CONSTRAINT_CATALOG AS constraintCatalog, CONSTRAINT_NAME AS constraintName, CONSTRAINT_SCHEMA AS constraintSchema, CONSTRAINT_TYPE AS constraintType, TABLE_NAME AS tableName, TABLE_SCHEMA AS tableSchema from INFORMATION_SCHEMA.TABLE_CONSTRAINTS WHERE table_name='conversion_jobs' AND constraint_name = 'conversion_jobs_ibfk_1' AND TABLE_SCHEMA = 'pdflab';
Executing (default): ALTER TABLE `conversion_jobs` DROP FOREIGN KEY `conversion_jobs_ibfk_1`;
Executing (default): ALTER TABLE `conversion_jobs` ADD FOREIGN KEY (`user_id`) REFERENCES `users` (`id`) ON DELETE CASCADE ON UPDATE CASCADE;
Executing (default): ALTER TABLE `conversion_jobs` CHANGE `type` `type` ENUM('pdf_to_pptx', 'pdf_to_docx', 'pdf_to_xlsx', 'pdf_to_images', 'pdf_merge') NOT NULL;
Executing (default): ALTER TABLE `conversion_jobs` CHANGE `status` `status` ENUM('pending', 'queued', 'processing', 'completed', 'failed') NOT NULL DEFAULT 'pending';
Executing (default): ALTER TABLE `conversion_jobs` CHANGE `progress` `progress` INTEGER NOT NULL DEFAULT 0;
Executing (default): ALTER TABLE `conversion_jobs` CHANGE `input_file` `input_file` VARCHAR(500);
Executing (default): ALTER TABLE `conversion_jobs` CHANGE `output_file` `output_file` VARCHAR(500);
Executing (default): ALTER TABLE `conversion_jobs` CHANGE `file_name` `file_name` VARCHAR(255) NOT NULL;
Executing (default): ALTER TABLE `conversion_jobs` CHANGE `file_size` `file_size` BIGINT NOT NULL;
Executing (default): ALTER TABLE `conversion_jobs` CHANGE `cloudconvert_job_id` `cloudconvert_job_id` VARCHAR(255);
Executing (default): ALTER TABLE `conversion_jobs` CHANGE `error_message` `error_message` TEXT;
Executing (default): ALTER TABLE `conversion_jobs` CHANGE `estimated_time` `estimated_time` INTEGER COMMENT 'Estimated processing time in seconds';
Executing (default): ALTER TABLE `conversion_jobs` CHANGE `processing_started_at` `processing_started_at` DATETIME;
20:33:03 [tsx] change in ./src\models\ConversionJob.ts Restarting...
c⚠ Email service not configured - missing SMTP credentials
  Emails will be logged to console only (development mode)
🚀 Starting PDFLab Backend API...
Executing (default): SELECT 1+1 AS result
✓ Database connection established successfully
Executing (default): SELECT TABLE_NAME FROM INFORMATION_SCHEMA.TABLES WHERE TABLE_TYPE = 'BASE TABLE' AND TABLE_NAME = 'users' AND TABLE_SCHEMA = 'pdflab'
Executing (default): SHOW FULL COLUMNS FROM `users`;
Executing (default): SELECT CONSTRAINT_NAME as constraint_name,CONSTRAINT_NAME as constraintName,CONSTRAINT_SCHEMA as constraintSchema,CONSTRAINT_SCHEMA as constraintCatalog,TABLE_NAME as tableName,TABLE_SCHEMA as tableSchema,TABLE_SCHEMA as tableCatalog,COLUMN_NAME as columnName,REFERENCED_TABLE_SCHEMA as referencedTableSchema,REFERENCED_TABLE_SCHEMA as referencedTableCatalog,REFERENCED_TABLE_NAME as referencedTableName,REFERENCED_COLUMN_NAME as referencedColumnName FROM INFORMATION_SCHEMA.KEY_COLUMN_USAGE where TABLE_NAME = 'users' AND CONSTRAINT_NAME!='PRIMARY' AND CONSTRAINT_SCHEMA='pdflab' AND REFERENCED_TABLE_NAME IS NOT NULL;
Executing (default): ALTER TABLE `users` CHANGE `email` `email` VARCHAR(255) NOT NULL UNIQUE;
Executing (default): ALTER TABLE `users` CHANGE `password_hash` `password_hash` VARCHAR(255) NOT NULL;
Executing (default): ALTER TABLE `users` CHANGE `name` `name` VARCHAR(255);
Executing (default): ALTER TABLE `users` CHANGE `role` `role` ENUM('user', 'support', 'finance', 'admin', 'super_admin') NOT NULL DEFAULT 'user';
Executing (default): ALTER TABLE `users` CHANGE `plan` `plan` ENUM('free', 'starter', 'pro', 'enterprise') NOT NULL DEFAULT 'free';
Executing (default): ALTER TABLE `users` CHANGE `conversions_used` `conversions_used` INTEGER NOT NULL DEFAULT 0;
Executing (default): ALTER TABLE `users` CHANGE `conversions_limit` `conversions_limit` INTEGER NOT NULL DEFAULT 3;
Executing (default): ALTER TABLE `users` CHANGE `stripe_customer_id` `stripe_customer_id` VARCHAR(255);
Executing (default): ALTER TABLE `users` CHANGE `subscription_id` `subscription_id` VARCHAR(255);
Executing (default): ALTER TABLE `users` CHANGE `subscription_status` `subscription_status` ENUM('active', 'canceled', 'past_due', 'trialing');
Executing (default): ALTER TABLE `users` CHANGE `subscription_end_date` `subscription_end_date` DATETIME;
Executing (default): ALTER TABLE `users` CHANGE `failed_reset_attempts` `failed_reset_attempts` INTEGER NOT NULL DEFAULT 0;
Executing (default): ALTER TABLE `users` CHANGE `reset_locked_until` `reset_locked_until` DATETIME;
Executing (default): ALTER TABLE `users` CHANGE `created_at` `created_at` DATETIME NOT NULL;
Executing (default): ALTER TABLE `users` CHANGE `updated_at` `updated_at` DATETIME NOT NULL;
Executing (default): ALTER TABLE `users` CHANGE `last_login` `last_login` DATETIME;
Executing (default): SHOW INDEX FROM `users` FROM `pdflab`
Executing (default): SELECT TABLE_NAME FROM INFORMATION_SCHEMA.TABLES WHERE TABLE_TYPE = 'BASE TABLE' AND TABLE_NAME = 'admin_audit_logs' AND TABLE_SCHEMA = 'pdflab'
Executing (default): SHOW FULL COLUMNS FROM `admin_audit_logs`;
Executing (default): SELECT CONSTRAINT_NAME as constraint_name,CONSTRAINT_NAME as constraintName,CONSTRAINT_SCHEMA as constraintSchema,CONSTRAINT_SCHEMA as constraintCatalog,TABLE_NAME as tableName,TABLE_SCHEMA as tableSchema,TABLE_SCHEMA as tableCatalog,COLUMN_NAME as columnName,REFERENCED_TABLE_SCHEMA as referencedTableSchema,REFERENCED_TABLE_SCHEMA as referencedTableCatalog,REFERENCED_TABLE_NAME as referencedTableName,REFERENCED_COLUMN_NAME as referencedColumnName FROM INFORMATION_SCHEMA.KEY_COLUMN_USAGE where TABLE_NAME = 'admin_audit_logs' AND CONSTRAINT_NAME!='PRIMARY' AND CONSTRAINT_SCHEMA='pdflab' AND REFERENCED_TABLE_NAME IS NOT NULL;
Executing (default): SELECT CONSTRAINT_CATALOG AS constraintCatalog, CONSTRAINT_NAME AS constraintName, CONSTRAINT_SCHEMA AS constraintSchema, CONSTRAINT_TYPE AS constraintType, TABLE_NAME AS tableName, TABLE_SCHEMA AS tableSchema from INFORMATION_SCHEMA.TABLE_CONSTRAINTS WHERE table_name='admin_audit_logs' AND constraint_name = 'admin_audit_logs_ibfk_1' AND TABLE_SCHEMA = 'pdflab';
Executing (default): ALTER TABLE `admin_audit_logs` DROP FOREIGN KEY `admin_audit_logs_ibfk_1`;
Executing (default): ALTER TABLE `admin_audit_logs` ADD FOREIGN KEY (`admin_user_id`) REFERENCES `users` (`id`) ON DELETE CASCADE ON UPDATE CASCADE;
Executing (default): ALTER TABLE `admin_audit_logs` CHANGE `action` `action` VARCHAR(100) NOT NULL;
Executing (default): ALTER TABLE `admin_audit_logs` CHANGE `entity_type` `entity_type` VARCHAR(50) NOT NULL;
Executing (default): ALTER TABLE `admin_audit_logs` CHANGE `entity_id` `entity_id` CHAR(36) BINARY;
Executing (default): ALTER TABLE `admin_audit_logs` CHANGE `changes` `changes` JSON;
Executing (default): ALTER TABLE `admin_audit_logs` CHANGE `ip_address` `ip_address` VARCHAR(45);
Executing (default): ALTER TABLE `admin_audit_logs` CHANGE `user_agent` `user_agent` TEXT;
Executing (default): ALTER TABLE `admin_audit_logs` CHANGE `severity` `severity` ENUM('info', 'warning', 'critical') NOT NULL DEFAULT 'info';
Executing (default): ALTER TABLE `admin_audit_logs` CHANGE `checksum` `checksum` VARCHAR(64);
Executing (default): ALTER TABLE `admin_audit_logs` CHANGE `created_at` `created_at` DATETIME NOT NULL;
Executing (default): SHOW INDEX FROM `admin_audit_logs` FROM `pdflab`
Executing (default): SELECT TABLE_NAME FROM INFORMATION_SCHEMA.TABLES WHERE TABLE_TYPE = 'BASE TABLE' AND TABLE_NAME = 'system_health_logs' AND TABLE_SCHEMA = 'pdflab'
Executing (default): SHOW FULL COLUMNS FROM `system_health_logs`;
Executing (default): SELECT CONSTRAINT_NAME as constraint_name,CONSTRAINT_NAME as constraintName,CONSTRAINT_SCHEMA as constraintSchema,CONSTRAINT_SCHEMA as constraintCatalog,TABLE_NAME as tableName,TABLE_SCHEMA as tableSchema,TABLE_SCHEMA as tableCatalog,COLUMN_NAME as columnName,REFERENCED_TABLE_SCHEMA as referencedTableSchema,REFERENCED_TABLE_SCHEMA as referencedTableCatalog,REFERENCED_TABLE_NAME as referencedTableName,REFERENCED_COLUMN_NAME as referencedColumnName FROM INFORMATION_SCHEMA.KEY_COLUMN_USAGE where TABLE_NAME = 'system_health_logs' AND CONSTRAINT_NAME!='PRIMARY' AND CONSTRAINT_SCHEMA='pdflab' AND REFERENCED_TABLE_NAME IS NOT NULL;
Executing (default): ALTER TABLE `system_health_logs` CHANGE `metric_name` `metric_name` VARCHAR(100) NOT NULL;
Executing (default): ALTER TABLE `system_health_logs` CHANGE `metric_value` `metric_value` DECIMAL(10,2);
Executing (default): ALTER TABLE `system_health_logs` CHANGE `status` `status` ENUM('healthy', 'warning', 'critical') NOT NULL DEFAULT 'healthy';
Executing (default): ALTER TABLE `system_health_logs` CHANGE `details` `details` JSON;
Executing (default): ALTER TABLE `system_health_logs` CHANGE `created_at` `created_at` DATETIME NOT NULL;
Executing (default): SHOW INDEX FROM `system_health_logs` FROM `pdflab`
Executing (default): SELECT TABLE_NAME FROM INFORMATION_SCHEMA.TABLES WHERE TABLE_TYPE = 'BASE TABLE' AND TABLE_NAME = 'conversion_jobs' AND TABLE_SCHEMA = 'pdflab'
Executing (default): SHOW FULL COLUMNS FROM `conversion_jobs`;
Executing (default): SELECT CONSTRAINT_NAME as constraint_name,CONSTRAINT_NAME as constraintName,CONSTRAINT_SCHEMA as constraintSchema,CONSTRAINT_SCHEMA as constraintCatalog,TABLE_NAME as tableName,TABLE_SCHEMA as tableSchema,TABLE_SCHEMA as tableCatalog,COLUMN_NAME as columnName,REFERENCED_TABLE_SCHEMA as referencedTableSchema,REFERENCED_TABLE_SCHEMA as referencedTableCatalog,REFERENCED_TABLE_NAME as referencedTableName,REFERENCED_COLUMN_NAME as referencedColumnName FROM INFORMATION_SCHEMA.KEY_COLUMN_USAGE where TABLE_NAME = 'conversion_jobs' AND CONSTRAINT_NAME!='PRIMARY' AND CONSTRAINT_SCHEMA='pdflab' AND REFERENCED_TABLE_NAME IS NOT NULL;
Executing (default): SELECT CONSTRAINT_CATALOG AS constraintCatalog, CONSTRAINT_NAME AS constraintName, CONSTRAINT_SCHEMA AS constraintSchema, CONSTRAINT_TYPE AS constraintType, TABLE_NAME AS tableName, TABLE_SCHEMA AS tableSchema from INFORMATION_SCHEMA.TABLE_CONSTRAINTS WHERE table_name='conversion_jobs' AND constraint_name = 'conversion_jobs_ibfk_1' AND TABLE_SCHEMA = 'pdflab';
Executing (default): ALTER TABLE `conversion_jobs` DROP FOREIGN KEY `conversion_jobs_ibfk_1`;
Executing (default): ALTER TABLE `conversion_jobs` ADD FOREIGN KEY (`user_id`) REFERENCES `users` (`id`) ON DELETE CASCADE ON UPDATE CASCADE;
Executing (default): ALTER TABLE `conversion_jobs` CHANGE `type` `type` ENUM('pdf_to_pptx', 'pdf_to_docx', 'pdf_to_xlsx', 'pdf_to_images', 'pdf_merge') NOT NULL;
Executing (default): ALTER TABLE `conversion_jobs` CHANGE `status` `status` ENUM('pending', 'queued', 'processing', 'completed', 'failed') NOT NULL DEFAULT 'pending';
Executing (default): ALTER TABLE `conversion_jobs` CHANGE `progress` `progress` INTEGER NOT NULL DEFAULT 0;
Executing (default): ALTER TABLE `conversion_jobs` CHANGE `input_file` `input_file` VARCHAR(500);
Executing (default): ALTER TABLE `conversion_jobs` CHANGE `output_file` `output_file` VARCHAR(500);
Executing (default): ALTER TABLE `conversion_jobs` CHANGE `file_name` `file_name` VARCHAR(255) NOT NULL;
Executing (default): ALTER TABLE `conversion_jobs` CHANGE `file_size` `file_size` BIGINT NOT NULL;
Executing (default): ALTER TABLE `conversion_jobs` CHANGE `cloudconvert_job_id` `cloudconvert_job_id` VARCHAR(255);
Executing (default): ALTER TABLE `conversion_jobs` CHANGE `error_message` `error_message` TEXT;
Executing (default): ALTER TABLE `conversion_jobs` CHANGE `estimated_time` `estimated_time` INTEGER COMMENT 'Estimated processing time in seconds';
Executing (default): ALTER TABLE `conversion_jobs` CHANGE `processing_started_at` `processing_started_at` DATETIME;
Executing (default): ALTER TABLE `conversion_jobs` CHANGE `processing_completed_at` `processing_completed_at` DATETIME;
20:33:10 [tsx] change in ./src\models\ConversionJob.ts Restarting...
c⚠ Email service not configured - missing SMTP credentials
  Emails will be logged to console only (development mode)
🚀 Starting PDFLab Backend API...
Executing (default): SELECT 1+1 AS result
✓ Database connection established successfully
Executing (default): SELECT TABLE_NAME FROM INFORMATION_SCHEMA.TABLES WHERE TABLE_TYPE = 'BASE TABLE' AND TABLE_NAME = 'users' AND TABLE_SCHEMA = 'pdflab'
Executing (default): SHOW FULL COLUMNS FROM `users`;
Executing (default): SELECT CONSTRAINT_NAME as constraint_name,CONSTRAINT_NAME as constraintName,CONSTRAINT_SCHEMA as constraintSchema,CONSTRAINT_SCHEMA as constraintCatalog,TABLE_NAME as tableName,TABLE_SCHEMA as tableSchema,TABLE_SCHEMA as tableCatalog,COLUMN_NAME as columnName,REFERENCED_TABLE_SCHEMA as referencedTableSchema,REFERENCED_TABLE_SCHEMA as referencedTableCatalog,REFERENCED_TABLE_NAME as referencedTableName,REFERENCED_COLUMN_NAME as referencedColumnName FROM INFORMATION_SCHEMA.KEY_COLUMN_USAGE where TABLE_NAME = 'users' AND CONSTRAINT_NAME!='PRIMARY' AND CONSTRAINT_SCHEMA='pdflab' AND REFERENCED_TABLE_NAME IS NOT NULL;
Executing (default): ALTER TABLE `users` CHANGE `email` `email` VARCHAR(255) NOT NULL UNIQUE;
Executing (default): ALTER TABLE `users` CHANGE `password_hash` `password_hash` VARCHAR(255) NOT NULL;
Executing (default): ALTER TABLE `users` CHANGE `name` `name` VARCHAR(255);
Executing (default): ALTER TABLE `users` CHANGE `role` `role` ENUM('user', 'support', 'finance', 'admin', 'super_admin') NOT NULL DEFAULT 'user';
Executing (default): ALTER TABLE `users` CHANGE `plan` `plan` ENUM('free', 'starter', 'pro', 'enterprise') NOT NULL DEFAULT 'free';
Executing (default): ALTER TABLE `users` CHANGE `conversions_used` `conversions_used` INTEGER NOT NULL DEFAULT 0;
Executing (default): ALTER TABLE `users` CHANGE `conversions_limit` `conversions_limit` INTEGER NOT NULL DEFAULT 3;
Executing (default): ALTER TABLE `users` CHANGE `stripe_customer_id` `stripe_customer_id` VARCHAR(255);
Executing (default): ALTER TABLE `users` CHANGE `subscription_id` `subscription_id` VARCHAR(255);
Executing (default): ALTER TABLE `users` CHANGE `subscription_status` `subscription_status` ENUM('active', 'canceled', 'past_due', 'trialing');
Executing (default): ALTER TABLE `users` CHANGE `subscription_end_date` `subscription_end_date` DATETIME;
Executing (default): ALTER TABLE `users` CHANGE `failed_reset_attempts` `failed_reset_attempts` INTEGER NOT NULL DEFAULT 0;
Executing (default): ALTER TABLE `users` CHANGE `reset_locked_until` `reset_locked_until` DATETIME;
Executing (default): ALTER TABLE `users` CHANGE `created_at` `created_at` DATETIME NOT NULL;
Executing (default): ALTER TABLE `users` CHANGE `updated_at` `updated_at` DATETIME NOT NULL;
Executing (default): ALTER TABLE `users` CHANGE `last_login` `last_login` DATETIME;
Executing (default): SHOW INDEX FROM `users` FROM `pdflab`
Executing (default): SELECT TABLE_NAME FROM INFORMATION_SCHEMA.TABLES WHERE TABLE_TYPE = 'BASE TABLE' AND TABLE_NAME = 'admin_audit_logs' AND TABLE_SCHEMA = 'pdflab'
Executing (default): SHOW FULL COLUMNS FROM `admin_audit_logs`;
Executing (default): SELECT CONSTRAINT_NAME as constraint_name,CONSTRAINT_NAME as constraintName,CONSTRAINT_SCHEMA as constraintSchema,CONSTRAINT_SCHEMA as constraintCatalog,TABLE_NAME as tableName,TABLE_SCHEMA as tableSchema,TABLE_SCHEMA as tableCatalog,COLUMN_NAME as columnName,REFERENCED_TABLE_SCHEMA as referencedTableSchema,REFERENCED_TABLE_SCHEMA as referencedTableCatalog,REFERENCED_TABLE_NAME as referencedTableName,REFERENCED_COLUMN_NAME as referencedColumnName FROM INFORMATION_SCHEMA.KEY_COLUMN_USAGE where TABLE_NAME = 'admin_audit_logs' AND CONSTRAINT_NAME!='PRIMARY' AND CONSTRAINT_SCHEMA='pdflab' AND REFERENCED_TABLE_NAME IS NOT NULL;
Executing (default): SELECT CONSTRAINT_CATALOG AS constraintCatalog, CONSTRAINT_NAME AS constraintName, CONSTRAINT_SCHEMA AS constraintSchema, CONSTRAINT_TYPE AS constraintType, TABLE_NAME AS tableName, TABLE_SCHEMA AS tableSchema from INFORMATION_SCHEMA.TABLE_CONSTRAINTS WHERE table_name='admin_audit_logs' AND constraint_name = 'admin_audit_logs_ibfk_1' AND TABLE_SCHEMA = 'pdflab';
Executing (default): ALTER TABLE `admin_audit_logs` DROP FOREIGN KEY `admin_audit_logs_ibfk_1`;
Executing (default): ALTER TABLE `admin_audit_logs` ADD FOREIGN KEY (`admin_user_id`) REFERENCES `users` (`id`) ON DELETE CASCADE ON UPDATE CASCADE;
Executing (default): ALTER TABLE `admin_audit_logs` CHANGE `action` `action` VARCHAR(100) NOT NULL;
Executing (default): ALTER TABLE `admin_audit_logs` CHANGE `entity_type` `entity_type` VARCHAR(50) NOT NULL;
Executing (default): ALTER TABLE `admin_audit_logs` CHANGE `entity_id` `entity_id` CHAR(36) BINARY;
Executing (default): ALTER TABLE `admin_audit_logs` CHANGE `changes` `changes` JSON;
Executing (default): ALTER TABLE `admin_audit_logs` CHANGE `ip_address` `ip_address` VARCHAR(45);
Executing (default): ALTER TABLE `admin_audit_logs` CHANGE `user_agent` `user_agent` TEXT;
Executing (default): ALTER TABLE `admin_audit_logs` CHANGE `severity` `severity` ENUM('info', 'warning', 'critical') NOT NULL DEFAULT 'info';
Executing (default): ALTER TABLE `admin_audit_logs` CHANGE `checksum` `checksum` VARCHAR(64);
Executing (default): ALTER TABLE `admin_audit_logs` CHANGE `created_at` `created_at` DATETIME NOT NULL;
Executing (default): SHOW INDEX FROM `admin_audit_logs` FROM `pdflab`
Executing (default): SELECT TABLE_NAME FROM INFORMATION_SCHEMA.TABLES WHERE TABLE_TYPE = 'BASE TABLE' AND TABLE_NAME = 'system_health_logs' AND TABLE_SCHEMA = 'pdflab'
Executing (default): SHOW FULL COLUMNS FROM `system_health_logs`;
Executing (default): SELECT CONSTRAINT_NAME as constraint_name,CONSTRAINT_NAME as constraintName,CONSTRAINT_SCHEMA as constraintSchema,CONSTRAINT_SCHEMA as constraintCatalog,TABLE_NAME as tableName,TABLE_SCHEMA as tableSchema,TABLE_SCHEMA as tableCatalog,COLUMN_NAME as columnName,REFERENCED_TABLE_SCHEMA as referencedTableSchema,REFERENCED_TABLE_SCHEMA as referencedTableCatalog,REFERENCED_TABLE_NAME as referencedTableName,REFERENCED_COLUMN_NAME as referencedColumnName FROM INFORMATION_SCHEMA.KEY_COLUMN_USAGE where TABLE_NAME = 'system_health_logs' AND CONSTRAINT_NAME!='PRIMARY' AND CONSTRAINT_SCHEMA='pdflab' AND REFERENCED_TABLE_NAME IS NOT NULL;
Executing (default): ALTER TABLE `system_health_logs` CHANGE `metric_name` `metric_name` VARCHAR(100) NOT NULL;
Executing (default): ALTER TABLE `system_health_logs` CHANGE `metric_value` `metric_value` DECIMAL(10,2);
Executing (default): ALTER TABLE `system_health_logs` CHANGE `status` `status` ENUM('healthy', 'warning', 'critical') NOT NULL DEFAULT 'healthy';
Executing (default): ALTER TABLE `system_health_logs` CHANGE `details` `details` JSON;
Executing (default): ALTER TABLE `system_health_logs` CHANGE `created_at` `created_at` DATETIME NOT NULL;
Executing (default): SHOW INDEX FROM `system_health_logs` FROM `pdflab`
Executing (default): SELECT TABLE_NAME FROM INFORMATION_SCHEMA.TABLES WHERE TABLE_TYPE = 'BASE TABLE' AND TABLE_NAME = 'conversion_jobs' AND TABLE_SCHEMA = 'pdflab'
Executing (default): SHOW FULL COLUMNS FROM `conversion_jobs`;
Executing (default): SELECT CONSTRAINT_NAME as constraint_name,CONSTRAINT_NAME as constraintName,CONSTRAINT_SCHEMA as constraintSchema,CONSTRAINT_SCHEMA as constraintCatalog,TABLE_NAME as tableName,TABLE_SCHEMA as tableSchema,TABLE_SCHEMA as tableCatalog,COLUMN_NAME as columnName,REFERENCED_TABLE_SCHEMA as referencedTableSchema,REFERENCED_TABLE_SCHEMA as referencedTableCatalog,REFERENCED_TABLE_NAME as referencedTableName,REFERENCED_COLUMN_NAME as referencedColumnName FROM INFORMATION_SCHEMA.KEY_COLUMN_USAGE where TABLE_NAME = 'conversion_jobs' AND CONSTRAINT_NAME!='PRIMARY' AND CONSTRAINT_SCHEMA='pdflab' AND REFERENCED_TABLE_NAME IS NOT NULL;
Executing (default): SELECT CONSTRAINT_CATALOG AS constraintCatalog, CONSTRAINT_NAME AS constraintName, CONSTRAINT_SCHEMA AS constraintSchema, CONSTRAINT_TYPE AS constraintType, TABLE_NAME AS tableName, TABLE_SCHEMA AS tableSchema from INFORMATION_SCHEMA.TABLE_CONSTRAINTS WHERE table_name='conversion_jobs' AND constraint_name = 'conversion_jobs_ibfk_1' AND TABLE_SCHEMA = 'pdflab';
Executing (default): ALTER TABLE `conversion_jobs` DROP FOREIGN KEY `conversion_jobs_ibfk_1`;
Executing (default): ALTER TABLE `conversion_jobs` ADD FOREIGN KEY (`user_id`) REFERENCES `users` (`id`) ON DELETE CASCADE ON UPDATE CASCADE;
Executing (default): ALTER TABLE `conversion_jobs` CHANGE `type` `type` ENUM('pdf_to_pptx', 'pdf_to_docx', 'pdf_to_xlsx', 'pdf_to_images', 'pdf_merge') NOT NULL;
Executing (default): ALTER TABLE `conversion_jobs` CHANGE `status` `status` ENUM('pending', 'queued', 'processing', 'completed', 'failed') NOT NULL DEFAULT 'pending';
Executing (default): ALTER TABLE `conversion_jobs` CHANGE `progress` `progress` INTEGER NOT NULL DEFAULT 0;
Executing (default): ALTER TABLE `conversion_jobs` CHANGE `input_file` `input_file` VARCHAR(500);
Executing (default): ALTER TABLE `conversion_jobs` CHANGE `output_file` `output_file` VARCHAR(500);
Executing (default): ALTER TABLE `conversion_jobs` CHANGE `file_name` `file_name` VARCHAR(255) NOT NULL;
Executing (default): ALTER TABLE `conversion_jobs` CHANGE `file_size` `file_size` BIGINT NOT NULL;
Executing (default): ALTER TABLE `conversion_jobs` CHANGE `cloudconvert_job_id` `cloudconvert_job_id` VARCHAR(255);
Executing (default): ALTER TABLE `conversion_jobs` CHANGE `error_message` `error_message` TEXT;
Executing (default): ALTER TABLE `conversion_jobs` CHANGE `estimated_time` `estimated_time` INTEGER COMMENT 'Estimated processing time in seconds';
Executing (default): ALTER TABLE `conversion_jobs` CHANGE `processing_started_at` `processing_started_at` DATETIME;
Executing (default): ALTER TABLE `conversion_jobs` CHANGE `processing_completed_at` `processing_completed_at` DATETIME;
Executing (default): ALTER TABLE `conversion_jobs` CHANGE `created_at` `created_at` DATETIME NOT NULL;
Executing (default): ALTER TABLE `conversion_jobs` CHANGE `updated_at` `updated_at` DATETIME NOT NULL;
Executing (default): ALTER TABLE `conversion_jobs` CHANGE `expires_at` `expires_at` DATETIME NOT NULL;
Executing (default): SHOW INDEX FROM `conversion_jobs` FROM `pdflab`
Executing (default): SELECT TABLE_NAME FROM INFORMATION_SCHEMA.TABLES WHERE TABLE_TYPE = 'BASE TABLE' AND TABLE_NAME = 'usage_logs' AND TABLE_SCHEMA = 'pdflab'
Executing (default): SHOW FULL COLUMNS FROM `usage_logs`;
Executing (default): SELECT CONSTRAINT_NAME as constraint_name,CONSTRAINT_NAME as constraintName,CONSTRAINT_SCHEMA as constraintSchema,CONSTRAINT_SCHEMA as constraintCatalog,TABLE_NAME as tableName,TABLE_SCHEMA as tableSchema,TABLE_SCHEMA as tableCatalog,COLUMN_NAME as columnName,REFERENCED_TABLE_SCHEMA as referencedTableSchema,REFERENCED_TABLE_SCHEMA as referencedTableCatalog,REFERENCED_TABLE_NAME as referencedTableName,REFERENCED_COLUMN_NAME as referencedColumnName FROM INFORMATION_SCHEMA.KEY_COLUMN_USAGE where TABLE_NAME = 'usage_logs' AND CONSTRAINT_NAME!='PRIMARY' AND CONSTRAINT_SCHEMA='pdflab' AND REFERENCED_TABLE_NAME IS NOT NULL;
Executing (default): SELECT CONSTRAINT_CATALOG AS constraintCatalog, CONSTRAINT_NAME AS constraintName, CONSTRAINT_SCHEMA AS constraintSchema, CONSTRAINT_TYPE AS constraintType, TABLE_NAME AS tableName, TABLE_SCHEMA AS tableSchema from INFORMATION_SCHEMA.TABLE_CONSTRAINTS WHERE table_name='usage_logs' AND constraint_name = 'usage_logs_ibfk_61' AND TABLE_SCHEMA = 'pdflab';
Executing (default): ALTER TABLE `usage_logs` DROP FOREIGN KEY `usage_logs_ibfk_61`;
Executing (default): ALTER TABLE `usage_logs` ADD FOREIGN KEY (`user_id`) REFERENCES `users` (`id`) ON DELETE CASCADE ON UPDATE CASCADE;
Executing (default): SELECT CONSTRAINT_CATALOG AS constraintCatalog, CONSTRAINT_NAME AS constraintName, CONSTRAINT_SCHEMA AS constraintSchema, CONSTRAINT_TYPE AS constraintType, TABLE_NAME AS tableName, TABLE_SCHEMA AS tableSchema from INFORMATION_SCHEMA.TABLE_CONSTRAINTS WHERE table_name='usage_logs' AND constraint_name = 'usage_logs_ibfk_62' AND TABLE_SCHEMA = 'pdflab';
Executing (default): ALTER TABLE `usage_logs` DROP FOREIGN KEY `usage_logs_ibfk_62`;
Executing (default): ALTER TABLE `usage_logs` ADD FOREIGN KEY (`job_id`) REFERENCES `conversion_jobs` (`id`) ON DELETE SET NULL ON UPDATE CASCADE;
Executing (default): ALTER TABLE `usage_logs` CHANGE `operation_type` `operation_type` VARCHAR(50) NOT NULL;
Executing (default): ALTER TABLE `usage_logs` CHANGE `success` `success` TINYINT(1) NOT NULL DEFAULT false;
Executing (default): ALTER TABLE `usage_logs` CHANGE `processing_time` `processing_time` INTEGER COMMENT 'Processing time in milliseconds';
Executing (default): ALTER TABLE `usage_logs` CHANGE `file_size` `file_size` BIGINT NOT NULL;
Executing (default): ALTER TABLE `usage_logs` CHANGE `error_code` `error_code` VARCHAR(50);
Executing (default): ALTER TABLE `usage_logs` CHANGE `timestamp` `timestamp` DATETIME NOT NULL;
Executing (default): SHOW INDEX FROM `usage_logs` FROM `pdflab`
Executing (default): SELECT TABLE_NAME FROM INFORMATION_SCHEMA.TABLES WHERE TABLE_TYPE = 'BASE TABLE' AND TABLE_NAME = 'subscriptions' AND TABLE_SCHEMA = 'pdflab'
Executing (default): SHOW FULL COLUMNS FROM `subscriptions`;
Executing (default): SELECT CONSTRAINT_NAME as constraint_name,CONSTRAINT_NAME as constraintName,CONSTRAINT_SCHEMA as constraintSchema,CONSTRAINT_SCHEMA as constraintCatalog,TABLE_NAME as tableName,TABLE_SCHEMA as tableSchema,TABLE_SCHEMA as tableCatalog,COLUMN_NAME as columnName,REFERENCED_TABLE_SCHEMA as referencedTableSchema,REFERENCED_TABLE_SCHEMA as referencedTableCatalog,REFERENCED_TABLE_NAME as referencedTableName,REFERENCED_COLUMN_NAME as referencedColumnName FROM INFORMATION_SCHEMA.KEY_COLUMN_USAGE where TABLE_NAME = 'subscriptions' AND CONSTRAINT_NAME!='PRIMARY' AND CONSTRAINT_SCHEMA='pdflab' AND REFERENCED_TABLE_NAME IS NOT NULL;
Executing (default): SELECT CONSTRAINT_CATALOG AS constraintCatalog, CONSTRAINT_NAME AS constraintName, CONSTRAINT_SCHEMA AS constraintSchema, CONSTRAINT_TYPE AS constraintType, TABLE_NAME AS tableName, TABLE_SCHEMA AS tableSchema from INFORMATION_SCHEMA.TABLE_CONSTRAINTS WHERE table_name='subscriptions' AND constraint_name = 'subscriptions_ibfk_1' AND TABLE_SCHEMA = 'pdflab';
Executing (default): ALTER TABLE `subscriptions` DROP FOREIGN KEY `subscriptions_ibfk_1`;
Executing (default): ALTER TABLE `subscriptions` ADD FOREIGN KEY (`user_id`) REFERENCES `users` (`id`) ON DELETE CASCADE ON UPDATE CASCADE;
Executing (default): ALTER TABLE `subscriptions` CHANGE `plan` `plan` ENUM('free', 'starter', 'pro', 'enterprise') NOT NULL DEFAULT 'free';
Executing (default): ALTER TABLE `subscriptions` CHANGE `status` `status` ENUM('active', 'canceled', 'past_due', 'trialing', 'pending') NOT NULL DEFAULT 'pending';
Executing (default): ALTER TABLE `subscriptions` CHANGE `payfast_token` `payfast_token` VARCHAR(255) COMMENT 'PayFast subscription token for recurring payments';
Executing (default): ALTER TABLE `subscriptions` CHANGE `payfast_subscription_id` `payfast_subscription_id` VARCHAR(255) COMMENT 'PayFast subscription ID';
Executing (default): ALTER TABLE `subscriptions` CHANGE `amount` `amount` DECIMAL(10,2) NOT NULL COMMENT 'Subscription amount in currency';
Executing (default): ALTER TABLE `subscriptions` CHANGE `currency` `currency` VARCHAR(3) NOT NULL DEFAULT 'USD' COMMENT 'Currency code (USD for United States Dollar)';
Executing (default): ALTER TABLE `subscriptions` CHANGE `billing_date` `billing_date` DATETIME COMMENT 'First billing date';
Executing (default): ALTER TABLE `subscriptions` CHANGE `next_billing_date` `next_billing_date` DATETIME COMMENT 'Next billing date for recurring subscription';
Executing (default): ALTER TABLE `subscriptions` CHANGE `cancel_at` `cancel_at` DATETIME COMMENT 'Scheduled cancellation date';
Executing (default): ALTER TABLE `subscriptions` CHANGE `canceled_at` `canceled_at` DATETIME COMMENT 'Actual cancellation timestamp';
Executing (default): ALTER TABLE `subscriptions` CHANGE `trial_end` `trial_end` DATETIME COMMENT 'Trial period end date';
Executing (default): ALTER TABLE `subscriptions` CHANGE `started_at` `started_at` DATETIME NOT NULL COMMENT 'Subscription start date';
Executing (default): ALTER TABLE `subscriptions` CHANGE `ended_at` `ended_at` DATETIME COMMENT 'Subscription end date (if canceled)';
Executing (default): ALTER TABLE `subscriptions` CHANGE `created_at` `created_at` DATETIME NOT NULL;
Executing (default): ALTER TABLE `subscriptions` CHANGE `updated_at` `updated_at` DATETIME NOT NULL;
Executing (default): SHOW INDEX FROM `subscriptions` FROM `pdflab`
Executing (default): SELECT TABLE_NAME FROM INFORMATION_SCHEMA.TABLES WHERE TABLE_TYPE = 'BASE TABLE' AND TABLE_NAME = 'payment_logs' AND TABLE_SCHEMA = 'pdflab'
Executing (default): SHOW FULL COLUMNS FROM `payment_logs`;
Executing (default): SELECT CONSTRAINT_NAME as constraint_name,CONSTRAINT_NAME as constraintName,CONSTRAINT_SCHEMA as constraintSchema,CONSTRAINT_SCHEMA as constraintCatalog,TABLE_NAME as tableName,TABLE_SCHEMA as tableSchema,TABLE_SCHEMA as tableCatalog,COLUMN_NAME as columnName,REFERENCED_TABLE_SCHEMA as referencedTableSchema,REFERENCED_TABLE_SCHEMA as referencedTableCatalog,REFERENCED_TABLE_NAME as referencedTableName,REFERENCED_COLUMN_NAME as referencedColumnName FROM INFORMATION_SCHEMA.KEY_COLUMN_USAGE where TABLE_NAME = 'payment_logs' AND CONSTRAINT_NAME!='PRIMARY' AND CONSTRAINT_SCHEMA='pdflab' AND REFERENCED_TABLE_NAME IS NOT NULL;
Executing (default): SELECT CONSTRAINT_CATALOG AS constraintCatalog, CONSTRAINT_NAME AS constraintName, CONSTRAINT_SCHEMA AS constraintSchema, CONSTRAINT_TYPE AS constraintType, TABLE_NAME AS tableName, TABLE_SCHEMA AS tableSchema from INFORMATION_SCHEMA.TABLE_CONSTRAINTS WHERE table_name='payment_logs' AND constraint_name = 'payment_logs_ibfk_45' AND TABLE_SCHEMA = 'pdflab';
Executing (default): ALTER TABLE `payment_logs` DROP FOREIGN KEY `payment_logs_ibfk_45`;
Executing (default): ALTER TABLE `payment_logs` ADD FOREIGN KEY (`user_id`) REFERENCES `users` (`id`) ON DELETE CASCADE ON UPDATE CASCADE;
Executing (default): SELECT CONSTRAINT_CATALOG AS constraintCatalog, CONSTRAINT_NAME AS constraintName, CONSTRAINT_SCHEMA AS constraintSchema, CONSTRAINT_TYPE AS constraintType, TABLE_NAME AS tableName, TABLE_SCHEMA AS tableSchema from INFORMATION_SCHEMA.TABLE_CONSTRAINTS WHERE table_name='payment_logs' AND constraint_name = 'payment_logs_ibfk_46' AND TABLE_SCHEMA = 'pdflab';
Executing (default): ALTER TABLE `payment_logs` DROP FOREIGN KEY `payment_logs_ibfk_46`;
Executing (default): ALTER TABLE `payment_logs` ADD FOREIGN KEY (`subscription_id`) REFERENCES `subscriptions` (`id`) ON DELETE SET NULL ON UPDATE CASCADE;
Executing (default): ALTER TABLE `payment_logs` CHANGE `transaction_id` `transaction_id` VARCHAR(255) NOT NULL UNIQUE COMMENT 'Our internal transaction ID (m_payment_id)';
Executing (default): ALTER TABLE `payment_logs` CHANGE `payfast_payment_id` `payfast_payment_id` VARCHAR(255) COMMENT 'PayFast payment ID (pf_payment_id)';
Executing (default): ALTER TABLE `payment_logs` CHANGE `payment_type` `payment_type` ENUM('subscription', 'subscription_payment', 'one_time', 'refund') NOT NULL DEFAULT 'one_time';
Executing (default): ALTER TABLE `payment_logs` CHANGE `status` `status` ENUM('complete', 'failed', 'pending', 'cancelled') NOT NULL DEFAULT 'pending';
Executing (default): ALTER TABLE `payment_logs` CHANGE `amount_gross` `amount_gross` DECIMAL(10,2) NOT NULL COMMENT 'Gross amount before fees';
Executing (default): ALTER TABLE `payment_logs` CHANGE `amount_fee` `amount_fee` DECIMAL(10,2) NOT NULL DEFAULT 0 COMMENT 'PayFast processing fee';
Executing (default): ALTER TABLE `payment_logs` CHANGE `amount_net` `amount_net` DECIMAL(10,2) NOT NULL COMMENT 'Net amount after fees';
Executing (default): ALTER TABLE `payment_logs` CHANGE `currency` `currency` VARCHAR(3) NOT NULL DEFAULT 'USD';
Executing (default): ALTER TABLE `payment_logs` CHANGE `plan` `plan` VARCHAR(50) NOT NULL COMMENT 'Plan name (free, starter, pro, enterprise)';
Executing (default): ALTER TABLE `payment_logs` CHANGE `payment_method` `payment_method` VARCHAR(50) COMMENT 'Payment method used (eft, credit_card, etc.)';
Executing (default): ALTER TABLE `payment_logs` CHANGE `name_first` `name_first` VARCHAR(255) NOT NULL;
Executing (default): ALTER TABLE `payment_logs` CHANGE `name_last` `name_last` VARCHAR(255);
Executing (default): ALTER TABLE `payment_logs` CHANGE `email_address` `email_address` VARCHAR(255) NOT NULL;
Executing (default): ALTER TABLE `payment_logs` CHANGE `item_name` `item_name` VARCHAR(255) NOT NULL;
Executing (default): ALTER TABLE `payment_logs` CHANGE `item_description` `item_description` TEXT;
Executing (default): ALTER TABLE `payment_logs` CHANGE `custom_data` `custom_data` JSON COMMENT 'Custom data sent to PayFast';
Executing (default): ALTER TABLE `payment_logs` CHANGE `itn_data` `itn_data` JSON COMMENT 'Full ITN notification data from PayFast';
Executing (default): ALTER TABLE `payment_logs` CHANGE `error_message` `error_message` TEXT COMMENT 'Error message if payment failed';
Executing (default): ALTER TABLE `payment_logs` CHANGE `processed_at` `processed_at` DATETIME COMMENT 'When the payment was processed';
Executing (default): ALTER TABLE `payment_logs` CHANGE `created_at` `created_at` DATETIME NOT NULL;
Executing (default): ALTER TABLE `payment_logs` CHANGE `updated_at` `updated_at` DATETIME NOT NULL;
Executing (default): SHOW INDEX FROM `payment_logs` FROM `pdflab`
Executing (default): SELECT TABLE_NAME FROM INFORMATION_SCHEMA.TABLES WHERE TABLE_TYPE = 'BASE TABLE' AND TABLE_NAME = 'password_history' AND TABLE_SCHEMA = 'pdflab'
Executing (default): SHOW FULL COLUMNS FROM `password_history`;
Executing (default): SELECT CONSTRAINT_NAME as constraint_name,CONSTRAINT_NAME as constraintName,CONSTRAINT_SCHEMA as constraintSchema,CONSTRAINT_SCHEMA as constraintCatalog,TABLE_NAME as tableName,TABLE_SCHEMA as tableSchema,TABLE_SCHEMA as tableCatalog,COLUMN_NAME as columnName,REFERENCED_TABLE_SCHEMA as referencedTableSchema,REFERENCED_TABLE_SCHEMA as referencedTableCatalog,REFERENCED_TABLE_NAME as referencedTableName,REFERENCED_COLUMN_NAME as referencedColumnName FROM INFORMATION_SCHEMA.KEY_COLUMN_USAGE where TABLE_NAME = 'password_history' AND CONSTRAINT_NAME!='PRIMARY' AND CONSTRAINT_SCHEMA='pdflab' AND REFERENCED_TABLE_NAME IS NOT NULL;
Executing (default): SELECT CONSTRAINT_CATALOG AS constraintCatalog, CONSTRAINT_NAME AS constraintName, CONSTRAINT_SCHEMA AS constraintSchema, CONSTRAINT_TYPE AS constraintType, TABLE_NAME AS tableName, TABLE_SCHEMA AS tableSchema from INFORMATION_SCHEMA.TABLE_CONSTRAINTS WHERE table_name='password_history' AND constraint_name = 'password_history_ibfk_1' AND TABLE_SCHEMA = 'pdflab';
Executing (default): ALTER TABLE `password_history` DROP FOREIGN KEY `password_history_ibfk_1`;
Executing (default): ALTER TABLE `password_history` ADD FOREIGN KEY (`user_id`) REFERENCES `users` (`id`) ON DELETE CASCADE ON UPDATE CASCADE;
Executing (default): ALTER TABLE `password_history` CHANGE `password_hash` `password_hash` VARCHAR(255) NOT NULL;
Executing (default): ALTER TABLE `password_history` CHANGE `created_at` `created_at` DATETIME NOT NULL;
Executing (default): SHOW INDEX FROM `password_history` FROM `pdflab`
✓ Database synchronized successfully
✓ Redis client connected
🔧 Initializing Bull queues...
  Creating conversion queue...
  ✓ Conversion queue created
  Creating cleanup queue...
  ✓ Cleanup queue created
✓ Bull queues initialized
✓ Initializing conversion worker...
✓ Initializing cleanup worker...
✓ Job workers initialized
[Quota Reset] Initializing monthly quota reset cron job...
[Quota Reset] Schedule: 0 0 1 * * (1st of month at midnight)
✓ Quota reset cron job initialized and scheduled
✓ Next reset: 2025-12-01T00:00:00.000-05:00
✓ Monthly quota reset scheduled
✓ PDFLab API Server running
✓ Environment: development
✓ Port: 3006
✓ Health check: http://localhost:3006/health
✓ API endpoint: http://localhost:3006/api
20:37:06 [tsx] change in ./src\models\ConversionJob.ts Restarting...
c⚠ Email service not configured - missing SMTP credentials
  Emails will be logged to console only (development mode)
🚀 Starting PDFLab Backend API...
Executing (default): SELECT 1+1 AS result
✓ Database connection established successfully
Executing (default): SELECT TABLE_NAME FROM INFORMATION_SCHEMA.TABLES WHERE TABLE_TYPE = 'BASE TABLE' AND TABLE_NAME = 'users' AND TABLE_SCHEMA = 'pdflab'
Executing (default): SHOW FULL COLUMNS FROM `users`;
Executing (default): SELECT CONSTRAINT_NAME as constraint_name,CONSTRAINT_NAME as constraintName,CONSTRAINT_SCHEMA as constraintSchema,CONSTRAINT_SCHEMA as constraintCatalog,TABLE_NAME as tableName,TABLE_SCHEMA as tableSchema,TABLE_SCHEMA as tableCatalog,COLUMN_NAME as columnName,REFERENCED_TABLE_SCHEMA as referencedTableSchema,REFERENCED_TABLE_SCHEMA as referencedTableCatalog,REFERENCED_TABLE_NAME as referencedTableName,REFERENCED_COLUMN_NAME as referencedColumnName FROM INFORMATION_SCHEMA.KEY_COLUMN_USAGE where TABLE_NAME = 'users' AND CONSTRAINT_NAME!='PRIMARY' AND CONSTRAINT_SCHEMA='pdflab' AND REFERENCED_TABLE_NAME IS NOT NULL;
Executing (default): ALTER TABLE `users` CHANGE `email` `email` VARCHAR(255) NOT NULL UNIQUE;
Executing (default): ALTER TABLE `users` CHANGE `password_hash` `password_hash` VARCHAR(255) NOT NULL;
Executing (default): ALTER TABLE `users` CHANGE `name` `name` VARCHAR(255);
Executing (default): ALTER TABLE `users` CHANGE `role` `role` ENUM('user', 'support', 'finance', 'admin', 'super_admin') NOT NULL DEFAULT 'user';
Executing (default): ALTER TABLE `users` CHANGE `plan` `plan` ENUM('free', 'starter', 'pro', 'enterprise') NOT NULL DEFAULT 'free';
Executing (default): ALTER TABLE `users` CHANGE `conversions_used` `conversions_used` INTEGER NOT NULL DEFAULT 0;
Executing (default): ALTER TABLE `users` CHANGE `conversions_limit` `conversions_limit` INTEGER NOT NULL DEFAULT 3;
Executing (default): ALTER TABLE `users` CHANGE `stripe_customer_id` `stripe_customer_id` VARCHAR(255);
Executing (default): ALTER TABLE `users` CHANGE `subscription_id` `subscription_id` VARCHAR(255);
Executing (default): ALTER TABLE `users` CHANGE `subscription_status` `subscription_status` ENUM('active', 'canceled', 'past_due', 'trialing');
Executing (default): ALTER TABLE `users` CHANGE `subscription_end_date` `subscription_end_date` DATETIME;
Executing (default): ALTER TABLE `users` CHANGE `failed_reset_attempts` `failed_reset_attempts` INTEGER NOT NULL DEFAULT 0;
Executing (default): ALTER TABLE `users` CHANGE `reset_locked_until` `reset_locked_until` DATETIME;
Executing (default): ALTER TABLE `users` CHANGE `created_at` `created_at` DATETIME NOT NULL;
Executing (default): ALTER TABLE `users` CHANGE `updated_at` `updated_at` DATETIME NOT NULL;
Executing (default): ALTER TABLE `users` CHANGE `last_login` `last_login` DATETIME;
Executing (default): SHOW INDEX FROM `users` FROM `pdflab`
Executing (default): SELECT TABLE_NAME FROM INFORMATION_SCHEMA.TABLES WHERE TABLE_TYPE = 'BASE TABLE' AND TABLE_NAME = 'admin_audit_logs' AND TABLE_SCHEMA = 'pdflab'
Executing (default): SHOW FULL COLUMNS FROM `admin_audit_logs`;
Executing (default): SELECT CONSTRAINT_NAME as constraint_name,CONSTRAINT_NAME as constraintName,CONSTRAINT_SCHEMA as constraintSchema,CONSTRAINT_SCHEMA as constraintCatalog,TABLE_NAME as tableName,TABLE_SCHEMA as tableSchema,TABLE_SCHEMA as tableCatalog,COLUMN_NAME as columnName,REFERENCED_TABLE_SCHEMA as referencedTableSchema,REFERENCED_TABLE_SCHEMA as referencedTableCatalog,REFERENCED_TABLE_NAME as referencedTableName,REFERENCED_COLUMN_NAME as referencedColumnName FROM INFORMATION_SCHEMA.KEY_COLUMN_USAGE where TABLE_NAME = 'admin_audit_logs' AND CONSTRAINT_NAME!='PRIMARY' AND CONSTRAINT_SCHEMA='pdflab' AND REFERENCED_TABLE_NAME IS NOT NULL;
Executing (default): SELECT CONSTRAINT_CATALOG AS constraintCatalog, CONSTRAINT_NAME AS constraintName, CONSTRAINT_SCHEMA AS constraintSchema, CONSTRAINT_TYPE AS constraintType, TABLE_NAME AS tableName, TABLE_SCHEMA AS tableSchema from INFORMATION_SCHEMA.TABLE_CONSTRAINTS WHERE table_name='admin_audit_logs' AND constraint_name = 'admin_audit_logs_ibfk_1' AND TABLE_SCHEMA = 'pdflab';
Executing (default): ALTER TABLE `admin_audit_logs` DROP FOREIGN KEY `admin_audit_logs_ibfk_1`;
Executing (default): ALTER TABLE `admin_audit_logs` ADD FOREIGN KEY (`admin_user_id`) REFERENCES `users` (`id`) ON DELETE CASCADE ON UPDATE CASCADE;
Executing (default): ALTER TABLE `admin_audit_logs` CHANGE `action` `action` VARCHAR(100) NOT NULL;
Executing (default): ALTER TABLE `admin_audit_logs` CHANGE `entity_type` `entity_type` VARCHAR(50) NOT NULL;
Executing (default): ALTER TABLE `admin_audit_logs` CHANGE `entity_id` `entity_id` CHAR(36) BINARY;
Executing (default): ALTER TABLE `admin_audit_logs` CHANGE `changes` `changes` JSON;
Executing (default): ALTER TABLE `admin_audit_logs` CHANGE `ip_address` `ip_address` VARCHAR(45);
Executing (default): ALTER TABLE `admin_audit_logs` CHANGE `user_agent` `user_agent` TEXT;
Executing (default): ALTER TABLE `admin_audit_logs` CHANGE `severity` `severity` ENUM('info', 'warning', 'critical') NOT NULL DEFAULT 'info';
Executing (default): ALTER TABLE `admin_audit_logs` CHANGE `checksum` `checksum` VARCHAR(64);
Executing (default): ALTER TABLE `admin_audit_logs` CHANGE `created_at` `created_at` DATETIME NOT NULL;
Executing (default): SHOW INDEX FROM `admin_audit_logs` FROM `pdflab`
Executing (default): SELECT TABLE_NAME FROM INFORMATION_SCHEMA.TABLES WHERE TABLE_TYPE = 'BASE TABLE' AND TABLE_NAME = 'system_health_logs' AND TABLE_SCHEMA = 'pdflab'
Executing (default): SHOW FULL COLUMNS FROM `system_health_logs`;
Executing (default): SELECT CONSTRAINT_NAME as constraint_name,CONSTRAINT_NAME as constraintName,CONSTRAINT_SCHEMA as constraintSchema,CONSTRAINT_SCHEMA as constraintCatalog,TABLE_NAME as tableName,TABLE_SCHEMA as tableSchema,TABLE_SCHEMA as tableCatalog,COLUMN_NAME as columnName,REFERENCED_TABLE_SCHEMA as referencedTableSchema,REFERENCED_TABLE_SCHEMA as referencedTableCatalog,REFERENCED_TABLE_NAME as referencedTableName,REFERENCED_COLUMN_NAME as referencedColumnName FROM INFORMATION_SCHEMA.KEY_COLUMN_USAGE where TABLE_NAME = 'system_health_logs' AND CONSTRAINT_NAME!='PRIMARY' AND CONSTRAINT_SCHEMA='pdflab' AND REFERENCED_TABLE_NAME IS NOT NULL;
Executing (default): ALTER TABLE `system_health_logs` CHANGE `metric_name` `metric_name` VARCHAR(100) NOT NULL;
Executing (default): ALTER TABLE `system_health_logs` CHANGE `metric_value` `metric_value` DECIMAL(10,2);
Executing (default): ALTER TABLE `system_health_logs` CHANGE `status` `status` ENUM('healthy', 'warning', 'critical') NOT NULL DEFAULT 'healthy';
Executing (default): ALTER TABLE `system_health_logs` CHANGE `details` `details` JSON;
Executing (default): ALTER TABLE `system_health_logs` CHANGE `created_at` `created_at` DATETIME NOT NULL;
Executing (default): SHOW INDEX FROM `system_health_logs` FROM `pdflab`
Executing (default): SELECT TABLE_NAME FROM INFORMATION_SCHEMA.TABLES WHERE TABLE_TYPE = 'BASE TABLE' AND TABLE_NAME = 'conversion_jobs' AND TABLE_SCHEMA = 'pdflab'
Executing (default): SHOW FULL COLUMNS FROM `conversion_jobs`;
Executing (default): SELECT CONSTRAINT_NAME as constraint_name,CONSTRAINT_NAME as constraintName,CONSTRAINT_SCHEMA as constraintSchema,CONSTRAINT_SCHEMA as constraintCatalog,TABLE_NAME as tableName,TABLE_SCHEMA as tableSchema,TABLE_SCHEMA as tableCatalog,COLUMN_NAME as columnName,REFERENCED_TABLE_SCHEMA as referencedTableSchema,REFERENCED_TABLE_SCHEMA as referencedTableCatalog,REFERENCED_TABLE_NAME as referencedTableName,REFERENCED_COLUMN_NAME as referencedColumnName FROM INFORMATION_SCHEMA.KEY_COLUMN_USAGE where TABLE_NAME = 'conversion_jobs' AND CONSTRAINT_NAME!='PRIMARY' AND CONSTRAINT_SCHEMA='pdflab' AND REFERENCED_TABLE_NAME IS NOT NULL;
Executing (default): ALTER TABLE `conversion_jobs` ADD FOREIGN KEY (`user_id`) REFERENCES `users` (`id`) ON DELETE SET NULL ON UPDATE CASCADE;
✗ Database sync failed: Error
    at Query.run (C:\Users\Mac\OneDrive\Desktop\Projects\PDFLab\backend\node_modules\sequelize\src\dialects\mysql\query.js:46:25)
    at <anonymous> (C:\Users\Mac\OneDrive\Desktop\Projects\PDFLab\backend\node_modules\sequelize\src\sequelize.js:650:28)
    at process.processTicksAndRejections (node:internal/process/task_queues:105:5)
    at async Function.sync (C:\Users\Mac\OneDrive\Desktop\Projects\PDFLab\backend\node_modules\sequelize\src\model.js:1408:11)
    at async Sequelize.sync (C:\Users\Mac\OneDrive\Desktop\Projects\PDFLab\backend\node_modules\sequelize\src\sequelize.js:825:9)
    at async syncDatabase (C:\Users\Mac\OneDrive\Desktop\Projects\PDFLab\backend\src\config\database.ts:40:5)
    at async startServer (C:\Users\Mac\OneDrive\Desktop\Projects\PDFLab\backend\src\server.ts:236:7) {
  name: 'SequelizeDatabaseError',
  parent: Error: Referencing column 'user_id' and referenced column 'id' in foreign key constraint 'conversion_jobs_ibfk_1' are incompatible.
      at Packet.asError (C:\Users\Mac\OneDrive\Desktop\Projects\PDFLab\backend\node_modules\mysql2\lib\packets\packet.js:740:17)
      at Query.execute (C:\Users\Mac\OneDrive\Desktop\Projects\PDFLab\backend\node_modules\mysql2\lib\commands\command.js:29:26)
      at Connection.handlePacket (C:\Users\Mac\OneDrive\Desktop\Projects\PDFLab\backend\node_modules\mysql2\lib\base\connection.js:477:34)
      at PacketParser.onPacket (C:\Users\Mac\OneDrive\Desktop\Projects\PDFLab\backend\node_modules\mysql2\lib\base\connection.js:93:12)
      at PacketParser.executeStart (C:\Users\Mac\OneDrive\Desktop\Projects\PDFLab\backend\node_modules\mysql2\lib\packet_parser.js:75:16)
      at Socket.<anonymous> (C:\Users\Mac\OneDrive\Desktop\Projects\PDFLab\backend\node_modules\mysql2\lib\base\connection.js:100:25)
      at Socket.emit (node:events:518:28)
      at addChunk (node:internal/streams/readable:561:12)
      at readableAddChunkPushByteMode (node:internal/streams/readable:512:3)
      at Readable.push (node:internal/streams/readable:392:5) {
    code: 'ER_FK_INCOMPATIBLE_COLUMNS',
    errno: 3780,
    sqlState: 'HY000',
    sqlMessage: "Referencing column 'user_id' and referenced column 'id' in foreign key constraint 'conversion_jobs_ibfk_1' are incompatible.",
    sql: 'ALTER TABLE `conversion_jobs` ADD FOREIGN KEY (`user_id`) REFERENCES `users` (`id`) ON DELETE SET NULL ON UPDATE CASCADE;',
    parameters: undefined
  },
  original: Error: Referencing column 'user_id' and referenced column 'id' in foreign key constraint 'conversion_jobs_ibfk_1' are incompatible.
      at Packet.asError (C:\Users\Mac\OneDrive\Desktop\Projects\PDFLab\backend\node_modules\mysql2\lib\packets\packet.js:740:17)
      at Query.execute (C:\Users\Mac\OneDrive\Desktop\Projects\PDFLab\backend\node_modules\mysql2\lib\commands\command.js:29:26)
      at Connection.handlePacket (C:\Users\Mac\OneDrive\Desktop\Projects\PDFLab\backend\node_modules\mysql2\lib\base\connection.js:477:34)
      at PacketParser.onPacket (C:\Users\Mac\OneDrive\Desktop\Projects\PDFLab\backend\node_modules\mysql2\lib\base\connection.js:93:12)
      at PacketParser.executeStart (C:\Users\Mac\OneDrive\Desktop\Projects\PDFLab\backend\node_modules\mysql2\lib\packet_parser.js:75:16)
      at Socket.<anonymous> (C:\Users\Mac\OneDrive\Desktop\Projects\PDFLab\backend\node_modules\mysql2\lib\base\connection.js:100:25)
      at Socket.emit (node:events:518:28)
      at addChunk (node:internal/streams/readable:561:12)
      at readableAddChunkPushByteMode (node:internal/streams/readable:512:3)
      at Readable.push (node:internal/streams/readable:392:5) {
    code: 'ER_FK_INCOMPATIBLE_COLUMNS',
    errno: 3780,
    sqlState: 'HY000',
    sqlMessage: "Referencing column 'user_id' and referenced column 'id' in foreign key constraint 'conversion_jobs_ibfk_1' are incompatible.",
    sql: 'ALTER TABLE `conversion_jobs` ADD FOREIGN KEY (`user_id`) REFERENCES `users` (`id`) ON DELETE SET NULL ON UPDATE CASCADE;',
    parameters: undefined
  },
  sql: 'ALTER TABLE `conversion_jobs` ADD FOREIGN KEY (`user_id`) REFERENCES `users` (`id`) ON DELETE SET NULL ON UPDATE CASCADE;',
  parameters: {}
}
✗ Failed to start server: Error
    at Query.run (C:\Users\Mac\OneDrive\Desktop\Projects\PDFLab\backend\node_modules\sequelize\src\dialects\mysql\query.js:46:25)
    at <anonymous> (C:\Users\Mac\OneDrive\Desktop\Projects\PDFLab\backend\node_modules\sequelize\src\sequelize.js:650:28)
    at process.processTicksAndRejections (node:internal/process/task_queues:105:5)
    at async Function.sync (C:\Users\Mac\OneDrive\Desktop\Projects\PDFLab\backend\node_modules\sequelize\src\model.js:1408:11)
    at async Sequelize.sync (C:\Users\Mac\OneDrive\Desktop\Projects\PDFLab\backend\node_modules\sequelize\src\sequelize.js:825:9)
    at async syncDatabase (C:\Users\Mac\OneDrive\Desktop\Projects\PDFLab\backend\src\config\database.ts:40:5)
    at async startServer (C:\Users\Mac\OneDrive\Desktop\Projects\PDFLab\backend\src\server.ts:236:7) {
  name: 'SequelizeDatabaseError',
  parent: Error: Referencing column 'user_id' and referenced column 'id' in foreign key constraint 'conversion_jobs_ibfk_1' are incompatible.
      at Packet.asError (C:\Users\Mac\OneDrive\Desktop\Projects\PDFLab\backend\node_modules\mysql2\lib\packets\packet.js:740:17)
      at Query.execute (C:\Users\Mac\OneDrive\Desktop\Projects\PDFLab\backend\node_modules\mysql2\lib\commands\command.js:29:26)
      at Connection.handlePacket (C:\Users\Mac\OneDrive\Desktop\Projects\PDFLab\backend\node_modules\mysql2\lib\base\connection.js:477:34)
      at PacketParser.onPacket (C:\Users\Mac\OneDrive\Desktop\Projects\PDFLab\backend\node_modules\mysql2\lib\base\connection.js:93:12)
      at PacketParser.executeStart (C:\Users\Mac\OneDrive\Desktop\Projects\PDFLab\backend\node_modules\mysql2\lib\packet_parser.js:75:16)
      at Socket.<anonymous> (C:\Users\Mac\OneDrive\Desktop\Projects\PDFLab\backend\node_modules\mysql2\lib\base\connection.js:100:25)
      at Socket.emit (node:events:518:28)
      at addChunk (node:internal/streams/readable:561:12)
      at readableAddChunkPushByteMode (node:internal/streams/readable:512:3)
      at Readable.push (node:internal/streams/readable:392:5) {
    code: 'ER_FK_INCOMPATIBLE_COLUMNS',
    errno: 3780,
    sqlState: 'HY000',
    sqlMessage: "Referencing column 'user_id' and referenced column 'id' in foreign key constraint 'conversion_jobs_ibfk_1' are incompatible.",
    sql: 'ALTER TABLE `conversion_jobs` ADD FOREIGN KEY (`user_id`) REFERENCES `users` (`id`) ON DELETE SET NULL ON UPDATE CASCADE;',
    parameters: undefined
  },
  original: Error: Referencing column 'user_id' and referenced column 'id' in foreign key constraint 'conversion_jobs_ibfk_1' are incompatible.
      at Packet.asError (C:\Users\Mac\OneDrive\Desktop\Projects\PDFLab\backend\node_modules\mysql2\lib\packets\packet.js:740:17)
      at Query.execute (C:\Users\Mac\OneDrive\Desktop\Projects\PDFLab\backend\node_modules\mysql2\lib\commands\command.js:29:26)
      at Connection.handlePacket (C:\Users\Mac\OneDrive\Desktop\Projects\PDFLab\backend\node_modules\mysql2\lib\base\connection.js:477:34)
      at PacketParser.onPacket (C:\Users\Mac\OneDrive\Desktop\Projects\PDFLab\backend\node_modules\mysql2\lib\base\connection.js:93:12)
      at PacketParser.executeStart (C:\Users\Mac\OneDrive\Desktop\Projects\PDFLab\backend\node_modules\mysql2\lib\packet_parser.js:75:16)
      at Socket.<anonymous> (C:\Users\Mac\OneDrive\Desktop\Projects\PDFLab\backend\node_modules\mysql2\lib\base\connection.js:100:25)
      at Socket.emit (node:events:518:28)
      at addChunk (node:internal/streams/readable:561:12)
      at readableAddChunkPushByteMode (node:internal/streams/readable:512:3)
      at Readable.push (node:internal/streams/readable:392:5) {
    code: 'ER_FK_INCOMPATIBLE_COLUMNS',
    errno: 3780,
    sqlState: 'HY000',
    sqlMessage: "Referencing column 'user_id' and referenced column 'id' in foreign key constraint 'conversion_jobs_ibfk_1' are incompatible.",
    sql: 'ALTER TABLE `conversion_jobs` ADD FOREIGN KEY (`user_id`) REFERENCES `users` (`id`) ON DELETE SET NULL ON UPDATE CASCADE;',
    parameters: undefined
  },
  sql: 'ALTER TABLE `conversion_jobs` ADD FOREIGN KEY (`user_id`) REFERENCES `users` (`id`) ON DELETE SET NULL ON UPDATE CASCADE;',
  parameters: {}
}
20:37:17 [tsx] change in ./src\models\ConversionJob.ts Rerunning...
c⚠ Email service not configured - missing SMTP credentials
  Emails will be logged to console only (development mode)
🚀 Starting PDFLab Backend API...
Executing (default): SELECT 1+1 AS result
✓ Database connection established successfully
Executing (default): SELECT TABLE_NAME FROM INFORMATION_SCHEMA.TABLES WHERE TABLE_TYPE = 'BASE TABLE' AND TABLE_NAME = 'users' AND TABLE_SCHEMA = 'pdflab'
Executing (default): SHOW FULL COLUMNS FROM `users`;
Executing (default): SELECT CONSTRAINT_NAME as constraint_name,CONSTRAINT_NAME as constraintName,CONSTRAINT_SCHEMA as constraintSchema,CONSTRAINT_SCHEMA as constraintCatalog,TABLE_NAME as tableName,TABLE_SCHEMA as tableSchema,TABLE_SCHEMA as tableCatalog,COLUMN_NAME as columnName,REFERENCED_TABLE_SCHEMA as referencedTableSchema,REFERENCED_TABLE_SCHEMA as referencedTableCatalog,REFERENCED_TABLE_NAME as referencedTableName,REFERENCED_COLUMN_NAME as referencedColumnName FROM INFORMATION_SCHEMA.KEY_COLUMN_USAGE where TABLE_NAME = 'users' AND CONSTRAINT_NAME!='PRIMARY' AND CONSTRAINT_SCHEMA='pdflab' AND REFERENCED_TABLE_NAME IS NOT NULL;
Executing (default): ALTER TABLE `users` CHANGE `email` `email` VARCHAR(255) NOT NULL UNIQUE;
Executing (default): ALTER TABLE `users` CHANGE `password_hash` `password_hash` VARCHAR(255) NOT NULL;
Executing (default): ALTER TABLE `users` CHANGE `name` `name` VARCHAR(255);
Executing (default): ALTER TABLE `users` CHANGE `role` `role` ENUM('user', 'support', 'finance', 'admin', 'super_admin') NOT NULL DEFAULT 'user';
Executing (default): ALTER TABLE `users` CHANGE `plan` `plan` ENUM('free', 'starter', 'pro', 'enterprise') NOT NULL DEFAULT 'free';
Executing (default): ALTER TABLE `users` CHANGE `conversions_used` `conversions_used` INTEGER NOT NULL DEFAULT 0;
Executing (default): ALTER TABLE `users` CHANGE `conversions_limit` `conversions_limit` INTEGER NOT NULL DEFAULT 3;
Executing (default): ALTER TABLE `users` CHANGE `stripe_customer_id` `stripe_customer_id` VARCHAR(255);
Executing (default): ALTER TABLE `users` CHANGE `subscription_id` `subscription_id` VARCHAR(255);
Executing (default): ALTER TABLE `users` CHANGE `subscription_status` `subscription_status` ENUM('active', 'canceled', 'past_due', 'trialing');
Executing (default): ALTER TABLE `users` CHANGE `subscription_end_date` `subscription_end_date` DATETIME;
Executing (default): ALTER TABLE `users` CHANGE `failed_reset_attempts` `failed_reset_attempts` INTEGER NOT NULL DEFAULT 0;
Executing (default): ALTER TABLE `users` CHANGE `reset_locked_until` `reset_locked_until` DATETIME;
Executing (default): ALTER TABLE `users` CHANGE `created_at` `created_at` DATETIME NOT NULL;
Executing (default): ALTER TABLE `users` CHANGE `updated_at` `updated_at` DATETIME NOT NULL;
Executing (default): ALTER TABLE `users` CHANGE `last_login` `last_login` DATETIME;
Executing (default): SHOW INDEX FROM `users` FROM `pdflab`
Executing (default): SELECT TABLE_NAME FROM INFORMATION_SCHEMA.TABLES WHERE TABLE_TYPE = 'BASE TABLE' AND TABLE_NAME = 'admin_audit_logs' AND TABLE_SCHEMA = 'pdflab'
Executing (default): SHOW FULL COLUMNS FROM `admin_audit_logs`;
Executing (default): SELECT CONSTRAINT_NAME as constraint_name,CONSTRAINT_NAME as constraintName,CONSTRAINT_SCHEMA as constraintSchema,CONSTRAINT_SCHEMA as constraintCatalog,TABLE_NAME as tableName,TABLE_SCHEMA as tableSchema,TABLE_SCHEMA as tableCatalog,COLUMN_NAME as columnName,REFERENCED_TABLE_SCHEMA as referencedTableSchema,REFERENCED_TABLE_SCHEMA as referencedTableCatalog,REFERENCED_TABLE_NAME as referencedTableName,REFERENCED_COLUMN_NAME as referencedColumnName FROM INFORMATION_SCHEMA.KEY_COLUMN_USAGE where TABLE_NAME = 'admin_audit_logs' AND CONSTRAINT_NAME!='PRIMARY' AND CONSTRAINT_SCHEMA='pdflab' AND REFERENCED_TABLE_NAME IS NOT NULL;
Executing (default): SELECT CONSTRAINT_CATALOG AS constraintCatalog, CONSTRAINT_NAME AS constraintName, CONSTRAINT_SCHEMA AS constraintSchema, CONSTRAINT_TYPE AS constraintType, TABLE_NAME AS tableName, TABLE_SCHEMA AS tableSchema from INFORMATION_SCHEMA.TABLE_CONSTRAINTS WHERE table_name='admin_audit_logs' AND constraint_name = 'admin_audit_logs_ibfk_1' AND TABLE_SCHEMA = 'pdflab';
Executing (default): ALTER TABLE `admin_audit_logs` DROP FOREIGN KEY `admin_audit_logs_ibfk_1`;
Executing (default): ALTER TABLE `admin_audit_logs` ADD FOREIGN KEY (`admin_user_id`) REFERENCES `users` (`id`) ON DELETE CASCADE ON UPDATE CASCADE;
Executing (default): ALTER TABLE `admin_audit_logs` CHANGE `action` `action` VARCHAR(100) NOT NULL;
Executing (default): ALTER TABLE `admin_audit_logs` CHANGE `entity_type` `entity_type` VARCHAR(50) NOT NULL;
Executing (default): ALTER TABLE `admin_audit_logs` CHANGE `entity_id` `entity_id` CHAR(36) BINARY;
Executing (default): ALTER TABLE `admin_audit_logs` CHANGE `changes` `changes` JSON;
Executing (default): ALTER TABLE `admin_audit_logs` CHANGE `ip_address` `ip_address` VARCHAR(45);
Executing (default): ALTER TABLE `admin_audit_logs` CHANGE `user_agent` `user_agent` TEXT;
Executing (default): ALTER TABLE `admin_audit_logs` CHANGE `severity` `severity` ENUM('info', 'warning', 'critical') NOT NULL DEFAULT 'info';
Executing (default): ALTER TABLE `admin_audit_logs` CHANGE `checksum` `checksum` VARCHAR(64);
Executing (default): ALTER TABLE `admin_audit_logs` CHANGE `created_at` `created_at` DATETIME NOT NULL;
Executing (default): SHOW INDEX FROM `admin_audit_logs` FROM `pdflab`
Executing (default): SELECT TABLE_NAME FROM INFORMATION_SCHEMA.TABLES WHERE TABLE_TYPE = 'BASE TABLE' AND TABLE_NAME = 'system_health_logs' AND TABLE_SCHEMA = 'pdflab'
Executing (default): SHOW FULL COLUMNS FROM `system_health_logs`;
Executing (default): SELECT CONSTRAINT_NAME as constraint_name,CONSTRAINT_NAME as constraintName,CONSTRAINT_SCHEMA as constraintSchema,CONSTRAINT_SCHEMA as constraintCatalog,TABLE_NAME as tableName,TABLE_SCHEMA as tableSchema,TABLE_SCHEMA as tableCatalog,COLUMN_NAME as columnName,REFERENCED_TABLE_SCHEMA as referencedTableSchema,REFERENCED_TABLE_SCHEMA as referencedTableCatalog,REFERENCED_TABLE_NAME as referencedTableName,REFERENCED_COLUMN_NAME as referencedColumnName FROM INFORMATION_SCHEMA.KEY_COLUMN_USAGE where TABLE_NAME = 'system_health_logs' AND CONSTRAINT_NAME!='PRIMARY' AND CONSTRAINT_SCHEMA='pdflab' AND REFERENCED_TABLE_NAME IS NOT NULL;
Executing (default): ALTER TABLE `system_health_logs` CHANGE `metric_name` `metric_name` VARCHAR(100) NOT NULL;
Executing (default): ALTER TABLE `system_health_logs` CHANGE `metric_value` `metric_value` DECIMAL(10,2);
Executing (default): ALTER TABLE `system_health_logs` CHANGE `status` `status` ENUM('healthy', 'warning', 'critical') NOT NULL DEFAULT 'healthy';
Executing (default): ALTER TABLE `system_health_logs` CHANGE `details` `details` JSON;
Executing (default): ALTER TABLE `system_health_logs` CHANGE `created_at` `created_at` DATETIME NOT NULL;
Executing (default): SHOW INDEX FROM `system_health_logs` FROM `pdflab`
Executing (default): SELECT TABLE_NAME FROM INFORMATION_SCHEMA.TABLES WHERE TABLE_TYPE = 'BASE TABLE' AND TABLE_NAME = 'conversion_jobs' AND TABLE_SCHEMA = 'pdflab'
Executing (default): SHOW FULL COLUMNS FROM `conversion_jobs`;
Executing (default): SELECT CONSTRAINT_NAME as constraint_name,CONSTRAINT_NAME as constraintName,CONSTRAINT_SCHEMA as constraintSchema,CONSTRAINT_SCHEMA as constraintCatalog,TABLE_NAME as tableName,TABLE_SCHEMA as tableSchema,TABLE_SCHEMA as tableCatalog,COLUMN_NAME as columnName,REFERENCED_TABLE_SCHEMA as referencedTableSchema,REFERENCED_TABLE_SCHEMA as referencedTableCatalog,REFERENCED_TABLE_NAME as referencedTableName,REFERENCED_COLUMN_NAME as referencedColumnName FROM INFORMATION_SCHEMA.KEY_COLUMN_USAGE where TABLE_NAME = 'conversion_jobs' AND CONSTRAINT_NAME!='PRIMARY' AND CONSTRAINT_SCHEMA='pdflab' AND REFERENCED_TABLE_NAME IS NOT NULL;
Executing (default): ALTER TABLE `conversion_jobs` ADD FOREIGN KEY (`user_id`) REFERENCES `users` (`id`) ON DELETE SET NULL ON UPDATE CASCADE;
✗ Database sync failed: Error
    at Query.run (C:\Users\Mac\OneDrive\Desktop\Projects\PDFLab\backend\node_modules\sequelize\src\dialects\mysql\query.js:46:25)
    at <anonymous> (C:\Users\Mac\OneDrive\Desktop\Projects\PDFLab\backend\node_modules\sequelize\src\sequelize.js:650:28)
    at process.processTicksAndRejections (node:internal/process/task_queues:105:5)
    at async Function.sync (C:\Users\Mac\OneDrive\Desktop\Projects\PDFLab\backend\node_modules\sequelize\src\model.js:1408:11)
    at async Sequelize.sync (C:\Users\Mac\OneDrive\Desktop\Projects\PDFLab\backend\node_modules\sequelize\src\sequelize.js:825:9)
    at async syncDatabase (C:\Users\Mac\OneDrive\Desktop\Projects\PDFLab\backend\src\config\database.ts:40:5)
    at async startServer (C:\Users\Mac\OneDrive\Desktop\Projects\PDFLab\backend\src\server.ts:236:7) {
  name: 'SequelizeDatabaseError',
  parent: Error: Referencing column 'user_id' and referenced column 'id' in foreign key constraint 'conversion_jobs_ibfk_1' are incompatible.
      at Packet.asError (C:\Users\Mac\OneDrive\Desktop\Projects\PDFLab\backend\node_modules\mysql2\lib\packets\packet.js:740:17)
      at Query.execute (C:\Users\Mac\OneDrive\Desktop\Projects\PDFLab\backend\node_modules\mysql2\lib\commands\command.js:29:26)
      at Connection.handlePacket (C:\Users\Mac\OneDrive\Desktop\Projects\PDFLab\backend\node_modules\mysql2\lib\base\connection.js:477:34)
      at PacketParser.onPacket (C:\Users\Mac\OneDrive\Desktop\Projects\PDFLab\backend\node_modules\mysql2\lib\base\connection.js:93:12)
      at PacketParser.executeStart (C:\Users\Mac\OneDrive\Desktop\Projects\PDFLab\backend\node_modules\mysql2\lib\packet_parser.js:75:16)
      at Socket.<anonymous> (C:\Users\Mac\OneDrive\Desktop\Projects\PDFLab\backend\node_modules\mysql2\lib\base\connection.js:100:25)
      at Socket.emit (node:events:518:28)
      at addChunk (node:internal/streams/readable:561:12)
      at readableAddChunkPushByteMode (node:internal/streams/readable:512:3)
      at Readable.push (node:internal/streams/readable:392:5) {
    code: 'ER_FK_INCOMPATIBLE_COLUMNS',
    errno: 3780,
    sqlState: 'HY000',
    sqlMessage: "Referencing column 'user_id' and referenced column 'id' in foreign key constraint 'conversion_jobs_ibfk_1' are incompatible.",
    sql: 'ALTER TABLE `conversion_jobs` ADD FOREIGN KEY (`user_id`) REFERENCES `users` (`id`) ON DELETE SET NULL ON UPDATE CASCADE;',
    parameters: undefined
  },
  original: Error: Referencing column 'user_id' and referenced column 'id' in foreign key constraint 'conversion_jobs_ibfk_1' are incompatible.
      at Packet.asError (C:\Users\Mac\OneDrive\Desktop\Projects\PDFLab\backend\node_modules\mysql2\lib\packets\packet.js:740:17)
      at Query.execute (C:\Users\Mac\OneDrive\Desktop\Projects\PDFLab\backend\node_modules\mysql2\lib\commands\command.js:29:26)
      at Connection.handlePacket (C:\Users\Mac\OneDrive\Desktop\Projects\PDFLab\backend\node_modules\mysql2\lib\base\connection.js:477:34)
      at PacketParser.onPacket (C:\Users\Mac\OneDrive\Desktop\Projects\PDFLab\backend\node_modules\mysql2\lib\base\connection.js:93:12)
      at PacketParser.executeStart (C:\Users\Mac\OneDrive\Desktop\Projects\PDFLab\backend\node_modules\mysql2\lib\packet_parser.js:75:16)
      at Socket.<anonymous> (C:\Users\Mac\OneDrive\Desktop\Projects\PDFLab\backend\node_modules\mysql2\lib\base\connection.js:100:25)
      at Socket.emit (node:events:518:28)
      at addChunk (node:internal/streams/readable:561:12)
      at readableAddChunkPushByteMode (node:internal/streams/readable:512:3)
      at Readable.push (node:internal/streams/readable:392:5) {
    code: 'ER_FK_INCOMPATIBLE_COLUMNS',
    errno: 3780,
    sqlState: 'HY000',
    sqlMessage: "Referencing column 'user_id' and referenced column 'id' in foreign key constraint 'conversion_jobs_ibfk_1' are incompatible.",
    sql: 'ALTER TABLE `conversion_jobs` ADD FOREIGN KEY (`user_id`) REFERENCES `users` (`id`) ON DELETE SET NULL ON UPDATE CASCADE;',
    parameters: undefined
  },
  sql: 'ALTER TABLE `conversion_jobs` ADD FOREIGN KEY (`user_id`) REFERENCES `users` (`id`) ON DELETE SET NULL ON UPDATE CASCADE;',
  parameters: {}
}
✗ Failed to start server: Error
    at Query.run (C:\Users\Mac\OneDrive\Desktop\Projects\PDFLab\backend\node_modules\sequelize\src\dialects\mysql\query.js:46:25)
    at <anonymous> (C:\Users\Mac\OneDrive\Desktop\Projects\PDFLab\backend\node_modules\sequelize\src\sequelize.js:650:28)
    at process.processTicksAndRejections (node:internal/process/task_queues:105:5)
    at async Function.sync (C:\Users\Mac\OneDrive\Desktop\Projects\PDFLab\backend\node_modules\sequelize\src\model.js:1408:11)
    at async Sequelize.sync (C:\Users\Mac\OneDrive\Desktop\Projects\PDFLab\backend\node_modules\sequelize\src\sequelize.js:825:9)
    at async syncDatabase (C:\Users\Mac\OneDrive\Desktop\Projects\PDFLab\backend\src\config\database.ts:40:5)
    at async startServer (C:\Users\Mac\OneDrive\Desktop\Projects\PDFLab\backend\src\server.ts:236:7) {
  name: 'SequelizeDatabaseError',
  parent: Error: Referencing column 'user_id' and referenced column 'id' in foreign key constraint 'conversion_jobs_ibfk_1' are incompatible.
      at Packet.asError (C:\Users\Mac\OneDrive\Desktop\Projects\PDFLab\backend\node_modules\mysql2\lib\packets\packet.js:740:17)
      at Query.execute (C:\Users\Mac\OneDrive\Desktop\Projects\PDFLab\backend\node_modules\mysql2\lib\commands\command.js:29:26)
      at Connection.handlePacket (C:\Users\Mac\OneDrive\Desktop\Projects\PDFLab\backend\node_modules\mysql2\lib\base\connection.js:477:34)
      at PacketParser.onPacket (C:\Users\Mac\OneDrive\Desktop\Projects\PDFLab\backend\node_modules\mysql2\lib\base\connection.js:93:12)
      at PacketParser.executeStart (C:\Users\Mac\OneDrive\Desktop\Projects\PDFLab\backend\node_modules\mysql2\lib\packet_parser.js:75:16)
      at Socket.<anonymous> (C:\Users\Mac\OneDrive\Desktop\Projects\PDFLab\backend\node_modules\mysql2\lib\base\connection.js:100:25)
      at Socket.emit (node:events:518:28)
      at addChunk (node:internal/streams/readable:561:12)
      at readableAddChunkPushByteMode (node:internal/streams/readable:512:3)
      at Readable.push (node:internal/streams/readable:392:5) {
    code: 'ER_FK_INCOMPATIBLE_COLUMNS',
    errno: 3780,
    sqlState: 'HY000',
    sqlMessage: "Referencing column 'user_id' and referenced column 'id' in foreign key constraint 'conversion_jobs_ibfk_1' are incompatible.",
    sql: 'ALTER TABLE `conversion_jobs` ADD FOREIGN KEY (`user_id`) REFERENCES `users` (`id`) ON DELETE SET NULL ON UPDATE CASCADE;',
    parameters: undefined
  },
  original: Error: Referencing column 'user_id' and referenced column 'id' in foreign key constraint 'conversion_jobs_ibfk_1' are incompatible.
      at Packet.asError (C:\Users\Mac\OneDrive\Desktop\Projects\PDFLab\backend\node_modules\mysql2\lib\packets\packet.js:740:17)
      at Query.execute (C:\Users\Mac\OneDrive\Desktop\Projects\PDFLab\backend\node_modules\mysql2\lib\commands\command.js:29:26)
      at Connection.handlePacket (C:\Users\Mac\OneDrive\Desktop\Projects\PDFLab\backend\node_modules\mysql2\lib\base\connection.js:477:34)
      at PacketParser.onPacket (C:\Users\Mac\OneDrive\Desktop\Projects\PDFLab\backend\node_modules\mysql2\lib\base\connection.js:93:12)
      at PacketParser.executeStart (C:\Users\Mac\OneDrive\Desktop\Projects\PDFLab\backend\node_modules\mysql2\lib\packet_parser.js:75:16)
      at Socket.<anonymous> (C:\Users\Mac\OneDrive\Desktop\Projects\PDFLab\backend\node_modules\mysql2\lib\base\connection.js:100:25)
      at Socket.emit (node:events:518:28)
      at addChunk (node:internal/streams/readable:561:12)
      at readableAddChunkPushByteMode (node:internal/streams/readable:512:3)
      at Readable.push (node:internal/streams/readable:392:5) {
    code: 'ER_FK_INCOMPATIBLE_COLUMNS',
    errno: 3780,
    sqlState: 'HY000',
    sqlMessage: "Referencing column 'user_id' and referenced column 'id' in foreign key constraint 'conversion_jobs_ibfk_1' are incompatible.",
    sql: 'ALTER TABLE `conversion_jobs` ADD FOREIGN KEY (`user_id`) REFERENCES `users` (`id`) ON DELETE SET NULL ON UPDATE CASCADE;',
    parameters: undefined
  },
  sql: 'ALTER TABLE `conversion_jobs` ADD FOREIGN KEY (`user_id`) REFERENCES `users` (`id`) ON DELETE SET NULL ON UPDATE CASCADE;',
  parameters: {}
}
20:38:08 [tsx] change in ./src\models\ConversionJob.ts Rerunning...
c⚠ Email service not configured - missing SMTP credentials
  Emails will be logged to console only (development mode)
🚀 Starting PDFLab Backend API...
Executing (default): SELECT 1+1 AS result
✓ Database connection established successfully
Executing (default): SELECT TABLE_NAME FROM INFORMATION_SCHEMA.TABLES WHERE TABLE_TYPE = 'BASE TABLE' AND TABLE_NAME = 'users' AND TABLE_SCHEMA = 'pdflab'
Executing (default): SHOW FULL COLUMNS FROM `users`;
Executing (default): SELECT CONSTRAINT_NAME as constraint_name,CONSTRAINT_NAME as constraintName,CONSTRAINT_SCHEMA as constraintSchema,CONSTRAINT_SCHEMA as constraintCatalog,TABLE_NAME as tableName,TABLE_SCHEMA as tableSchema,TABLE_SCHEMA as tableCatalog,COLUMN_NAME as columnName,REFERENCED_TABLE_SCHEMA as referencedTableSchema,REFERENCED_TABLE_SCHEMA as referencedTableCatalog,REFERENCED_TABLE_NAME as referencedTableName,REFERENCED_COLUMN_NAME as referencedColumnName FROM INFORMATION_SCHEMA.KEY_COLUMN_USAGE where TABLE_NAME = 'users' AND CONSTRAINT_NAME!='PRIMARY' AND CONSTRAINT_SCHEMA='pdflab' AND REFERENCED_TABLE_NAME IS NOT NULL;
Executing (default): ALTER TABLE `users` CHANGE `email` `email` VARCHAR(255) NOT NULL UNIQUE;
Executing (default): ALTER TABLE `users` CHANGE `password_hash` `password_hash` VARCHAR(255) NOT NULL;
Executing (default): ALTER TABLE `users` CHANGE `name` `name` VARCHAR(255);
Executing (default): ALTER TABLE `users` CHANGE `role` `role` ENUM('user', 'support', 'finance', 'admin', 'super_admin') NOT NULL DEFAULT 'user';
Executing (default): ALTER TABLE `users` CHANGE `plan` `plan` ENUM('free', 'starter', 'pro', 'enterprise') NOT NULL DEFAULT 'free';
Executing (default): ALTER TABLE `users` CHANGE `conversions_used` `conversions_used` INTEGER NOT NULL DEFAULT 0;
Executing (default): ALTER TABLE `users` CHANGE `conversions_limit` `conversions_limit` INTEGER NOT NULL DEFAULT 3;
Executing (default): ALTER TABLE `users` CHANGE `stripe_customer_id` `stripe_customer_id` VARCHAR(255);
Executing (default): ALTER TABLE `users` CHANGE `subscription_id` `subscription_id` VARCHAR(255);
Executing (default): ALTER TABLE `users` CHANGE `subscription_status` `subscription_status` ENUM('active', 'canceled', 'past_due', 'trialing');
Executing (default): ALTER TABLE `users` CHANGE `subscription_end_date` `subscription_end_date` DATETIME;
Executing (default): ALTER TABLE `users` CHANGE `failed_reset_attempts` `failed_reset_attempts` INTEGER NOT NULL DEFAULT 0;
Executing (default): ALTER TABLE `users` CHANGE `reset_locked_until` `reset_locked_until` DATETIME;
Executing (default): ALTER TABLE `users` CHANGE `created_at` `created_at` DATETIME NOT NULL;
Executing (default): ALTER TABLE `users` CHANGE `updated_at` `updated_at` DATETIME NOT NULL;
Executing (default): ALTER TABLE `users` CHANGE `last_login` `last_login` DATETIME;
Executing (default): SHOW INDEX FROM `users` FROM `pdflab`
Executing (default): SELECT TABLE_NAME FROM INFORMATION_SCHEMA.TABLES WHERE TABLE_TYPE = 'BASE TABLE' AND TABLE_NAME = 'admin_audit_logs' AND TABLE_SCHEMA = 'pdflab'
Executing (default): SHOW FULL COLUMNS FROM `admin_audit_logs`;
Executing (default): SELECT CONSTRAINT_NAME as constraint_name,CONSTRAINT_NAME as constraintName,CONSTRAINT_SCHEMA as constraintSchema,CONSTRAINT_SCHEMA as constraintCatalog,TABLE_NAME as tableName,TABLE_SCHEMA as tableSchema,TABLE_SCHEMA as tableCatalog,COLUMN_NAME as columnName,REFERENCED_TABLE_SCHEMA as referencedTableSchema,REFERENCED_TABLE_SCHEMA as referencedTableCatalog,REFERENCED_TABLE_NAME as referencedTableName,REFERENCED_COLUMN_NAME as referencedColumnName FROM INFORMATION_SCHEMA.KEY_COLUMN_USAGE where TABLE_NAME = 'admin_audit_logs' AND CONSTRAINT_NAME!='PRIMARY' AND CONSTRAINT_SCHEMA='pdflab' AND REFERENCED_TABLE_NAME IS NOT NULL;
Executing (default): SELECT CONSTRAINT_CATALOG AS constraintCatalog, CONSTRAINT_NAME AS constraintName, CONSTRAINT_SCHEMA AS constraintSchema, CONSTRAINT_TYPE AS constraintType, TABLE_NAME AS tableName, TABLE_SCHEMA AS tableSchema from INFORMATION_SCHEMA.TABLE_CONSTRAINTS WHERE table_name='admin_audit_logs' AND constraint_name = 'admin_audit_logs_ibfk_1' AND TABLE_SCHEMA = 'pdflab';
Executing (default): ALTER TABLE `admin_audit_logs` DROP FOREIGN KEY `admin_audit_logs_ibfk_1`;
Executing (default): ALTER TABLE `admin_audit_logs` ADD FOREIGN KEY (`admin_user_id`) REFERENCES `users` (`id`) ON DELETE CASCADE ON UPDATE CASCADE;
Executing (default): ALTER TABLE `admin_audit_logs` CHANGE `action` `action` VARCHAR(100) NOT NULL;
Executing (default): ALTER TABLE `admin_audit_logs` CHANGE `entity_type` `entity_type` VARCHAR(50) NOT NULL;
Executing (default): ALTER TABLE `admin_audit_logs` CHANGE `entity_id` `entity_id` CHAR(36) BINARY;
Executing (default): ALTER TABLE `admin_audit_logs` CHANGE `changes` `changes` JSON;
Executing (default): ALTER TABLE `admin_audit_logs` CHANGE `ip_address` `ip_address` VARCHAR(45);
Executing (default): ALTER TABLE `admin_audit_logs` CHANGE `user_agent` `user_agent` TEXT;
Executing (default): ALTER TABLE `admin_audit_logs` CHANGE `severity` `severity` ENUM('info', 'warning', 'critical') NOT NULL DEFAULT 'info';
Executing (default): ALTER TABLE `admin_audit_logs` CHANGE `checksum` `checksum` VARCHAR(64);
Executing (default): ALTER TABLE `admin_audit_logs` CHANGE `created_at` `created_at` DATETIME NOT NULL;
Executing (default): SHOW INDEX FROM `admin_audit_logs` FROM `pdflab`
Executing (default): SELECT TABLE_NAME FROM INFORMATION_SCHEMA.TABLES WHERE TABLE_TYPE = 'BASE TABLE' AND TABLE_NAME = 'system_health_logs' AND TABLE_SCHEMA = 'pdflab'
Executing (default): SHOW FULL COLUMNS FROM `system_health_logs`;
Executing (default): SELECT CONSTRAINT_NAME as constraint_name,CONSTRAINT_NAME as constraintName,CONSTRAINT_SCHEMA as constraintSchema,CONSTRAINT_SCHEMA as constraintCatalog,TABLE_NAME as tableName,TABLE_SCHEMA as tableSchema,TABLE_SCHEMA as tableCatalog,COLUMN_NAME as columnName,REFERENCED_TABLE_SCHEMA as referencedTableSchema,REFERENCED_TABLE_SCHEMA as referencedTableCatalog,REFERENCED_TABLE_NAME as referencedTableName,REFERENCED_COLUMN_NAME as referencedColumnName FROM INFORMATION_SCHEMA.KEY_COLUMN_USAGE where TABLE_NAME = 'system_health_logs' AND CONSTRAINT_NAME!='PRIMARY' AND CONSTRAINT_SCHEMA='pdflab' AND REFERENCED_TABLE_NAME IS NOT NULL;
Executing (default): ALTER TABLE `system_health_logs` CHANGE `metric_name` `metric_name` VARCHAR(100) NOT NULL;
Executing (default): ALTER TABLE `system_health_logs` CHANGE `metric_value` `metric_value` DECIMAL(10,2);
Executing (default): ALTER TABLE `system_health_logs` CHANGE `status` `status` ENUM('healthy', 'warning', 'critical') NOT NULL DEFAULT 'healthy';
Executing (default): ALTER TABLE `system_health_logs` CHANGE `details` `details` JSON;
Executing (default): ALTER TABLE `system_health_logs` CHANGE `created_at` `created_at` DATETIME NOT NULL;
Executing (default): SHOW INDEX FROM `system_health_logs` FROM `pdflab`
Executing (default): SELECT TABLE_NAME FROM INFORMATION_SCHEMA.TABLES WHERE TABLE_TYPE = 'BASE TABLE' AND TABLE_NAME = 'conversion_jobs' AND TABLE_SCHEMA = 'pdflab'
Executing (default): SHOW FULL COLUMNS FROM `conversion_jobs`;
Executing (default): SELECT CONSTRAINT_NAME as constraint_name,CONSTRAINT_NAME as constraintName,CONSTRAINT_SCHEMA as constraintSchema,CONSTRAINT_SCHEMA as constraintCatalog,TABLE_NAME as tableName,TABLE_SCHEMA as tableSchema,TABLE_SCHEMA as tableCatalog,COLUMN_NAME as columnName,REFERENCED_TABLE_SCHEMA as referencedTableSchema,REFERENCED_TABLE_SCHEMA as referencedTableCatalog,REFERENCED_TABLE_NAME as referencedTableName,REFERENCED_COLUMN_NAME as referencedColumnName FROM INFORMATION_SCHEMA.KEY_COLUMN_USAGE where TABLE_NAME = 'conversion_jobs' AND CONSTRAINT_NAME!='PRIMARY' AND CONSTRAINT_SCHEMA='pdflab' AND REFERENCED_TABLE_NAME IS NOT NULL;
Executing (default): ALTER TABLE `conversion_jobs` CHANGE `user_id` `user_id` CHAR(36) BINARY;
Executing (default): ALTER TABLE `conversion_jobs` CHANGE `type` `type` ENUM('pdf_to_pptx', 'pdf_to_docx', 'pdf_to_xlsx', 'pdf_to_images', 'pdf_merge') NOT NULL;
Executing (default): ALTER TABLE `conversion_jobs` CHANGE `status` `status` ENUM('pending', 'queued', 'processing', 'completed', 'failed') NOT NULL DEFAULT 'pending';
Executing (default): ALTER TABLE `conversion_jobs` CHANGE `progress` `progress` INTEGER NOT NULL DEFAULT 0;
Executing (default): ALTER TABLE `conversion_jobs` CHANGE `input_file` `input_file` VARCHAR(500);
Executing (default): ALTER TABLE `conversion_jobs` CHANGE `output_file` `output_file` VARCHAR(500);
Executing (default): ALTER TABLE `conversion_jobs` CHANGE `file_name` `file_name` VARCHAR(255) NOT NULL;
Executing (default): ALTER TABLE `conversion_jobs` CHANGE `file_size` `file_size` BIGINT NOT NULL;
Executing (default): ALTER TABLE `conversion_jobs` CHANGE `cloudconvert_job_id` `cloudconvert_job_id` VARCHAR(255);
Executing (default): ALTER TABLE `conversion_jobs` CHANGE `error_message` `error_message` TEXT;
Executing (default): ALTER TABLE `conversion_jobs` CHANGE `estimated_time` `estimated_time` INTEGER COMMENT 'Estimated processing time in seconds';
Executing (default): ALTER TABLE `conversion_jobs` CHANGE `processing_started_at` `processing_started_at` DATETIME;
Executing (default): ALTER TABLE `conversion_jobs` CHANGE `processing_completed_at` `processing_completed_at` DATETIME;
Executing (default): ALTER TABLE `conversion_jobs` CHANGE `created_at` `created_at` DATETIME NOT NULL;
Executing (default): ALTER TABLE `conversion_jobs` CHANGE `updated_at` `updated_at` DATETIME NOT NULL;
Executing (default): ALTER TABLE `conversion_jobs` CHANGE `expires_at` `expires_at` DATETIME NOT NULL;
Executing (default): SHOW INDEX FROM `conversion_jobs` FROM `pdflab`
Executing (default): SELECT TABLE_NAME FROM INFORMATION_SCHEMA.TABLES WHERE TABLE_TYPE = 'BASE TABLE' AND TABLE_NAME = 'usage_logs' AND TABLE_SCHEMA = 'pdflab'
Executing (default): SHOW FULL COLUMNS FROM `usage_logs`;
Executing (default): SELECT CONSTRAINT_NAME as constraint_name,CONSTRAINT_NAME as constraintName,CONSTRAINT_SCHEMA as constraintSchema,CONSTRAINT_SCHEMA as constraintCatalog,TABLE_NAME as tableName,TABLE_SCHEMA as tableSchema,TABLE_SCHEMA as tableCatalog,COLUMN_NAME as columnName,REFERENCED_TABLE_SCHEMA as referencedTableSchema,REFERENCED_TABLE_SCHEMA as referencedTableCatalog,REFERENCED_TABLE_NAME as referencedTableName,REFERENCED_COLUMN_NAME as referencedColumnName FROM INFORMATION_SCHEMA.KEY_COLUMN_USAGE where TABLE_NAME = 'usage_logs' AND CONSTRAINT_NAME!='PRIMARY' AND CONSTRAINT_SCHEMA='pdflab' AND REFERENCED_TABLE_NAME IS NOT NULL;
Executing (default): SELECT CONSTRAINT_CATALOG AS constraintCatalog, CONSTRAINT_NAME AS constraintName, CONSTRAINT_SCHEMA AS constraintSchema, CONSTRAINT_TYPE AS constraintType, TABLE_NAME AS tableName, TABLE_SCHEMA AS tableSchema from INFORMATION_SCHEMA.TABLE_CONSTRAINTS WHERE table_name='usage_logs' AND constraint_name = 'usage_logs_ibfk_63' AND TABLE_SCHEMA = 'pdflab';
Executing (default): ALTER TABLE `usage_logs` DROP FOREIGN KEY `usage_logs_ibfk_63`;
Executing (default): ALTER TABLE `usage_logs` ADD FOREIGN KEY (`user_id`) REFERENCES `users` (`id`) ON DELETE CASCADE ON UPDATE CASCADE;
Executing (default): SELECT CONSTRAINT_CATALOG AS constraintCatalog, CONSTRAINT_NAME AS constraintName, CONSTRAINT_SCHEMA AS constraintSchema, CONSTRAINT_TYPE AS constraintType, TABLE_NAME AS tableName, TABLE_SCHEMA AS tableSchema from INFORMATION_SCHEMA.TABLE_CONSTRAINTS WHERE table_name='usage_logs' AND constraint_name = 'usage_logs_ibfk_64' AND TABLE_SCHEMA = 'pdflab';
Executing (default): ALTER TABLE `usage_logs` DROP FOREIGN KEY `usage_logs_ibfk_64`;
Executing (default): ALTER TABLE `usage_logs` ADD FOREIGN KEY (`job_id`) REFERENCES `conversion_jobs` (`id`) ON DELETE SET NULL ON UPDATE CASCADE;
Executing (default): ALTER TABLE `usage_logs` CHANGE `operation_type` `operation_type` VARCHAR(50) NOT NULL;
Executing (default): ALTER TABLE `usage_logs` CHANGE `success` `success` TINYINT(1) NOT NULL DEFAULT false;
Executing (default): ALTER TABLE `usage_logs` CHANGE `processing_time` `processing_time` INTEGER COMMENT 'Processing time in milliseconds';
Executing (default): ALTER TABLE `usage_logs` CHANGE `file_size` `file_size` BIGINT NOT NULL;
Executing (default): ALTER TABLE `usage_logs` CHANGE `error_code` `error_code` VARCHAR(50);
Executing (default): ALTER TABLE `usage_logs` CHANGE `timestamp` `timestamp` DATETIME NOT NULL;
Executing (default): SHOW INDEX FROM `usage_logs` FROM `pdflab`
Executing (default): SELECT TABLE_NAME FROM INFORMATION_SCHEMA.TABLES WHERE TABLE_TYPE = 'BASE TABLE' AND TABLE_NAME = 'subscriptions' AND TABLE_SCHEMA = 'pdflab'
Executing (default): SHOW FULL COLUMNS FROM `subscriptions`;
Executing (default): SELECT CONSTRAINT_NAME as constraint_name,CONSTRAINT_NAME as constraintName,CONSTRAINT_SCHEMA as constraintSchema,CONSTRAINT_SCHEMA as constraintCatalog,TABLE_NAME as tableName,TABLE_SCHEMA as tableSchema,TABLE_SCHEMA as tableCatalog,COLUMN_NAME as columnName,REFERENCED_TABLE_SCHEMA as referencedTableSchema,REFERENCED_TABLE_SCHEMA as referencedTableCatalog,REFERENCED_TABLE_NAME as referencedTableName,REFERENCED_COLUMN_NAME as referencedColumnName FROM INFORMATION_SCHEMA.KEY_COLUMN_USAGE where TABLE_NAME = 'subscriptions' AND CONSTRAINT_NAME!='PRIMARY' AND CONSTRAINT_SCHEMA='pdflab' AND REFERENCED_TABLE_NAME IS NOT NULL;
Executing (default): SELECT CONSTRAINT_CATALOG AS constraintCatalog, CONSTRAINT_NAME AS constraintName, CONSTRAINT_SCHEMA AS constraintSchema, CONSTRAINT_TYPE AS constraintType, TABLE_NAME AS tableName, TABLE_SCHEMA AS tableSchema from INFORMATION_SCHEMA.TABLE_CONSTRAINTS WHERE table_name='subscriptions' AND constraint_name = 'subscriptions_ibfk_1' AND TABLE_SCHEMA = 'pdflab';
Executing (default): ALTER TABLE `subscriptions` DROP FOREIGN KEY `subscriptions_ibfk_1`;
Executing (default): ALTER TABLE `subscriptions` ADD FOREIGN KEY (`user_id`) REFERENCES `users` (`id`) ON DELETE CASCADE ON UPDATE CASCADE;
Executing (default): ALTER TABLE `subscriptions` CHANGE `plan` `plan` ENUM('free', 'starter', 'pro', 'enterprise') NOT NULL DEFAULT 'free';
Executing (default): ALTER TABLE `subscriptions` CHANGE `status` `status` ENUM('active', 'canceled', 'past_due', 'trialing', 'pending') NOT NULL DEFAULT 'pending';
Executing (default): ALTER TABLE `subscriptions` CHANGE `payfast_token` `payfast_token` VARCHAR(255) COMMENT 'PayFast subscription token for recurring payments';
Executing (default): ALTER TABLE `subscriptions` CHANGE `payfast_subscription_id` `payfast_subscription_id` VARCHAR(255) COMMENT 'PayFast subscription ID';
Executing (default): ALTER TABLE `subscriptions` CHANGE `amount` `amount` DECIMAL(10,2) NOT NULL COMMENT 'Subscription amount in currency';
Executing (default): ALTER TABLE `subscriptions` CHANGE `currency` `currency` VARCHAR(3) NOT NULL DEFAULT 'USD' COMMENT 'Currency code (USD for United States Dollar)';
Executing (default): ALTER TABLE `subscriptions` CHANGE `billing_date` `billing_date` DATETIME COMMENT 'First billing date';
Executing (default): ALTER TABLE `subscriptions` CHANGE `next_billing_date` `next_billing_date` DATETIME COMMENT 'Next billing date for recurring subscription';
Executing (default): ALTER TABLE `subscriptions` CHANGE `cancel_at` `cancel_at` DATETIME COMMENT 'Scheduled cancellation date';
Executing (default): ALTER TABLE `subscriptions` CHANGE `canceled_at` `canceled_at` DATETIME COMMENT 'Actual cancellation timestamp';
Executing (default): ALTER TABLE `subscriptions` CHANGE `trial_end` `trial_end` DATETIME COMMENT 'Trial period end date';
Executing (default): ALTER TABLE `subscriptions` CHANGE `started_at` `started_at` DATETIME NOT NULL COMMENT 'Subscription start date';
Executing (default): ALTER TABLE `subscriptions` CHANGE `ended_at` `ended_at` DATETIME COMMENT 'Subscription end date (if canceled)';
Executing (default): ALTER TABLE `subscriptions` CHANGE `created_at` `created_at` DATETIME NOT NULL;
Executing (default): ALTER TABLE `subscriptions` CHANGE `updated_at` `updated_at` DATETIME NOT NULL;
Executing (default): SHOW INDEX FROM `subscriptions` FROM `pdflab`
Executing (default): SELECT TABLE_NAME FROM INFORMATION_SCHEMA.TABLES WHERE TABLE_TYPE = 'BASE TABLE' AND TABLE_NAME = 'payment_logs' AND TABLE_SCHEMA = 'pdflab'
Executing (default): SHOW FULL COLUMNS FROM `payment_logs`;
Executing (default): SELECT CONSTRAINT_NAME as constraint_name,CONSTRAINT_NAME as constraintName,CONSTRAINT_SCHEMA as constraintSchema,CONSTRAINT_SCHEMA as constraintCatalog,TABLE_NAME as tableName,TABLE_SCHEMA as tableSchema,TABLE_SCHEMA as tableCatalog,COLUMN_NAME as columnName,REFERENCED_TABLE_SCHEMA as referencedTableSchema,REFERENCED_TABLE_SCHEMA as referencedTableCatalog,REFERENCED_TABLE_NAME as referencedTableName,REFERENCED_COLUMN_NAME as referencedColumnName FROM INFORMATION_SCHEMA.KEY_COLUMN_USAGE where TABLE_NAME = 'payment_logs' AND CONSTRAINT_NAME!='PRIMARY' AND CONSTRAINT_SCHEMA='pdflab' AND REFERENCED_TABLE_NAME IS NOT NULL;
Executing (default): SELECT CONSTRAINT_CATALOG AS constraintCatalog, CONSTRAINT_NAME AS constraintName, CONSTRAINT_SCHEMA AS constraintSchema, CONSTRAINT_TYPE AS constraintType, TABLE_NAME AS tableName, TABLE_SCHEMA AS tableSchema from INFORMATION_SCHEMA.TABLE_CONSTRAINTS WHERE table_name='payment_logs' AND constraint_name = 'payment_logs_ibfk_47' AND TABLE_SCHEMA = 'pdflab';
Executing (default): ALTER TABLE `payment_logs` DROP FOREIGN KEY `payment_logs_ibfk_47`;
Executing (default): ALTER TABLE `payment_logs` ADD FOREIGN KEY (`user_id`) REFERENCES `users` (`id`) ON DELETE CASCADE ON UPDATE CASCADE;
Executing (default): SELECT CONSTRAINT_CATALOG AS constraintCatalog, CONSTRAINT_NAME AS constraintName, CONSTRAINT_SCHEMA AS constraintSchema, CONSTRAINT_TYPE AS constraintType, TABLE_NAME AS tableName, TABLE_SCHEMA AS tableSchema from INFORMATION_SCHEMA.TABLE_CONSTRAINTS WHERE table_name='payment_logs' AND constraint_name = 'payment_logs_ibfk_48' AND TABLE_SCHEMA = 'pdflab';
Executing (default): ALTER TABLE `payment_logs` DROP FOREIGN KEY `payment_logs_ibfk_48`;
Executing (default): ALTER TABLE `payment_logs` ADD FOREIGN KEY (`subscription_id`) REFERENCES `subscriptions` (`id`) ON DELETE SET NULL ON UPDATE CASCADE;
Executing (default): ALTER TABLE `payment_logs` CHANGE `transaction_id` `transaction_id` VARCHAR(255) NOT NULL UNIQUE COMMENT 'Our internal transaction ID (m_payment_id)';
Executing (default): ALTER TABLE `payment_logs` CHANGE `payfast_payment_id` `payfast_payment_id` VARCHAR(255) COMMENT 'PayFast payment ID (pf_payment_id)';
Executing (default): ALTER TABLE `payment_logs` CHANGE `payment_type` `payment_type` ENUM('subscription', 'subscription_payment', 'one_time', 'refund') NOT NULL DEFAULT 'one_time';
Executing (default): ALTER TABLE `payment_logs` CHANGE `status` `status` ENUM('complete', 'failed', 'pending', 'cancelled') NOT NULL DEFAULT 'pending';
Executing (default): ALTER TABLE `payment_logs` CHANGE `amount_gross` `amount_gross` DECIMAL(10,2) NOT NULL COMMENT 'Gross amount before fees';
Executing (default): ALTER TABLE `payment_logs` CHANGE `amount_fee` `amount_fee` DECIMAL(10,2) NOT NULL DEFAULT 0 COMMENT 'PayFast processing fee';
Executing (default): ALTER TABLE `payment_logs` CHANGE `amount_net` `amount_net` DECIMAL(10,2) NOT NULL COMMENT 'Net amount after fees';
Executing (default): ALTER TABLE `payment_logs` CHANGE `currency` `currency` VARCHAR(3) NOT NULL DEFAULT 'USD';
Executing (default): ALTER TABLE `payment_logs` CHANGE `plan` `plan` VARCHAR(50) NOT NULL COMMENT 'Plan name (free, starter, pro, enterprise)';
Executing (default): ALTER TABLE `payment_logs` CHANGE `payment_method` `payment_method` VARCHAR(50) COMMENT 'Payment method used (eft, credit_card, etc.)';
Executing (default): ALTER TABLE `payment_logs` CHANGE `name_first` `name_first` VARCHAR(255) NOT NULL;
Executing (default): ALTER TABLE `payment_logs` CHANGE `name_last` `name_last` VARCHAR(255);
Executing (default): ALTER TABLE `payment_logs` CHANGE `email_address` `email_address` VARCHAR(255) NOT NULL;
Executing (default): ALTER TABLE `payment_logs` CHANGE `item_name` `item_name` VARCHAR(255) NOT NULL;
Executing (default): ALTER TABLE `payment_logs` CHANGE `item_description` `item_description` TEXT;
Executing (default): ALTER TABLE `payment_logs` CHANGE `custom_data` `custom_data` JSON COMMENT 'Custom data sent to PayFast';
Executing (default): ALTER TABLE `payment_logs` CHANGE `itn_data` `itn_data` JSON COMMENT 'Full ITN notification data from PayFast';
Executing (default): ALTER TABLE `payment_logs` CHANGE `error_message` `error_message` TEXT COMMENT 'Error message if payment failed';
Executing (default): ALTER TABLE `payment_logs` CHANGE `processed_at` `processed_at` DATETIME COMMENT 'When the payment was processed';
Executing (default): ALTER TABLE `payment_logs` CHANGE `created_at` `created_at` DATETIME NOT NULL;
Executing (default): ALTER TABLE `payment_logs` CHANGE `updated_at` `updated_at` DATETIME NOT NULL;
Executing (default): SHOW INDEX FROM `payment_logs` FROM `pdflab`
Executing (default): SELECT TABLE_NAME FROM INFORMATION_SCHEMA.TABLES WHERE TABLE_TYPE = 'BASE TABLE' AND TABLE_NAME = 'password_history' AND TABLE_SCHEMA = 'pdflab'
Executing (default): SHOW FULL COLUMNS FROM `password_history`;
Executing (default): SELECT CONSTRAINT_NAME as constraint_name,CONSTRAINT_NAME as constraintName,CONSTRAINT_SCHEMA as constraintSchema,CONSTRAINT_SCHEMA as constraintCatalog,TABLE_NAME as tableName,TABLE_SCHEMA as tableSchema,TABLE_SCHEMA as tableCatalog,COLUMN_NAME as columnName,REFERENCED_TABLE_SCHEMA as referencedTableSchema,REFERENCED_TABLE_SCHEMA as referencedTableCatalog,REFERENCED_TABLE_NAME as referencedTableName,REFERENCED_COLUMN_NAME as referencedColumnName FROM INFORMATION_SCHEMA.KEY_COLUMN_USAGE where TABLE_NAME = 'password_history' AND CONSTRAINT_NAME!='PRIMARY' AND CONSTRAINT_SCHEMA='pdflab' AND REFERENCED_TABLE_NAME IS NOT NULL;
Executing (default): SELECT CONSTRAINT_CATALOG AS constraintCatalog, CONSTRAINT_NAME AS constraintName, CONSTRAINT_SCHEMA AS constraintSchema, CONSTRAINT_TYPE AS constraintType, TABLE_NAME AS tableName, TABLE_SCHEMA AS tableSchema from INFORMATION_SCHEMA.TABLE_CONSTRAINTS WHERE table_name='password_history' AND constraint_name = 'password_history_ibfk_1' AND TABLE_SCHEMA = 'pdflab';
Executing (default): ALTER TABLE `password_history` DROP FOREIGN KEY `password_history_ibfk_1`;
Executing (default): ALTER TABLE `password_history` ADD FOREIGN KEY (`user_id`) REFERENCES `users` (`id`) ON DELETE CASCADE ON UPDATE CASCADE;
Executing (default): ALTER TABLE `password_history` CHANGE `password_hash` `password_hash` VARCHAR(255) NOT NULL;
Executing (default): ALTER TABLE `password_history` CHANGE `created_at` `created_at` DATETIME NOT NULL;
Executing (default): SHOW INDEX FROM `password_history` FROM `pdflab`
✓ Database synchronized successfully
✓ Redis client connected
🔧 Initializing Bull queues...
  Creating conversion queue...
  ✓ Conversion queue created
  Creating cleanup queue...
  ✓ Cleanup queue created
✓ Bull queues initialized
✓ Initializing conversion worker...
✓ Initializing cleanup worker...
✓ Job workers initialized
[Quota Reset] Initializing monthly quota reset cron job...
[Quota Reset] Schedule: 0 0 1 * * (1st of month at midnight)
✓ Quota reset cron job initialized and scheduled
✓ Next reset: 2025-12-01T00:00:00.000-05:00
✓ Monthly quota reset scheduled
✓ PDFLab API Server running
✓ Environment: development
✓ Port: 3006
✓ Health check: http://localhost:3006/health
✓ API endpoint: http://localhost:3006/api
[Guest Quota] Validating: {
  sessionId: 'guest_2364e122-095e-4784-96f5-5a6c47633d76',
  ipAddress: '::1'
}
[Guest Quota] Validation result: {
  allowed: true,
  session: {
    sessionId: 'guest_2364e122-095e-4784-96f5-5a6c47633d76',
    createdAt: 2025-11-03T18:39:26.797Z,
    conversionsUsed: 0,
    ipAddress: '::1'
  }
}
[Guest Quota] Allowed - proceeding
Executing (default): INSERT INTO `conversion_jobs` (`id`,`user_id`,`type`,`status`,`progress`,`input_file`,`file_name`,`file_size`,`estimated_time`,`created_at`,`updated_at`,`expires_at`) VALUES (?,?,?,?,?,?,?,?,?,?,?,?);
Executing (default): UPDATE `conversion_jobs` SET `status`=?,`updated_at`=? WHERE `id` = ?
[Conversion Worker] Processing job d4fc0a29-524c-4fd3-a936-606e0dde3d9f for user null
Executing (default): SELECT `id`, `user_id`, `type`, `status`, `progress`, `input_file`, `output_file`, `file_name`, `file_size`, `cloudconvert_job_id`, `error_message`, `estimated_time`, `processing_started_at`, `processing_completed_at`, `created_at`, `updated_at`, `expires_at`, `created_at` AS `createdAt`, `updated_at` AS `updatedAt` FROM `conversion_jobs` AS `ConversionJob` WHERE `ConversionJob`.`id` = 'd4fc0a29-524c-4fd3-a936-606e0dde3d9f';
Executing (default): UPDATE `conversion_jobs` SET `status`=?,`processing_started_at`=?,`progress`=?,`updated_at`=? WHERE `id` = ?
[ANALYTICS] {"timestamp":"2025-11-03T18:39:26.911Z","event":"user_file_upload","guestSessionId":"guest_2364e122-095e-4784-96f5-5a6c47633d76","isGuest":false,"properties":{"job_id":"d4fc0a29-524c-4fd3-a936-606e0dde3d9f","conversion_type":"pdf_to_pptx","file_size":13264,"file_name":"test-sample.pdf","funnel_step":"user_upload"},"ipAddress":"::1"}
[0mPOST /api/upload [32m201[0m 112.475 ms - 464[0m
[Conversion Worker] Job d4fc0a29-524c-4fd3-a936-606e0dde3d9f failed: TypeError [ERR_INVALID_ARG_TYPE]: The "path" argument must be of type string. Received null
    at Object.join (node:path:478:7)
    at Queue.<anonymous> (C:\Users\Mac\OneDrive\Desktop\Projects\PDFLab\backend\src\jobs\conversion.job.ts:79:28)
    at process.processTicksAndRejections (node:internal/process/task_queues:105:5)
    at async C:\Users\Mac\OneDrive\Desktop\Projects\PDFLab\backend\node_modules\bull\lib\p-timeout.js:69:17 {
  code: 'ERR_INVALID_ARG_TYPE'
}
Executing (default): UPDATE `conversion_jobs` SET `status`=?,`error_message`=?,`progress`=?,`updated_at`=? WHERE `id` = ?
✗ Conversion job 39 failed: notNull Violation: UsageLog.user_id cannot be null
[Conversion Worker] Processing job d4fc0a29-524c-4fd3-a936-606e0dde3d9f for user null
Executing (default): SELECT `id`, `user_id`, `type`, `status`, `progress`, `input_file`, `output_file`, `file_name`, `file_size`, `cloudconvert_job_id`, `error_message`, `estimated_time`, `processing_started_at`, `processing_completed_at`, `created_at`, `updated_at`, `expires_at`, `created_at` AS `createdAt`, `updated_at` AS `updatedAt` FROM `conversion_jobs` AS `ConversionJob` WHERE `ConversionJob`.`id` = 'd4fc0a29-524c-4fd3-a936-606e0dde3d9f';
Executing (default): UPDATE `conversion_jobs` SET `status`=?,`processing_started_at`=?,`progress`=?,`updated_at`=? WHERE `id` = ?
[Conversion Worker] Job d4fc0a29-524c-4fd3-a936-606e0dde3d9f failed: TypeError [ERR_INVALID_ARG_TYPE]: The "path" argument must be of type string. Received null
    at Object.join (node:path:478:7)
    at Queue.<anonymous> (C:\Users\Mac\OneDrive\Desktop\Projects\PDFLab\backend\src\jobs\conversion.job.ts:79:28)
    at process.processTicksAndRejections (node:internal/process/task_queues:105:5)
    at async C:\Users\Mac\OneDrive\Desktop\Projects\PDFLab\backend\node_modules\bull\lib\p-timeout.js:69:17 {
  code: 'ERR_INVALID_ARG_TYPE'
}
Executing (default): UPDATE `conversion_jobs` SET `status`=?,`error_message`=?,`progress`=?,`updated_at`=? WHERE `id` = ?
✗ Conversion job 39 failed: notNull Violation: UsageLog.user_id cannot be null
[Conversion Worker] Processing job d4fc0a29-524c-4fd3-a936-606e0dde3d9f for user null
Executing (default): SELECT `id`, `user_id`, `type`, `status`, `progress`, `input_file`, `output_file`, `file_name`, `file_size`, `cloudconvert_job_id`, `error_message`, `estimated_time`, `processing_started_at`, `processing_completed_at`, `created_at`, `updated_at`, `expires_at`, `created_at` AS `createdAt`, `updated_at` AS `updatedAt` FROM `conversion_jobs` AS `ConversionJob` WHERE `ConversionJob`.`id` = 'd4fc0a29-524c-4fd3-a936-606e0dde3d9f';
Executing (default): UPDATE `conversion_jobs` SET `status`=?,`processing_started_at`=?,`progress`=?,`updated_at`=? WHERE `id` = ?
[Conversion Worker] Job d4fc0a29-524c-4fd3-a936-606e0dde3d9f failed: TypeError [ERR_INVALID_ARG_TYPE]: The "path" argument must be of type string. Received null
    at Object.join (node:path:478:7)
    at Queue.<anonymous> (C:\Users\Mac\OneDrive\Desktop\Projects\PDFLab\backend\src\jobs\conversion.job.ts:79:28)
    at process.processTicksAndRejections (node:internal/process/task_queues:105:5)
    at async C:\Users\Mac\OneDrive\Desktop\Projects\PDFLab\backend\node_modules\bull\lib\p-timeout.js:69:17 {
  code: 'ERR_INVALID_ARG_TYPE'
}
Executing (default): UPDATE `conversion_jobs` SET `status`=?,`error_message`=?,`progress`=?,`updated_at`=? WHERE `id` = ?
✗ Conversion job 39 failed: notNull Violation: UsageLog.user_id cannot be null
20:40:22 [tsx] change in ./src\controllers\conversion.controller.ts Restarting...
c⚠ Email service not configured - missing SMTP credentials
  Emails will be logged to console only (development mode)
🚀 Starting PDFLab Backend API...
Executing (default): SELECT 1+1 AS result
✓ Database connection established successfully
Executing (default): SELECT TABLE_NAME FROM INFORMATION_SCHEMA.TABLES WHERE TABLE_TYPE = 'BASE TABLE' AND TABLE_NAME = 'users' AND TABLE_SCHEMA = 'pdflab'
Executing (default): SHOW FULL COLUMNS FROM `users`;
Executing (default): SELECT CONSTRAINT_NAME as constraint_name,CONSTRAINT_NAME as constraintName,CONSTRAINT_SCHEMA as constraintSchema,CONSTRAINT_SCHEMA as constraintCatalog,TABLE_NAME as tableName,TABLE_SCHEMA as tableSchema,TABLE_SCHEMA as tableCatalog,COLUMN_NAME as columnName,REFERENCED_TABLE_SCHEMA as referencedTableSchema,REFERENCED_TABLE_SCHEMA as referencedTableCatalog,REFERENCED_TABLE_NAME as referencedTableName,REFERENCED_COLUMN_NAME as referencedColumnName FROM INFORMATION_SCHEMA.KEY_COLUMN_USAGE where TABLE_NAME = 'users' AND CONSTRAINT_NAME!='PRIMARY' AND CONSTRAINT_SCHEMA='pdflab' AND REFERENCED_TABLE_NAME IS NOT NULL;
Executing (default): ALTER TABLE `users` CHANGE `email` `email` VARCHAR(255) NOT NULL UNIQUE;
Executing (default): ALTER TABLE `users` CHANGE `password_hash` `password_hash` VARCHAR(255) NOT NULL;
Executing (default): ALTER TABLE `users` CHANGE `name` `name` VARCHAR(255);
Executing (default): ALTER TABLE `users` CHANGE `role` `role` ENUM('user', 'support', 'finance', 'admin', 'super_admin') NOT NULL DEFAULT 'user';
Executing (default): ALTER TABLE `users` CHANGE `plan` `plan` ENUM('free', 'starter', 'pro', 'enterprise') NOT NULL DEFAULT 'free';
Executing (default): ALTER TABLE `users` CHANGE `conversions_used` `conversions_used` INTEGER NOT NULL DEFAULT 0;
Executing (default): ALTER TABLE `users` CHANGE `conversions_limit` `conversions_limit` INTEGER NOT NULL DEFAULT 3;
Executing (default): ALTER TABLE `users` CHANGE `stripe_customer_id` `stripe_customer_id` VARCHAR(255);
Executing (default): ALTER TABLE `users` CHANGE `subscription_id` `subscription_id` VARCHAR(255);
Executing (default): ALTER TABLE `users` CHANGE `subscription_status` `subscription_status` ENUM('active', 'canceled', 'past_due', 'trialing');
Executing (default): ALTER TABLE `users` CHANGE `subscription_end_date` `subscription_end_date` DATETIME;
Executing (default): ALTER TABLE `users` CHANGE `failed_reset_attempts` `failed_reset_attempts` INTEGER NOT NULL DEFAULT 0;
Executing (default): ALTER TABLE `users` CHANGE `reset_locked_until` `reset_locked_until` DATETIME;
Executing (default): ALTER TABLE `users` CHANGE `created_at` `created_at` DATETIME NOT NULL;
Executing (default): ALTER TABLE `users` CHANGE `updated_at` `updated_at` DATETIME NOT NULL;
Executing (default): ALTER TABLE `users` CHANGE `last_login` `last_login` DATETIME;
Executing (default): SHOW INDEX FROM `users` FROM `pdflab`
Executing (default): SELECT TABLE_NAME FROM INFORMATION_SCHEMA.TABLES WHERE TABLE_TYPE = 'BASE TABLE' AND TABLE_NAME = 'admin_audit_logs' AND TABLE_SCHEMA = 'pdflab'
Executing (default): SHOW FULL COLUMNS FROM `admin_audit_logs`;
Executing (default): SELECT CONSTRAINT_NAME as constraint_name,CONSTRAINT_NAME as constraintName,CONSTRAINT_SCHEMA as constraintSchema,CONSTRAINT_SCHEMA as constraintCatalog,TABLE_NAME as tableName,TABLE_SCHEMA as tableSchema,TABLE_SCHEMA as tableCatalog,COLUMN_NAME as columnName,REFERENCED_TABLE_SCHEMA as referencedTableSchema,REFERENCED_TABLE_SCHEMA as referencedTableCatalog,REFERENCED_TABLE_NAME as referencedTableName,REFERENCED_COLUMN_NAME as referencedColumnName FROM INFORMATION_SCHEMA.KEY_COLUMN_USAGE where TABLE_NAME = 'admin_audit_logs' AND CONSTRAINT_NAME!='PRIMARY' AND CONSTRAINT_SCHEMA='pdflab' AND REFERENCED_TABLE_NAME IS NOT NULL;
Executing (default): SELECT CONSTRAINT_CATALOG AS constraintCatalog, CONSTRAINT_NAME AS constraintName, CONSTRAINT_SCHEMA AS constraintSchema, CONSTRAINT_TYPE AS constraintType, TABLE_NAME AS tableName, TABLE_SCHEMA AS tableSchema from INFORMATION_SCHEMA.TABLE_CONSTRAINTS WHERE table_name='admin_audit_logs' AND constraint_name = 'admin_audit_logs_ibfk_1' AND TABLE_SCHEMA = 'pdflab';
Executing (default): ALTER TABLE `admin_audit_logs` DROP FOREIGN KEY `admin_audit_logs_ibfk_1`;
Executing (default): ALTER TABLE `admin_audit_logs` ADD FOREIGN KEY (`admin_user_id`) REFERENCES `users` (`id`) ON DELETE CASCADE ON UPDATE CASCADE;
Executing (default): ALTER TABLE `admin_audit_logs` CHANGE `action` `action` VARCHAR(100) NOT NULL;
Executing (default): ALTER TABLE `admin_audit_logs` CHANGE `entity_type` `entity_type` VARCHAR(50) NOT NULL;
Executing (default): ALTER TABLE `admin_audit_logs` CHANGE `entity_id` `entity_id` CHAR(36) BINARY;
Executing (default): ALTER TABLE `admin_audit_logs` CHANGE `changes` `changes` JSON;
Executing (default): ALTER TABLE `admin_audit_logs` CHANGE `ip_address` `ip_address` VARCHAR(45);
Executing (default): ALTER TABLE `admin_audit_logs` CHANGE `user_agent` `user_agent` TEXT;
Executing (default): ALTER TABLE `admin_audit_logs` CHANGE `severity` `severity` ENUM('info', 'warning', 'critical') NOT NULL DEFAULT 'info';
Executing (default): ALTER TABLE `admin_audit_logs` CHANGE `checksum` `checksum` VARCHAR(64);
Executing (default): ALTER TABLE `admin_audit_logs` CHANGE `created_at` `created_at` DATETIME NOT NULL;
Executing (default): SHOW INDEX FROM `admin_audit_logs` FROM `pdflab`
Executing (default): SELECT TABLE_NAME FROM INFORMATION_SCHEMA.TABLES WHERE TABLE_TYPE = 'BASE TABLE' AND TABLE_NAME = 'system_health_logs' AND TABLE_SCHEMA = 'pdflab'
Executing (default): SHOW FULL COLUMNS FROM `system_health_logs`;
Executing (default): SELECT CONSTRAINT_NAME as constraint_name,CONSTRAINT_NAME as constraintName,CONSTRAINT_SCHEMA as constraintSchema,CONSTRAINT_SCHEMA as constraintCatalog,TABLE_NAME as tableName,TABLE_SCHEMA as tableSchema,TABLE_SCHEMA as tableCatalog,COLUMN_NAME as columnName,REFERENCED_TABLE_SCHEMA as referencedTableSchema,REFERENCED_TABLE_SCHEMA as referencedTableCatalog,REFERENCED_TABLE_NAME as referencedTableName,REFERENCED_COLUMN_NAME as referencedColumnName FROM INFORMATION_SCHEMA.KEY_COLUMN_USAGE where TABLE_NAME = 'system_health_logs' AND CONSTRAINT_NAME!='PRIMARY' AND CONSTRAINT_SCHEMA='pdflab' AND REFERENCED_TABLE_NAME IS NOT NULL;
Executing (default): ALTER TABLE `system_health_logs` CHANGE `metric_name` `metric_name` VARCHAR(100) NOT NULL;
Executing (default): ALTER TABLE `system_health_logs` CHANGE `metric_value` `metric_value` DECIMAL(10,2);
Executing (default): ALTER TABLE `system_health_logs` CHANGE `status` `status` ENUM('healthy', 'warning', 'critical') NOT NULL DEFAULT 'healthy';
Executing (default): ALTER TABLE `system_health_logs` CHANGE `details` `details` JSON;
Executing (default): ALTER TABLE `system_health_logs` CHANGE `created_at` `created_at` DATETIME NOT NULL;
Executing (default): SHOW INDEX FROM `system_health_logs` FROM `pdflab`
Executing (default): SELECT TABLE_NAME FROM INFORMATION_SCHEMA.TABLES WHERE TABLE_TYPE = 'BASE TABLE' AND TABLE_NAME = 'conversion_jobs' AND TABLE_SCHEMA = 'pdflab'
Executing (default): SHOW FULL COLUMNS FROM `conversion_jobs`;
Executing (default): SELECT CONSTRAINT_NAME as constraint_name,CONSTRAINT_NAME as constraintName,CONSTRAINT_SCHEMA as constraintSchema,CONSTRAINT_SCHEMA as constraintCatalog,TABLE_NAME as tableName,TABLE_SCHEMA as tableSchema,TABLE_SCHEMA as tableCatalog,COLUMN_NAME as columnName,REFERENCED_TABLE_SCHEMA as referencedTableSchema,REFERENCED_TABLE_SCHEMA as referencedTableCatalog,REFERENCED_TABLE_NAME as referencedTableName,REFERENCED_COLUMN_NAME as referencedColumnName FROM INFORMATION_SCHEMA.KEY_COLUMN_USAGE where TABLE_NAME = 'conversion_jobs' AND CONSTRAINT_NAME!='PRIMARY' AND CONSTRAINT_SCHEMA='pdflab' AND REFERENCED_TABLE_NAME IS NOT NULL;
Executing (default): ALTER TABLE `conversion_jobs` CHANGE `user_id` `user_id` CHAR(36) BINARY;
Executing (default): ALTER TABLE `conversion_jobs` CHANGE `type` `type` ENUM('pdf_to_pptx', 'pdf_to_docx', 'pdf_to_xlsx', 'pdf_to_images', 'pdf_merge') NOT NULL;
Executing (default): ALTER TABLE `conversion_jobs` CHANGE `status` `status` ENUM('pending', 'queued', 'processing', 'completed', 'failed') NOT NULL DEFAULT 'pending';
Executing (default): ALTER TABLE `conversion_jobs` CHANGE `progress` `progress` INTEGER NOT NULL DEFAULT 0;
Executing (default): ALTER TABLE `conversion_jobs` CHANGE `input_file` `input_file` VARCHAR(500);
Executing (default): ALTER TABLE `conversion_jobs` CHANGE `output_file` `output_file` VARCHAR(500);
Executing (default): ALTER TABLE `conversion_jobs` CHANGE `file_name` `file_name` VARCHAR(255) NOT NULL;
Executing (default): ALTER TABLE `conversion_jobs` CHANGE `file_size` `file_size` BIGINT NOT NULL;
Executing (default): ALTER TABLE `conversion_jobs` CHANGE `cloudconvert_job_id` `cloudconvert_job_id` VARCHAR(255);
Executing (default): ALTER TABLE `conversion_jobs` CHANGE `error_message` `error_message` TEXT;
Executing (default): ALTER TABLE `conversion_jobs` CHANGE `estimated_time` `estimated_time` INTEGER COMMENT 'Estimated processing time in seconds';
Executing (default): ALTER TABLE `conversion_jobs` CHANGE `processing_started_at` `processing_started_at` DATETIME;
Executing (default): ALTER TABLE `conversion_jobs` CHANGE `processing_completed_at` `processing_completed_at` DATETIME;
Executing (default): ALTER TABLE `conversion_jobs` CHANGE `created_at` `created_at` DATETIME NOT NULL;
Executing (default): ALTER TABLE `conversion_jobs` CHANGE `updated_at` `updated_at` DATETIME NOT NULL;
Executing (default): ALTER TABLE `conversion_jobs` CHANGE `expires_at` `expires_at` DATETIME NOT NULL;
Executing (default): SHOW INDEX FROM `conversion_jobs` FROM `pdflab`
Executing (default): SELECT TABLE_NAME FROM INFORMATION_SCHEMA.TABLES WHERE TABLE_TYPE = 'BASE TABLE' AND TABLE_NAME = 'usage_logs' AND TABLE_SCHEMA = 'pdflab'
Executing (default): SHOW FULL COLUMNS FROM `usage_logs`;
Executing (default): SELECT CONSTRAINT_NAME as constraint_name,CONSTRAINT_NAME as constraintName,CONSTRAINT_SCHEMA as constraintSchema,CONSTRAINT_SCHEMA as constraintCatalog,TABLE_NAME as tableName,TABLE_SCHEMA as tableSchema,TABLE_SCHEMA as tableCatalog,COLUMN_NAME as columnName,REFERENCED_TABLE_SCHEMA as referencedTableSchema,REFERENCED_TABLE_SCHEMA as referencedTableCatalog,REFERENCED_TABLE_NAME as referencedTableName,REFERENCED_COLUMN_NAME as referencedColumnName FROM INFORMATION_SCHEMA.KEY_COLUMN_USAGE where TABLE_NAME = 'usage_logs' AND CONSTRAINT_NAME!='PRIMARY' AND CONSTRAINT_SCHEMA='pdflab' AND REFERENCED_TABLE_NAME IS NOT NULL;
Executing (default): SELECT CONSTRAINT_CATALOG AS constraintCatalog, CONSTRAINT_NAME AS constraintName, CONSTRAINT_SCHEMA AS constraintSchema, CONSTRAINT_TYPE AS constraintType, TABLE_NAME AS tableName, TABLE_SCHEMA AS tableSchema from INFORMATION_SCHEMA.TABLE_CONSTRAINTS WHERE table_name='usage_logs' AND constraint_name = 'usage_logs_ibfk_65' AND TABLE_SCHEMA = 'pdflab';
Executing (default): ALTER TABLE `usage_logs` DROP FOREIGN KEY `usage_logs_ibfk_65`;
Executing (default): ALTER TABLE `usage_logs` ADD FOREIGN KEY (`user_id`) REFERENCES `users` (`id`) ON DELETE CASCADE ON UPDATE CASCADE;
Executing (default): SELECT CONSTRAINT_CATALOG AS constraintCatalog, CONSTRAINT_NAME AS constraintName, CONSTRAINT_SCHEMA AS constraintSchema, CONSTRAINT_TYPE AS constraintType, TABLE_NAME AS tableName, TABLE_SCHEMA AS tableSchema from INFORMATION_SCHEMA.TABLE_CONSTRAINTS WHERE table_name='usage_logs' AND constraint_name = 'usage_logs_ibfk_66' AND TABLE_SCHEMA = 'pdflab';
Executing (default): ALTER TABLE `usage_logs` DROP FOREIGN KEY `usage_logs_ibfk_66`;
Executing (default): ALTER TABLE `usage_logs` ADD FOREIGN KEY (`job_id`) REFERENCES `conversion_jobs` (`id`) ON DELETE SET NULL ON UPDATE CASCADE;
Executing (default): ALTER TABLE `usage_logs` CHANGE `operation_type` `operation_type` VARCHAR(50) NOT NULL;
Executing (default): ALTER TABLE `usage_logs` CHANGE `success` `success` TINYINT(1) NOT NULL DEFAULT false;
Executing (default): ALTER TABLE `usage_logs` CHANGE `processing_time` `processing_time` INTEGER COMMENT 'Processing time in milliseconds';
Executing (default): ALTER TABLE `usage_logs` CHANGE `file_size` `file_size` BIGINT NOT NULL;
Executing (default): ALTER TABLE `usage_logs` CHANGE `error_code` `error_code` VARCHAR(50);
Executing (default): ALTER TABLE `usage_logs` CHANGE `timestamp` `timestamp` DATETIME NOT NULL;
Executing (default): SHOW INDEX FROM `usage_logs` FROM `pdflab`
Executing (default): SELECT TABLE_NAME FROM INFORMATION_SCHEMA.TABLES WHERE TABLE_TYPE = 'BASE TABLE' AND TABLE_NAME = 'subscriptions' AND TABLE_SCHEMA = 'pdflab'
Executing (default): SHOW FULL COLUMNS FROM `subscriptions`;
Executing (default): SELECT CONSTRAINT_NAME as constraint_name,CONSTRAINT_NAME as constraintName,CONSTRAINT_SCHEMA as constraintSchema,CONSTRAINT_SCHEMA as constraintCatalog,TABLE_NAME as tableName,TABLE_SCHEMA as tableSchema,TABLE_SCHEMA as tableCatalog,COLUMN_NAME as columnName,REFERENCED_TABLE_SCHEMA as referencedTableSchema,REFERENCED_TABLE_SCHEMA as referencedTableCatalog,REFERENCED_TABLE_NAME as referencedTableName,REFERENCED_COLUMN_NAME as referencedColumnName FROM INFORMATION_SCHEMA.KEY_COLUMN_USAGE where TABLE_NAME = 'subscriptions' AND CONSTRAINT_NAME!='PRIMARY' AND CONSTRAINT_SCHEMA='pdflab' AND REFERENCED_TABLE_NAME IS NOT NULL;
Executing (default): SELECT CONSTRAINT_CATALOG AS constraintCatalog, CONSTRAINT_NAME AS constraintName, CONSTRAINT_SCHEMA AS constraintSchema, CONSTRAINT_TYPE AS constraintType, TABLE_NAME AS tableName, TABLE_SCHEMA AS tableSchema from INFORMATION_SCHEMA.TABLE_CONSTRAINTS WHERE table_name='subscriptions' AND constraint_name = 'subscriptions_ibfk_1' AND TABLE_SCHEMA = 'pdflab';
Executing (default): ALTER TABLE `subscriptions` DROP FOREIGN KEY `subscriptions_ibfk_1`;
Executing (default): ALTER TABLE `subscriptions` ADD FOREIGN KEY (`user_id`) REFERENCES `users` (`id`) ON DELETE CASCADE ON UPDATE CASCADE;
Executing (default): ALTER TABLE `subscriptions` CHANGE `plan` `plan` ENUM('free', 'starter', 'pro', 'enterprise') NOT NULL DEFAULT 'free';
Executing (default): ALTER TABLE `subscriptions` CHANGE `status` `status` ENUM('active', 'canceled', 'past_due', 'trialing', 'pending') NOT NULL DEFAULT 'pending';
Executing (default): ALTER TABLE `subscriptions` CHANGE `payfast_token` `payfast_token` VARCHAR(255) COMMENT 'PayFast subscription token for recurring payments';
Executing (default): ALTER TABLE `subscriptions` CHANGE `payfast_subscription_id` `payfast_subscription_id` VARCHAR(255) COMMENT 'PayFast subscription ID';
Executing (default): ALTER TABLE `subscriptions` CHANGE `amount` `amount` DECIMAL(10,2) NOT NULL COMMENT 'Subscription amount in currency';
Executing (default): ALTER TABLE `subscriptions` CHANGE `currency` `currency` VARCHAR(3) NOT NULL DEFAULT 'USD' COMMENT 'Currency code (USD for United States Dollar)';
Executing (default): ALTER TABLE `subscriptions` CHANGE `billing_date` `billing_date` DATETIME COMMENT 'First billing date';
Executing (default): ALTER TABLE `subscriptions` CHANGE `next_billing_date` `next_billing_date` DATETIME COMMENT 'Next billing date for recurring subscription';
Executing (default): ALTER TABLE `subscriptions` CHANGE `cancel_at` `cancel_at` DATETIME COMMENT 'Scheduled cancellation date';
Executing (default): ALTER TABLE `subscriptions` CHANGE `canceled_at` `canceled_at` DATETIME COMMENT 'Actual cancellation timestamp';
Executing (default): ALTER TABLE `subscriptions` CHANGE `trial_end` `trial_end` DATETIME COMMENT 'Trial period end date';
Executing (default): ALTER TABLE `subscriptions` CHANGE `started_at` `started_at` DATETIME NOT NULL COMMENT 'Subscription start date';
Executing (default): ALTER TABLE `subscriptions` CHANGE `ended_at` `ended_at` DATETIME COMMENT 'Subscription end date (if canceled)';
Executing (default): ALTER TABLE `subscriptions` CHANGE `created_at` `created_at` DATETIME NOT NULL;
Executing (default): ALTER TABLE `subscriptions` CHANGE `updated_at` `updated_at` DATETIME NOT NULL;
Executing (default): SHOW INDEX FROM `subscriptions` FROM `pdflab`
Executing (default): SELECT TABLE_NAME FROM INFORMATION_SCHEMA.TABLES WHERE TABLE_TYPE = 'BASE TABLE' AND TABLE_NAME = 'payment_logs' AND TABLE_SCHEMA = 'pdflab'
Executing (default): SHOW FULL COLUMNS FROM `payment_logs`;
Executing (default): SELECT CONSTRAINT_NAME as constraint_name,CONSTRAINT_NAME as constraintName,CONSTRAINT_SCHEMA as constraintSchema,CONSTRAINT_SCHEMA as constraintCatalog,TABLE_NAME as tableName,TABLE_SCHEMA as tableSchema,TABLE_SCHEMA as tableCatalog,COLUMN_NAME as columnName,REFERENCED_TABLE_SCHEMA as referencedTableSchema,REFERENCED_TABLE_SCHEMA as referencedTableCatalog,REFERENCED_TABLE_NAME as referencedTableName,REFERENCED_COLUMN_NAME as referencedColumnName FROM INFORMATION_SCHEMA.KEY_COLUMN_USAGE where TABLE_NAME = 'payment_logs' AND CONSTRAINT_NAME!='PRIMARY' AND CONSTRAINT_SCHEMA='pdflab' AND REFERENCED_TABLE_NAME IS NOT NULL;
Executing (default): SELECT CONSTRAINT_CATALOG AS constraintCatalog, CONSTRAINT_NAME AS constraintName, CONSTRAINT_SCHEMA AS constraintSchema, CONSTRAINT_TYPE AS constraintType, TABLE_NAME AS tableName, TABLE_SCHEMA AS tableSchema from INFORMATION_SCHEMA.TABLE_CONSTRAINTS WHERE table_name='payment_logs' AND constraint_name = 'payment_logs_ibfk_49' AND TABLE_SCHEMA = 'pdflab';
Executing (default): ALTER TABLE `payment_logs` DROP FOREIGN KEY `payment_logs_ibfk_49`;
Executing (default): ALTER TABLE `payment_logs` ADD FOREIGN KEY (`user_id`) REFERENCES `users` (`id`) ON DELETE CASCADE ON UPDATE CASCADE;
Executing (default): SELECT CONSTRAINT_CATALOG AS constraintCatalog, CONSTRAINT_NAME AS constraintName, CONSTRAINT_SCHEMA AS constraintSchema, CONSTRAINT_TYPE AS constraintType, TABLE_NAME AS tableName, TABLE_SCHEMA AS tableSchema from INFORMATION_SCHEMA.TABLE_CONSTRAINTS WHERE table_name='payment_logs' AND constraint_name = 'payment_logs_ibfk_50' AND TABLE_SCHEMA = 'pdflab';
Executing (default): ALTER TABLE `payment_logs` DROP FOREIGN KEY `payment_logs_ibfk_50`;
Executing (default): ALTER TABLE `payment_logs` ADD FOREIGN KEY (`subscription_id`) REFERENCES `subscriptions` (`id`) ON DELETE SET NULL ON UPDATE CASCADE;
Executing (default): ALTER TABLE `payment_logs` CHANGE `transaction_id` `transaction_id` VARCHAR(255) NOT NULL UNIQUE COMMENT 'Our internal transaction ID (m_payment_id)';
Executing (default): ALTER TABLE `payment_logs` CHANGE `payfast_payment_id` `payfast_payment_id` VARCHAR(255) COMMENT 'PayFast payment ID (pf_payment_id)';
Executing (default): ALTER TABLE `payment_logs` CHANGE `payment_type` `payment_type` ENUM('subscription', 'subscription_payment', 'one_time', 'refund') NOT NULL DEFAULT 'one_time';
Executing (default): ALTER TABLE `payment_logs` CHANGE `status` `status` ENUM('complete', 'failed', 'pending', 'cancelled') NOT NULL DEFAULT 'pending';
Executing (default): ALTER TABLE `payment_logs` CHANGE `amount_gross` `amount_gross` DECIMAL(10,2) NOT NULL COMMENT 'Gross amount before fees';
Executing (default): ALTER TABLE `payment_logs` CHANGE `amount_fee` `amount_fee` DECIMAL(10,2) NOT NULL DEFAULT 0 COMMENT 'PayFast processing fee';
Executing (default): ALTER TABLE `payment_logs` CHANGE `amount_net` `amount_net` DECIMAL(10,2) NOT NULL COMMENT 'Net amount after fees';
Executing (default): ALTER TABLE `payment_logs` CHANGE `currency` `currency` VARCHAR(3) NOT NULL DEFAULT 'USD';
Executing (default): ALTER TABLE `payment_logs` CHANGE `plan` `plan` VARCHAR(50) NOT NULL COMMENT 'Plan name (free, starter, pro, enterprise)';
Executing (default): ALTER TABLE `payment_logs` CHANGE `payment_method` `payment_method` VARCHAR(50) COMMENT 'Payment method used (eft, credit_card, etc.)';
Executing (default): ALTER TABLE `payment_logs` CHANGE `name_first` `name_first` VARCHAR(255) NOT NULL;
Executing (default): ALTER TABLE `payment_logs` CHANGE `name_last` `name_last` VARCHAR(255);
Executing (default): ALTER TABLE `payment_logs` CHANGE `email_address` `email_address` VARCHAR(255) NOT NULL;
Executing (default): ALTER TABLE `payment_logs` CHANGE `item_name` `item_name` VARCHAR(255) NOT NULL;
Executing (default): ALTER TABLE `payment_logs` CHANGE `item_description` `item_description` TEXT;
Executing (default): ALTER TABLE `payment_logs` CHANGE `custom_data` `custom_data` JSON COMMENT 'Custom data sent to PayFast';
Executing (default): ALTER TABLE `payment_logs` CHANGE `itn_data` `itn_data` JSON COMMENT 'Full ITN notification data from PayFast';
Executing (default): ALTER TABLE `payment_logs` CHANGE `error_message` `error_message` TEXT COMMENT 'Error message if payment failed';
Executing (default): ALTER TABLE `payment_logs` CHANGE `processed_at` `processed_at` DATETIME COMMENT 'When the payment was processed';
Executing (default): ALTER TABLE `payment_logs` CHANGE `created_at` `created_at` DATETIME NOT NULL;
Executing (default): ALTER TABLE `payment_logs` CHANGE `updated_at` `updated_at` DATETIME NOT NULL;
Executing (default): SHOW INDEX FROM `payment_logs` FROM `pdflab`
Executing (default): SELECT TABLE_NAME FROM INFORMATION_SCHEMA.TABLES WHERE TABLE_TYPE = 'BASE TABLE' AND TABLE_NAME = 'password_history' AND TABLE_SCHEMA = 'pdflab'
Executing (default): SHOW FULL COLUMNS FROM `password_history`;
Executing (default): SELECT CONSTRAINT_NAME as constraint_name,CONSTRAINT_NAME as constraintName,CONSTRAINT_SCHEMA as constraintSchema,CONSTRAINT_SCHEMA as constraintCatalog,TABLE_NAME as tableName,TABLE_SCHEMA as tableSchema,TABLE_SCHEMA as tableCatalog,COLUMN_NAME as columnName,REFERENCED_TABLE_SCHEMA as referencedTableSchema,REFERENCED_TABLE_SCHEMA as referencedTableCatalog,REFERENCED_TABLE_NAME as referencedTableName,REFERENCED_COLUMN_NAME as referencedColumnName FROM INFORMATION_SCHEMA.KEY_COLUMN_USAGE where TABLE_NAME = 'password_history' AND CONSTRAINT_NAME!='PRIMARY' AND CONSTRAINT_SCHEMA='pdflab' AND REFERENCED_TABLE_NAME IS NOT NULL;
Executing (default): SELECT CONSTRAINT_CATALOG AS constraintCatalog, CONSTRAINT_NAME AS constraintName, CONSTRAINT_SCHEMA AS constraintSchema, CONSTRAINT_TYPE AS constraintType, TABLE_NAME AS tableName, TABLE_SCHEMA AS tableSchema from INFORMATION_SCHEMA.TABLE_CONSTRAINTS WHERE table_name='password_history' AND constraint_name = 'password_history_ibfk_1' AND TABLE_SCHEMA = 'pdflab';
Executing (default): ALTER TABLE `password_history` DROP FOREIGN KEY `password_history_ibfk_1`;
Executing (default): ALTER TABLE `password_history` ADD FOREIGN KEY (`user_id`) REFERENCES `users` (`id`) ON DELETE CASCADE ON UPDATE CASCADE;
Executing (default): ALTER TABLE `password_history` CHANGE `password_hash` `password_hash` VARCHAR(255) NOT NULL;
Executing (default): ALTER TABLE `password_history` CHANGE `created_at` `created_at` DATETIME NOT NULL;
Executing (default): SHOW INDEX FROM `password_history` FROM `pdflab`
✓ Database synchronized successfully
✓ Redis client connected
🔧 Initializing Bull queues...
  Creating conversion queue...
  ✓ Conversion queue created
  Creating cleanup queue...
  ✓ Cleanup queue created
✓ Bull queues initialized
✓ Initializing conversion worker...
✓ Initializing cleanup worker...
✓ Job workers initialized
[Quota Reset] Initializing monthly quota reset cron job...
[Quota Reset] Schedule: 0 0 1 * * (1st of month at midnight)
✓ Quota reset cron job initialized and scheduled
✓ Next reset: 2025-12-01T00:00:00.000-05:00
✓ Monthly quota reset scheduled
✓ PDFLab API Server running
✓ Environment: development
✓ Port: 3006
✓ Health check: http://localhost:3006/health
✓ API endpoint: http://localhost:3006/api
[Guest Quota] Validating: {
  sessionId: 'guest_be8ab873-ce45-4e25-98ec-50ae31b38117',
  ipAddress: '::1'
}
[Guest Quota] Validation result: {
  allowed: false,
  reason: 'Guest conversion limit reached. You can convert again in 24 hours, or create a free account for 3 conversions per month.',
  resetAt: 2025-11-04T18:39:26.457Z
}
[Guest Quota] Blocked: Guest conversion limit reached. You can convert again in 24 hours, or create a free account for 3 conversions per month.
[0mPOST /api/upload [33m429[0m 9.369 ms - 298[0m
[Guest Quota] Validating: {
  sessionId: 'guest_4174595e-9cbe-4714-a2bf-d48623b841b0',
  ipAddress: '::1'
}
[Guest Quota] Validation result: {
  allowed: true,
  session: {
    sessionId: 'guest_4174595e-9cbe-4714-a2bf-d48623b841b0',
    createdAt: 2025-11-03T18:41:06.273Z,
    conversionsUsed: 0,
    ipAddress: '::1'
  }
}
[Guest Quota] Allowed - proceeding
[Upload] user: none
[Upload] guestSession: exists
[Upload] isGuest: true
Executing (default): INSERT INTO `conversion_jobs` (`id`,`user_id`,`type`,`status`,`progress`,`input_file`,`file_name`,`file_size`,`estimated_time`,`created_at`,`updated_at`,`expires_at`) VALUES (?,?,?,?,?,?,?,?,?,?,?,?);
Executing (default): UPDATE `conversion_jobs` SET `status`=?,`updated_at`=? WHERE `id` = ?
[Conversion Worker] Processing job af6a225f-30b4-46e4-acb9-8393af60b45e for user null
Executing (default): SELECT `id`, `user_id`, `type`, `status`, `progress`, `input_file`, `output_file`, `file_name`, `file_size`, `cloudconvert_job_id`, `error_message`, `estimated_time`, `processing_started_at`, `processing_completed_at`, `created_at`, `updated_at`, `expires_at`, `created_at` AS `createdAt`, `updated_at` AS `updatedAt` FROM `conversion_jobs` AS `ConversionJob` WHERE `ConversionJob`.`id` = 'af6a225f-30b4-46e4-acb9-8393af60b45e';
Executing (default): UPDATE `conversion_jobs` SET `status`=?,`processing_started_at`=?,`progress`=?,`updated_at`=? WHERE `id` = ?
[ANALYTICS] {"timestamp":"2025-11-03T18:41:06.393Z","event":"guest_file_upload","guestSessionId":"guest_4174595e-9cbe-4714-a2bf-d48623b841b0","isGuest":true,"properties":{"job_id":"af6a225f-30b4-46e4-acb9-8393af60b45e","conversion_type":"pdf_to_pptx","file_size":13264,"file_name":"test-sample.pdf","funnel_step":"guest_upload"},"ipAddress":"::1"}
[0mPOST /api/upload [32m201[0m 118.752 ms - 333[0m
[Conversion Worker] Job af6a225f-30b4-46e4-acb9-8393af60b45e failed: TypeError [ERR_INVALID_ARG_TYPE]: The "path" argument must be of type string. Received null
    at Object.join (node:path:478:7)
    at Queue.<anonymous> (C:\Users\Mac\OneDrive\Desktop\Projects\PDFLab\backend\src\jobs\conversion.job.ts:79:28)
    at process.processTicksAndRejections (node:internal/process/task_queues:105:5)
    at async C:\Users\Mac\OneDrive\Desktop\Projects\PDFLab\backend\node_modules\bull\lib\p-timeout.js:69:17 {
  code: 'ERR_INVALID_ARG_TYPE'
}
Executing (default): UPDATE `conversion_jobs` SET `status`=?,`error_message`=?,`progress`=?,`updated_at`=? WHERE `id` = ?
✗ Conversion job 40 failed: notNull Violation: UsageLog.user_id cannot be null
Executing (default): SELECT `id`, `user_id`, `type`, `status`, `progress`, `input_file`, `output_file`, `file_name`, `file_size`, `cloudconvert_job_id`, `error_message`, `estimated_time`, `processing_started_at`, `processing_completed_at`, `created_at`, `updated_at`, `expires_at`, `created_at` AS `createdAt`, `updated_at` AS `updatedAt` FROM `conversion_jobs` AS `ConversionJob` WHERE `ConversionJob`.`id` = 'af6a225f-30b4-46e4-acb9-8393af60b45e';
[0mGET /api/status/af6a225f-30b4-46e4-acb9-8393af60b45e [32m200[0m 6.113 ms - 253[0m
[Guest Quota] Validating: {
  sessionId: 'guest_2523b454-ef94-4cbf-ba9e-c2bc94485b6f',
  ipAddress: '::1'
}
[Guest Quota] Validation result: {
  allowed: false,
  reason: 'Guest conversion limit reached. You can convert again in 24 hours, or create a free account for 3 conversions per month.',
  resetAt: 2025-11-04T18:41:06.442Z
}
[Guest Quota] Blocked: Guest conversion limit reached. You can convert again in 24 hours, or create a free account for 3 conversions per month.
[0mPOST /api/upload [33m429[0m 4.476 ms - 298[0m
[Conversion Worker] Processing job af6a225f-30b4-46e4-acb9-8393af60b45e for user null
Executing (default): SELECT `id`, `user_id`, `type`, `status`, `progress`, `input_file`, `output_file`, `file_name`, `file_size`, `cloudconvert_job_id`, `error_message`, `estimated_time`, `processing_started_at`, `processing_completed_at`, `created_at`, `updated_at`, `expires_at`, `created_at` AS `createdAt`, `updated_at` AS `updatedAt` FROM `conversion_jobs` AS `ConversionJob` WHERE `ConversionJob`.`id` = 'af6a225f-30b4-46e4-acb9-8393af60b45e';
Executing (default): UPDATE `conversion_jobs` SET `status`=?,`processing_started_at`=?,`progress`=?,`updated_at`=? WHERE `id` = ?
[Conversion Worker] Job af6a225f-30b4-46e4-acb9-8393af60b45e failed: TypeError [ERR_INVALID_ARG_TYPE]: The "path" argument must be of type string. Received null
    at Object.join (node:path:478:7)
    at Queue.<anonymous> (C:\Users\Mac\OneDrive\Desktop\Projects\PDFLab\backend\src\jobs\conversion.job.ts:79:28)
    at process.processTicksAndRejections (node:internal/process/task_queues:105:5)
    at async C:\Users\Mac\OneDrive\Desktop\Projects\PDFLab\backend\node_modules\bull\lib\p-timeout.js:69:17 {
  code: 'ERR_INVALID_ARG_TYPE'
}
Executing (default): UPDATE `conversion_jobs` SET `status`=?,`error_message`=?,`progress`=?,`updated_at`=? WHERE `id` = ?
✗ Conversion job 40 failed: notNull Violation: UsageLog.user_id cannot be null
[Conversion Worker] Processing job af6a225f-30b4-46e4-acb9-8393af60b45e for user null
Executing (default): SELECT `id`, `user_id`, `type`, `status`, `progress`, `input_file`, `output_file`, `file_name`, `file_size`, `cloudconvert_job_id`, `error_message`, `estimated_time`, `processing_started_at`, `processing_completed_at`, `created_at`, `updated_at`, `expires_at`, `created_at` AS `createdAt`, `updated_at` AS `updatedAt` FROM `conversion_jobs` AS `ConversionJob` WHERE `ConversionJob`.`id` = 'af6a225f-30b4-46e4-acb9-8393af60b45e';
Executing (default): UPDATE `conversion_jobs` SET `status`=?,`processing_started_at`=?,`progress`=?,`updated_at`=? WHERE `id` = ?
[Conversion Worker] Job af6a225f-30b4-46e4-acb9-8393af60b45e failed: TypeError [ERR_INVALID_ARG_TYPE]: The "path" argument must be of type string. Received null
    at Object.join (node:path:478:7)
    at Queue.<anonymous> (C:\Users\Mac\OneDrive\Desktop\Projects\PDFLab\backend\src\jobs\conversion.job.ts:79:28)
    at process.processTicksAndRejections (node:internal/process/task_queues:105:5)
    at async C:\Users\Mac\OneDrive\Desktop\Projects\PDFLab\backend\node_modules\bull\lib\p-timeout.js:69:17 {
  code: 'ERR_INVALID_ARG_TYPE'
}
Executing (default): UPDATE `conversion_jobs` SET `status`=?,`error_message`=?,`progress`=?,`updated_at`=? WHERE `id` = ?
✗ Conversion job 40 failed: notNull Violation: UsageLog.user_id cannot be null
20:41:36 [tsx] change in ./src\jobs\conversion.job.ts Restarting...
c⚠ Email service not configured - missing SMTP credentials
  Emails will be logged to console only (development mode)
🚀 Starting PDFLab Backend API...
Executing (default): SELECT 1+1 AS result
✓ Database connection established successfully
Executing (default): SELECT TABLE_NAME FROM INFORMATION_SCHEMA.TABLES WHERE TABLE_TYPE = 'BASE TABLE' AND TABLE_NAME = 'users' AND TABLE_SCHEMA = 'pdflab'
Executing (default): SHOW FULL COLUMNS FROM `users`;
Executing (default): SELECT CONSTRAINT_NAME as constraint_name,CONSTRAINT_NAME as constraintName,CONSTRAINT_SCHEMA as constraintSchema,CONSTRAINT_SCHEMA as constraintCatalog,TABLE_NAME as tableName,TABLE_SCHEMA as tableSchema,TABLE_SCHEMA as tableCatalog,COLUMN_NAME as columnName,REFERENCED_TABLE_SCHEMA as referencedTableSchema,REFERENCED_TABLE_SCHEMA as referencedTableCatalog,REFERENCED_TABLE_NAME as referencedTableName,REFERENCED_COLUMN_NAME as referencedColumnName FROM INFORMATION_SCHEMA.KEY_COLUMN_USAGE where TABLE_NAME = 'users' AND CONSTRAINT_NAME!='PRIMARY' AND CONSTRAINT_SCHEMA='pdflab' AND REFERENCED_TABLE_NAME IS NOT NULL;
Executing (default): ALTER TABLE `users` CHANGE `email` `email` VARCHAR(255) NOT NULL UNIQUE;
Executing (default): ALTER TABLE `users` CHANGE `password_hash` `password_hash` VARCHAR(255) NOT NULL;
Executing (default): ALTER TABLE `users` CHANGE `name` `name` VARCHAR(255);
Executing (default): ALTER TABLE `users` CHANGE `role` `role` ENUM('user', 'support', 'finance', 'admin', 'super_admin') NOT NULL DEFAULT 'user';
Executing (default): ALTER TABLE `users` CHANGE `plan` `plan` ENUM('free', 'starter', 'pro', 'enterprise') NOT NULL DEFAULT 'free';
Executing (default): ALTER TABLE `users` CHANGE `conversions_used` `conversions_used` INTEGER NOT NULL DEFAULT 0;
Executing (default): ALTER TABLE `users` CHANGE `conversions_limit` `conversions_limit` INTEGER NOT NULL DEFAULT 3;
Executing (default): ALTER TABLE `users` CHANGE `stripe_customer_id` `stripe_customer_id` VARCHAR(255);
Executing (default): ALTER TABLE `users` CHANGE `subscription_id` `subscription_id` VARCHAR(255);
Executing (default): ALTER TABLE `users` CHANGE `subscription_status` `subscription_status` ENUM('active', 'canceled', 'past_due', 'trialing');
Executing (default): ALTER TABLE `users` CHANGE `subscription_end_date` `subscription_end_date` DATETIME;
Executing (default): ALTER TABLE `users` CHANGE `failed_reset_attempts` `failed_reset_attempts` INTEGER NOT NULL DEFAULT 0;
Executing (default): ALTER TABLE `users` CHANGE `reset_locked_until` `reset_locked_until` DATETIME;
Executing (default): ALTER TABLE `users` CHANGE `created_at` `created_at` DATETIME NOT NULL;
Executing (default): ALTER TABLE `users` CHANGE `updated_at` `updated_at` DATETIME NOT NULL;
Executing (default): ALTER TABLE `users` CHANGE `last_login` `last_login` DATETIME;
Executing (default): SHOW INDEX FROM `users` FROM `pdflab`
Executing (default): SELECT TABLE_NAME FROM INFORMATION_SCHEMA.TABLES WHERE TABLE_TYPE = 'BASE TABLE' AND TABLE_NAME = 'admin_audit_logs' AND TABLE_SCHEMA = 'pdflab'
Executing (default): SHOW FULL COLUMNS FROM `admin_audit_logs`;
Executing (default): SELECT CONSTRAINT_NAME as constraint_name,CONSTRAINT_NAME as constraintName,CONSTRAINT_SCHEMA as constraintSchema,CONSTRAINT_SCHEMA as constraintCatalog,TABLE_NAME as tableName,TABLE_SCHEMA as tableSchema,TABLE_SCHEMA as tableCatalog,COLUMN_NAME as columnName,REFERENCED_TABLE_SCHEMA as referencedTableSchema,REFERENCED_TABLE_SCHEMA as referencedTableCatalog,REFERENCED_TABLE_NAME as referencedTableName,REFERENCED_COLUMN_NAME as referencedColumnName FROM INFORMATION_SCHEMA.KEY_COLUMN_USAGE where TABLE_NAME = 'admin_audit_logs' AND CONSTRAINT_NAME!='PRIMARY' AND CONSTRAINT_SCHEMA='pdflab' AND REFERENCED_TABLE_NAME IS NOT NULL;
Executing (default): SELECT CONSTRAINT_CATALOG AS constraintCatalog, CONSTRAINT_NAME AS constraintName, CONSTRAINT_SCHEMA AS constraintSchema, CONSTRAINT_TYPE AS constraintType, TABLE_NAME AS tableName, TABLE_SCHEMA AS tableSchema from INFORMATION_SCHEMA.TABLE_CONSTRAINTS WHERE table_name='admin_audit_logs' AND constraint_name = 'admin_audit_logs_ibfk_1' AND TABLE_SCHEMA = 'pdflab';
Executing (default): ALTER TABLE `admin_audit_logs` DROP FOREIGN KEY `admin_audit_logs_ibfk_1`;
Executing (default): ALTER TABLE `admin_audit_logs` ADD FOREIGN KEY (`admin_user_id`) REFERENCES `users` (`id`) ON DELETE CASCADE ON UPDATE CASCADE;
Executing (default): ALTER TABLE `admin_audit_logs` CHANGE `action` `action` VARCHAR(100) NOT NULL;
Executing (default): ALTER TABLE `admin_audit_logs` CHANGE `entity_type` `entity_type` VARCHAR(50) NOT NULL;
Executing (default): ALTER TABLE `admin_audit_logs` CHANGE `entity_id` `entity_id` CHAR(36) BINARY;
Executing (default): ALTER TABLE `admin_audit_logs` CHANGE `changes` `changes` JSON;
Executing (default): ALTER TABLE `admin_audit_logs` CHANGE `ip_address` `ip_address` VARCHAR(45);
Executing (default): ALTER TABLE `admin_audit_logs` CHANGE `user_agent` `user_agent` TEXT;
Executing (default): ALTER TABLE `admin_audit_logs` CHANGE `severity` `severity` ENUM('info', 'warning', 'critical') NOT NULL DEFAULT 'info';
Executing (default): ALTER TABLE `admin_audit_logs` CHANGE `checksum` `checksum` VARCHAR(64);
Executing (default): ALTER TABLE `admin_audit_logs` CHANGE `created_at` `created_at` DATETIME NOT NULL;
Executing (default): SHOW INDEX FROM `admin_audit_logs` FROM `pdflab`
Executing (default): SELECT TABLE_NAME FROM INFORMATION_SCHEMA.TABLES WHERE TABLE_TYPE = 'BASE TABLE' AND TABLE_NAME = 'system_health_logs' AND TABLE_SCHEMA = 'pdflab'
Executing (default): SHOW FULL COLUMNS FROM `system_health_logs`;
Executing (default): SELECT CONSTRAINT_NAME as constraint_name,CONSTRAINT_NAME as constraintName,CONSTRAINT_SCHEMA as constraintSchema,CONSTRAINT_SCHEMA as constraintCatalog,TABLE_NAME as tableName,TABLE_SCHEMA as tableSchema,TABLE_SCHEMA as tableCatalog,COLUMN_NAME as columnName,REFERENCED_TABLE_SCHEMA as referencedTableSchema,REFERENCED_TABLE_SCHEMA as referencedTableCatalog,REFERENCED_TABLE_NAME as referencedTableName,REFERENCED_COLUMN_NAME as referencedColumnName FROM INFORMATION_SCHEMA.KEY_COLUMN_USAGE where TABLE_NAME = 'system_health_logs' AND CONSTRAINT_NAME!='PRIMARY' AND CONSTRAINT_SCHEMA='pdflab' AND REFERENCED_TABLE_NAME IS NOT NULL;
Executing (default): ALTER TABLE `system_health_logs` CHANGE `metric_name` `metric_name` VARCHAR(100) NOT NULL;
Executing (default): ALTER TABLE `system_health_logs` CHANGE `metric_value` `metric_value` DECIMAL(10,2);
Executing (default): ALTER TABLE `system_health_logs` CHANGE `status` `status` ENUM('healthy', 'warning', 'critical') NOT NULL DEFAULT 'healthy';
Executing (default): ALTER TABLE `system_health_logs` CHANGE `details` `details` JSON;
Executing (default): ALTER TABLE `system_health_logs` CHANGE `created_at` `created_at` DATETIME NOT NULL;
Executing (default): SHOW INDEX FROM `system_health_logs` FROM `pdflab`
Executing (default): SELECT TABLE_NAME FROM INFORMATION_SCHEMA.TABLES WHERE TABLE_TYPE = 'BASE TABLE' AND TABLE_NAME = 'conversion_jobs' AND TABLE_SCHEMA = 'pdflab'
Executing (default): SHOW FULL COLUMNS FROM `conversion_jobs`;
Executing (default): SELECT CONSTRAINT_NAME as constraint_name,CONSTRAINT_NAME as constraintName,CONSTRAINT_SCHEMA as constraintSchema,CONSTRAINT_SCHEMA as constraintCatalog,TABLE_NAME as tableName,TABLE_SCHEMA as tableSchema,TABLE_SCHEMA as tableCatalog,COLUMN_NAME as columnName,REFERENCED_TABLE_SCHEMA as referencedTableSchema,REFERENCED_TABLE_SCHEMA as referencedTableCatalog,REFERENCED_TABLE_NAME as referencedTableName,REFERENCED_COLUMN_NAME as referencedColumnName FROM INFORMATION_SCHEMA.KEY_COLUMN_USAGE where TABLE_NAME = 'conversion_jobs' AND CONSTRAINT_NAME!='PRIMARY' AND CONSTRAINT_SCHEMA='pdflab' AND REFERENCED_TABLE_NAME IS NOT NULL;
Executing (default): ALTER TABLE `conversion_jobs` CHANGE `user_id` `user_id` CHAR(36) BINARY;
Executing (default): ALTER TABLE `conversion_jobs` CHANGE `type` `type` ENUM('pdf_to_pptx', 'pdf_to_docx', 'pdf_to_xlsx', 'pdf_to_images', 'pdf_merge') NOT NULL;
Executing (default): ALTER TABLE `conversion_jobs` CHANGE `status` `status` ENUM('pending', 'queued', 'processing', 'completed', 'failed') NOT NULL DEFAULT 'pending';
Executing (default): ALTER TABLE `conversion_jobs` CHANGE `progress` `progress` INTEGER NOT NULL DEFAULT 0;
Executing (default): ALTER TABLE `conversion_jobs` CHANGE `input_file` `input_file` VARCHAR(500);
Executing (default): ALTER TABLE `conversion_jobs` CHANGE `output_file` `output_file` VARCHAR(500);
Executing (default): ALTER TABLE `conversion_jobs` CHANGE `file_name` `file_name` VARCHAR(255) NOT NULL;
Executing (default): ALTER TABLE `conversion_jobs` CHANGE `file_size` `file_size` BIGINT NOT NULL;
Executing (default): ALTER TABLE `conversion_jobs` CHANGE `cloudconvert_job_id` `cloudconvert_job_id` VARCHAR(255);
Executing (default): ALTER TABLE `conversion_jobs` CHANGE `error_message` `error_message` TEXT;
Executing (default): ALTER TABLE `conversion_jobs` CHANGE `estimated_time` `estimated_time` INTEGER COMMENT 'Estimated processing time in seconds';
Executing (default): ALTER TABLE `conversion_jobs` CHANGE `processing_started_at` `processing_started_at` DATETIME;
Executing (default): ALTER TABLE `conversion_jobs` CHANGE `processing_completed_at` `processing_completed_at` DATETIME;
Executing (default): ALTER TABLE `conversion_jobs` CHANGE `created_at` `created_at` DATETIME NOT NULL;
Executing (default): ALTER TABLE `conversion_jobs` CHANGE `updated_at` `updated_at` DATETIME NOT NULL;
Executing (default): ALTER TABLE `conversion_jobs` CHANGE `expires_at` `expires_at` DATETIME NOT NULL;
Executing (default): SHOW INDEX FROM `conversion_jobs` FROM `pdflab`
Executing (default): SELECT TABLE_NAME FROM INFORMATION_SCHEMA.TABLES WHERE TABLE_TYPE = 'BASE TABLE' AND TABLE_NAME = 'usage_logs' AND TABLE_SCHEMA = 'pdflab'
Executing (default): SHOW FULL COLUMNS FROM `usage_logs`;
Executing (default): SELECT CONSTRAINT_NAME as constraint_name,CONSTRAINT_NAME as constraintName,CONSTRAINT_SCHEMA as constraintSchema,CONSTRAINT_SCHEMA as constraintCatalog,TABLE_NAME as tableName,TABLE_SCHEMA as tableSchema,TABLE_SCHEMA as tableCatalog,COLUMN_NAME as columnName,REFERENCED_TABLE_SCHEMA as referencedTableSchema,REFERENCED_TABLE_SCHEMA as referencedTableCatalog,REFERENCED_TABLE_NAME as referencedTableName,REFERENCED_COLUMN_NAME as referencedColumnName FROM INFORMATION_SCHEMA.KEY_COLUMN_USAGE where TABLE_NAME = 'usage_logs' AND CONSTRAINT_NAME!='PRIMARY' AND CONSTRAINT_SCHEMA='pdflab' AND REFERENCED_TABLE_NAME IS NOT NULL;
Executing (default): SELECT CONSTRAINT_CATALOG AS constraintCatalog, CONSTRAINT_NAME AS constraintName, CONSTRAINT_SCHEMA AS constraintSchema, CONSTRAINT_TYPE AS constraintType, TABLE_NAME AS tableName, TABLE_SCHEMA AS tableSchema from INFORMATION_SCHEMA.TABLE_CONSTRAINTS WHERE table_name='usage_logs' AND constraint_name = 'usage_logs_ibfk_67' AND TABLE_SCHEMA = 'pdflab';
Executing (default): ALTER TABLE `usage_logs` DROP FOREIGN KEY `usage_logs_ibfk_67`;
Executing (default): ALTER TABLE `usage_logs` ADD FOREIGN KEY (`user_id`) REFERENCES `users` (`id`) ON DELETE CASCADE ON UPDATE CASCADE;
Executing (default): SELECT CONSTRAINT_CATALOG AS constraintCatalog, CONSTRAINT_NAME AS constraintName, CONSTRAINT_SCHEMA AS constraintSchema, CONSTRAINT_TYPE AS constraintType, TABLE_NAME AS tableName, TABLE_SCHEMA AS tableSchema from INFORMATION_SCHEMA.TABLE_CONSTRAINTS WHERE table_name='usage_logs' AND constraint_name = 'usage_logs_ibfk_68' AND TABLE_SCHEMA = 'pdflab';
Executing (default): ALTER TABLE `usage_logs` DROP FOREIGN KEY `usage_logs_ibfk_68`;
Executing (default): ALTER TABLE `usage_logs` ADD FOREIGN KEY (`job_id`) REFERENCES `conversion_jobs` (`id`) ON DELETE SET NULL ON UPDATE CASCADE;
Executing (default): ALTER TABLE `usage_logs` CHANGE `operation_type` `operation_type` VARCHAR(50) NOT NULL;
Executing (default): ALTER TABLE `usage_logs` CHANGE `success` `success` TINYINT(1) NOT NULL DEFAULT false;
Executing (default): ALTER TABLE `usage_logs` CHANGE `processing_time` `processing_time` INTEGER COMMENT 'Processing time in milliseconds';
Executing (default): ALTER TABLE `usage_logs` CHANGE `file_size` `file_size` BIGINT NOT NULL;
Executing (default): ALTER TABLE `usage_logs` CHANGE `error_code` `error_code` VARCHAR(50);
Executing (default): ALTER TABLE `usage_logs` CHANGE `timestamp` `timestamp` DATETIME NOT NULL;
Executing (default): SHOW INDEX FROM `usage_logs` FROM `pdflab`
Executing (default): SELECT TABLE_NAME FROM INFORMATION_SCHEMA.TABLES WHERE TABLE_TYPE = 'BASE TABLE' AND TABLE_NAME = 'subscriptions' AND TABLE_SCHEMA = 'pdflab'
Executing (default): SHOW FULL COLUMNS FROM `subscriptions`;
Executing (default): SELECT CONSTRAINT_NAME as constraint_name,CONSTRAINT_NAME as constraintName,CONSTRAINT_SCHEMA as constraintSchema,CONSTRAINT_SCHEMA as constraintCatalog,TABLE_NAME as tableName,TABLE_SCHEMA as tableSchema,TABLE_SCHEMA as tableCatalog,COLUMN_NAME as columnName,REFERENCED_TABLE_SCHEMA as referencedTableSchema,REFERENCED_TABLE_SCHEMA as referencedTableCatalog,REFERENCED_TABLE_NAME as referencedTableName,REFERENCED_COLUMN_NAME as referencedColumnName FROM INFORMATION_SCHEMA.KEY_COLUMN_USAGE where TABLE_NAME = 'subscriptions' AND CONSTRAINT_NAME!='PRIMARY' AND CONSTRAINT_SCHEMA='pdflab' AND REFERENCED_TABLE_NAME IS NOT NULL;
Executing (default): SELECT CONSTRAINT_CATALOG AS constraintCatalog, CONSTRAINT_NAME AS constraintName, CONSTRAINT_SCHEMA AS constraintSchema, CONSTRAINT_TYPE AS constraintType, TABLE_NAME AS tableName, TABLE_SCHEMA AS tableSchema from INFORMATION_SCHEMA.TABLE_CONSTRAINTS WHERE table_name='subscriptions' AND constraint_name = 'subscriptions_ibfk_1' AND TABLE_SCHEMA = 'pdflab';
Executing (default): ALTER TABLE `subscriptions` DROP FOREIGN KEY `subscriptions_ibfk_1`;
Executing (default): ALTER TABLE `subscriptions` ADD FOREIGN KEY (`user_id`) REFERENCES `users` (`id`) ON DELETE CASCADE ON UPDATE CASCADE;
Executing (default): ALTER TABLE `subscriptions` CHANGE `plan` `plan` ENUM('free', 'starter', 'pro', 'enterprise') NOT NULL DEFAULT 'free';
Executing (default): ALTER TABLE `subscriptions` CHANGE `status` `status` ENUM('active', 'canceled', 'past_due', 'trialing', 'pending') NOT NULL DEFAULT 'pending';
Executing (default): ALTER TABLE `subscriptions` CHANGE `payfast_token` `payfast_token` VARCHAR(255) COMMENT 'PayFast subscription token for recurring payments';
Executing (default): ALTER TABLE `subscriptions` CHANGE `payfast_subscription_id` `payfast_subscription_id` VARCHAR(255) COMMENT 'PayFast subscription ID';
Executing (default): ALTER TABLE `subscriptions` CHANGE `amount` `amount` DECIMAL(10,2) NOT NULL COMMENT 'Subscription amount in currency';
Executing (default): ALTER TABLE `subscriptions` CHANGE `currency` `currency` VARCHAR(3) NOT NULL DEFAULT 'USD' COMMENT 'Currency code (USD for United States Dollar)';
Executing (default): ALTER TABLE `subscriptions` CHANGE `billing_date` `billing_date` DATETIME COMMENT 'First billing date';
Executing (default): ALTER TABLE `subscriptions` CHANGE `next_billing_date` `next_billing_date` DATETIME COMMENT 'Next billing date for recurring subscription';
Executing (default): ALTER TABLE `subscriptions` CHANGE `cancel_at` `cancel_at` DATETIME COMMENT 'Scheduled cancellation date';
Executing (default): ALTER TABLE `subscriptions` CHANGE `canceled_at` `canceled_at` DATETIME COMMENT 'Actual cancellation timestamp';
Executing (default): ALTER TABLE `subscriptions` CHANGE `trial_end` `trial_end` DATETIME COMMENT 'Trial period end date';
Executing (default): ALTER TABLE `subscriptions` CHANGE `started_at` `started_at` DATETIME NOT NULL COMMENT 'Subscription start date';
Executing (default): ALTER TABLE `subscriptions` CHANGE `ended_at` `ended_at` DATETIME COMMENT 'Subscription end date (if canceled)';
Executing (default): ALTER TABLE `subscriptions` CHANGE `created_at` `created_at` DATETIME NOT NULL;
Executing (default): ALTER TABLE `subscriptions` CHANGE `updated_at` `updated_at` DATETIME NOT NULL;
Executing (default): SHOW INDEX FROM `subscriptions` FROM `pdflab`
Executing (default): SELECT TABLE_NAME FROM INFORMATION_SCHEMA.TABLES WHERE TABLE_TYPE = 'BASE TABLE' AND TABLE_NAME = 'payment_logs' AND TABLE_SCHEMA = 'pdflab'
Executing (default): SHOW FULL COLUMNS FROM `payment_logs`;
Executing (default): SELECT CONSTRAINT_NAME as constraint_name,CONSTRAINT_NAME as constraintName,CONSTRAINT_SCHEMA as constraintSchema,CONSTRAINT_SCHEMA as constraintCatalog,TABLE_NAME as tableName,TABLE_SCHEMA as tableSchema,TABLE_SCHEMA as tableCatalog,COLUMN_NAME as columnName,REFERENCED_TABLE_SCHEMA as referencedTableSchema,REFERENCED_TABLE_SCHEMA as referencedTableCatalog,REFERENCED_TABLE_NAME as referencedTableName,REFERENCED_COLUMN_NAME as referencedColumnName FROM INFORMATION_SCHEMA.KEY_COLUMN_USAGE where TABLE_NAME = 'payment_logs' AND CONSTRAINT_NAME!='PRIMARY' AND CONSTRAINT_SCHEMA='pdflab' AND REFERENCED_TABLE_NAME IS NOT NULL;
Executing (default): SELECT CONSTRAINT_CATALOG AS constraintCatalog, CONSTRAINT_NAME AS constraintName, CONSTRAINT_SCHEMA AS constraintSchema, CONSTRAINT_TYPE AS constraintType, TABLE_NAME AS tableName, TABLE_SCHEMA AS tableSchema from INFORMATION_SCHEMA.TABLE_CONSTRAINTS WHERE table_name='payment_logs' AND constraint_name = 'payment_logs_ibfk_51' AND TABLE_SCHEMA = 'pdflab';
Executing (default): ALTER TABLE `payment_logs` DROP FOREIGN KEY `payment_logs_ibfk_51`;
Executing (default): ALTER TABLE `payment_logs` ADD FOREIGN KEY (`user_id`) REFERENCES `users` (`id`) ON DELETE CASCADE ON UPDATE CASCADE;
20:41:46 [tsx] change in ./src\jobs\conversion.job.ts Restarting...
c⚠ Email service not configured - missing SMTP credentials
  Emails will be logged to console only (development mode)
🚀 Starting PDFLab Backend API...
Executing (default): SELECT 1+1 AS result
✓ Database connection established successfully
Executing (default): SELECT TABLE_NAME FROM INFORMATION_SCHEMA.TABLES WHERE TABLE_TYPE = 'BASE TABLE' AND TABLE_NAME = 'users' AND TABLE_SCHEMA = 'pdflab'
Executing (default): SHOW FULL COLUMNS FROM `users`;
Executing (default): SELECT CONSTRAINT_NAME as constraint_name,CONSTRAINT_NAME as constraintName,CONSTRAINT_SCHEMA as constraintSchema,CONSTRAINT_SCHEMA as constraintCatalog,TABLE_NAME as tableName,TABLE_SCHEMA as tableSchema,TABLE_SCHEMA as tableCatalog,COLUMN_NAME as columnName,REFERENCED_TABLE_SCHEMA as referencedTableSchema,REFERENCED_TABLE_SCHEMA as referencedTableCatalog,REFERENCED_TABLE_NAME as referencedTableName,REFERENCED_COLUMN_NAME as referencedColumnName FROM INFORMATION_SCHEMA.KEY_COLUMN_USAGE where TABLE_NAME = 'users' AND CONSTRAINT_NAME!='PRIMARY' AND CONSTRAINT_SCHEMA='pdflab' AND REFERENCED_TABLE_NAME IS NOT NULL;
Executing (default): ALTER TABLE `users` CHANGE `email` `email` VARCHAR(255) NOT NULL UNIQUE;
Executing (default): ALTER TABLE `users` CHANGE `password_hash` `password_hash` VARCHAR(255) NOT NULL;
Executing (default): ALTER TABLE `users` CHANGE `name` `name` VARCHAR(255);
Executing (default): ALTER TABLE `users` CHANGE `role` `role` ENUM('user', 'support', 'finance', 'admin', 'super_admin') NOT NULL DEFAULT 'user';
Executing (default): ALTER TABLE `users` CHANGE `plan` `plan` ENUM('free', 'starter', 'pro', 'enterprise') NOT NULL DEFAULT 'free';
Executing (default): ALTER TABLE `users` CHANGE `conversions_used` `conversions_used` INTEGER NOT NULL DEFAULT 0;
Executing (default): ALTER TABLE `users` CHANGE `conversions_limit` `conversions_limit` INTEGER NOT NULL DEFAULT 3;
Executing (default): ALTER TABLE `users` CHANGE `stripe_customer_id` `stripe_customer_id` VARCHAR(255);
Executing (default): ALTER TABLE `users` CHANGE `subscription_id` `subscription_id` VARCHAR(255);
Executing (default): ALTER TABLE `users` CHANGE `subscription_status` `subscription_status` ENUM('active', 'canceled', 'past_due', 'trialing');
Executing (default): ALTER TABLE `users` CHANGE `subscription_end_date` `subscription_end_date` DATETIME;
Executing (default): ALTER TABLE `users` CHANGE `failed_reset_attempts` `failed_reset_attempts` INTEGER NOT NULL DEFAULT 0;
Executing (default): ALTER TABLE `users` CHANGE `reset_locked_until` `reset_locked_until` DATETIME;
Executing (default): ALTER TABLE `users` CHANGE `created_at` `created_at` DATETIME NOT NULL;
Executing (default): ALTER TABLE `users` CHANGE `updated_at` `updated_at` DATETIME NOT NULL;
Executing (default): ALTER TABLE `users` CHANGE `last_login` `last_login` DATETIME;
Executing (default): SHOW INDEX FROM `users` FROM `pdflab`
Executing (default): SELECT TABLE_NAME FROM INFORMATION_SCHEMA.TABLES WHERE TABLE_TYPE = 'BASE TABLE' AND TABLE_NAME = 'admin_audit_logs' AND TABLE_SCHEMA = 'pdflab'
Executing (default): SHOW FULL COLUMNS FROM `admin_audit_logs`;
Executing (default): SELECT CONSTRAINT_NAME as constraint_name,CONSTRAINT_NAME as constraintName,CONSTRAINT_SCHEMA as constraintSchema,CONSTRAINT_SCHEMA as constraintCatalog,TABLE_NAME as tableName,TABLE_SCHEMA as tableSchema,TABLE_SCHEMA as tableCatalog,COLUMN_NAME as columnName,REFERENCED_TABLE_SCHEMA as referencedTableSchema,REFERENCED_TABLE_SCHEMA as referencedTableCatalog,REFERENCED_TABLE_NAME as referencedTableName,REFERENCED_COLUMN_NAME as referencedColumnName FROM INFORMATION_SCHEMA.KEY_COLUMN_USAGE where TABLE_NAME = 'admin_audit_logs' AND CONSTRAINT_NAME!='PRIMARY' AND CONSTRAINT_SCHEMA='pdflab' AND REFERENCED_TABLE_NAME IS NOT NULL;
Executing (default): SELECT CONSTRAINT_CATALOG AS constraintCatalog, CONSTRAINT_NAME AS constraintName, CONSTRAINT_SCHEMA AS constraintSchema, CONSTRAINT_TYPE AS constraintType, TABLE_NAME AS tableName, TABLE_SCHEMA AS tableSchema from INFORMATION_SCHEMA.TABLE_CONSTRAINTS WHERE table_name='admin_audit_logs' AND constraint_name = 'admin_audit_logs_ibfk_1' AND TABLE_SCHEMA = 'pdflab';
Executing (default): ALTER TABLE `admin_audit_logs` DROP FOREIGN KEY `admin_audit_logs_ibfk_1`;
Executing (default): ALTER TABLE `admin_audit_logs` ADD FOREIGN KEY (`admin_user_id`) REFERENCES `users` (`id`) ON DELETE CASCADE ON UPDATE CASCADE;
Executing (default): ALTER TABLE `admin_audit_logs` CHANGE `action` `action` VARCHAR(100) NOT NULL;
Executing (default): ALTER TABLE `admin_audit_logs` CHANGE `entity_type` `entity_type` VARCHAR(50) NOT NULL;
Executing (default): ALTER TABLE `admin_audit_logs` CHANGE `entity_id` `entity_id` CHAR(36) BINARY;
Executing (default): ALTER TABLE `admin_audit_logs` CHANGE `changes` `changes` JSON;
Executing (default): ALTER TABLE `admin_audit_logs` CHANGE `ip_address` `ip_address` VARCHAR(45);
Executing (default): ALTER TABLE `admin_audit_logs` CHANGE `user_agent` `user_agent` TEXT;
Executing (default): ALTER TABLE `admin_audit_logs` CHANGE `severity` `severity` ENUM('info', 'warning', 'critical') NOT NULL DEFAULT 'info';
Executing (default): ALTER TABLE `admin_audit_logs` CHANGE `checksum` `checksum` VARCHAR(64);
Executing (default): ALTER TABLE `admin_audit_logs` CHANGE `created_at` `created_at` DATETIME NOT NULL;
Executing (default): SHOW INDEX FROM `admin_audit_logs` FROM `pdflab`
Executing (default): SELECT TABLE_NAME FROM INFORMATION_SCHEMA.TABLES WHERE TABLE_TYPE = 'BASE TABLE' AND TABLE_NAME = 'system_health_logs' AND TABLE_SCHEMA = 'pdflab'
Executing (default): SHOW FULL COLUMNS FROM `system_health_logs`;
Executing (default): SELECT CONSTRAINT_NAME as constraint_name,CONSTRAINT_NAME as constraintName,CONSTRAINT_SCHEMA as constraintSchema,CONSTRAINT_SCHEMA as constraintCatalog,TABLE_NAME as tableName,TABLE_SCHEMA as tableSchema,TABLE_SCHEMA as tableCatalog,COLUMN_NAME as columnName,REFERENCED_TABLE_SCHEMA as referencedTableSchema,REFERENCED_TABLE_SCHEMA as referencedTableCatalog,REFERENCED_TABLE_NAME as referencedTableName,REFERENCED_COLUMN_NAME as referencedColumnName FROM INFORMATION_SCHEMA.KEY_COLUMN_USAGE where TABLE_NAME = 'system_health_logs' AND CONSTRAINT_NAME!='PRIMARY' AND CONSTRAINT_SCHEMA='pdflab' AND REFERENCED_TABLE_NAME IS NOT NULL;
Executing (default): ALTER TABLE `system_health_logs` CHANGE `metric_name` `metric_name` VARCHAR(100) NOT NULL;
Executing (default): ALTER TABLE `system_health_logs` CHANGE `metric_value` `metric_value` DECIMAL(10,2);
Executing (default): ALTER TABLE `system_health_logs` CHANGE `status` `status` ENUM('healthy', 'warning', 'critical') NOT NULL DEFAULT 'healthy';
Executing (default): ALTER TABLE `system_health_logs` CHANGE `details` `details` JSON;
Executing (default): ALTER TABLE `system_health_logs` CHANGE `created_at` `created_at` DATETIME NOT NULL;
Executing (default): SHOW INDEX FROM `system_health_logs` FROM `pdflab`
Executing (default): SELECT TABLE_NAME FROM INFORMATION_SCHEMA.TABLES WHERE TABLE_TYPE = 'BASE TABLE' AND TABLE_NAME = 'conversion_jobs' AND TABLE_SCHEMA = 'pdflab'
Executing (default): SHOW FULL COLUMNS FROM `conversion_jobs`;
Executing (default): SELECT CONSTRAINT_NAME as constraint_name,CONSTRAINT_NAME as constraintName,CONSTRAINT_SCHEMA as constraintSchema,CONSTRAINT_SCHEMA as constraintCatalog,TABLE_NAME as tableName,TABLE_SCHEMA as tableSchema,TABLE_SCHEMA as tableCatalog,COLUMN_NAME as columnName,REFERENCED_TABLE_SCHEMA as referencedTableSchema,REFERENCED_TABLE_SCHEMA as referencedTableCatalog,REFERENCED_TABLE_NAME as referencedTableName,REFERENCED_COLUMN_NAME as referencedColumnName FROM INFORMATION_SCHEMA.KEY_COLUMN_USAGE where TABLE_NAME = 'conversion_jobs' AND CONSTRAINT_NAME!='PRIMARY' AND CONSTRAINT_SCHEMA='pdflab' AND REFERENCED_TABLE_NAME IS NOT NULL;
Executing (default): ALTER TABLE `conversion_jobs` CHANGE `user_id` `user_id` CHAR(36) BINARY;
Executing (default): ALTER TABLE `conversion_jobs` CHANGE `type` `type` ENUM('pdf_to_pptx', 'pdf_to_docx', 'pdf_to_xlsx', 'pdf_to_images', 'pdf_merge') NOT NULL;
Executing (default): ALTER TABLE `conversion_jobs` CHANGE `status` `status` ENUM('pending', 'queued', 'processing', 'completed', 'failed') NOT NULL DEFAULT 'pending';
Executing (default): ALTER TABLE `conversion_jobs` CHANGE `progress` `progress` INTEGER NOT NULL DEFAULT 0;
Executing (default): ALTER TABLE `conversion_jobs` CHANGE `input_file` `input_file` VARCHAR(500);
Executing (default): ALTER TABLE `conversion_jobs` CHANGE `output_file` `output_file` VARCHAR(500);
Executing (default): ALTER TABLE `conversion_jobs` CHANGE `file_name` `file_name` VARCHAR(255) NOT NULL;
Executing (default): ALTER TABLE `conversion_jobs` CHANGE `file_size` `file_size` BIGINT NOT NULL;
Executing (default): ALTER TABLE `conversion_jobs` CHANGE `cloudconvert_job_id` `cloudconvert_job_id` VARCHAR(255);
Executing (default): ALTER TABLE `conversion_jobs` CHANGE `error_message` `error_message` TEXT;
Executing (default): ALTER TABLE `conversion_jobs` CHANGE `estimated_time` `estimated_time` INTEGER COMMENT 'Estimated processing time in seconds';
Executing (default): ALTER TABLE `conversion_jobs` CHANGE `processing_started_at` `processing_started_at` DATETIME;
Executing (default): ALTER TABLE `conversion_jobs` CHANGE `processing_completed_at` `processing_completed_at` DATETIME;
Executing (default): ALTER TABLE `conversion_jobs` CHANGE `created_at` `created_at` DATETIME NOT NULL;
Executing (default): ALTER TABLE `conversion_jobs` CHANGE `updated_at` `updated_at` DATETIME NOT NULL;
Executing (default): ALTER TABLE `conversion_jobs` CHANGE `expires_at` `expires_at` DATETIME NOT NULL;
Executing (default): SHOW INDEX FROM `conversion_jobs` FROM `pdflab`
Executing (default): SELECT TABLE_NAME FROM INFORMATION_SCHEMA.TABLES WHERE TABLE_TYPE = 'BASE TABLE' AND TABLE_NAME = 'usage_logs' AND TABLE_SCHEMA = 'pdflab'
Executing (default): SHOW FULL COLUMNS FROM `usage_logs`;
Executing (default): SELECT CONSTRAINT_NAME as constraint_name,CONSTRAINT_NAME as constraintName,CONSTRAINT_SCHEMA as constraintSchema,CONSTRAINT_SCHEMA as constraintCatalog,TABLE_NAME as tableName,TABLE_SCHEMA as tableSchema,TABLE_SCHEMA as tableCatalog,COLUMN_NAME as columnName,REFERENCED_TABLE_SCHEMA as referencedTableSchema,REFERENCED_TABLE_SCHEMA as referencedTableCatalog,REFERENCED_TABLE_NAME as referencedTableName,REFERENCED_COLUMN_NAME as referencedColumnName FROM INFORMATION_SCHEMA.KEY_COLUMN_USAGE where TABLE_NAME = 'usage_logs' AND CONSTRAINT_NAME!='PRIMARY' AND CONSTRAINT_SCHEMA='pdflab' AND REFERENCED_TABLE_NAME IS NOT NULL;
Executing (default): SELECT CONSTRAINT_CATALOG AS constraintCatalog, CONSTRAINT_NAME AS constraintName, CONSTRAINT_SCHEMA AS constraintSchema, CONSTRAINT_TYPE AS constraintType, TABLE_NAME AS tableName, TABLE_SCHEMA AS tableSchema from INFORMATION_SCHEMA.TABLE_CONSTRAINTS WHERE table_name='usage_logs' AND constraint_name = 'usage_logs_ibfk_69' AND TABLE_SCHEMA = 'pdflab';
Executing (default): ALTER TABLE `usage_logs` DROP FOREIGN KEY `usage_logs_ibfk_69`;
Executing (default): ALTER TABLE `usage_logs` ADD FOREIGN KEY (`user_id`) REFERENCES `users` (`id`) ON DELETE CASCADE ON UPDATE CASCADE;
Executing (default): SELECT CONSTRAINT_CATALOG AS constraintCatalog, CONSTRAINT_NAME AS constraintName, CONSTRAINT_SCHEMA AS constraintSchema, CONSTRAINT_TYPE AS constraintType, TABLE_NAME AS tableName, TABLE_SCHEMA AS tableSchema from INFORMATION_SCHEMA.TABLE_CONSTRAINTS WHERE table_name='usage_logs' AND constraint_name = 'usage_logs_ibfk_70' AND TABLE_SCHEMA = 'pdflab';
Executing (default): ALTER TABLE `usage_logs` DROP FOREIGN KEY `usage_logs_ibfk_70`;
Executing (default): ALTER TABLE `usage_logs` ADD FOREIGN KEY (`job_id`) REFERENCES `conversion_jobs` (`id`) ON DELETE SET NULL ON UPDATE CASCADE;
Executing (default): ALTER TABLE `usage_logs` CHANGE `operation_type` `operation_type` VARCHAR(50) NOT NULL;
Executing (default): ALTER TABLE `usage_logs` CHANGE `success` `success` TINYINT(1) NOT NULL DEFAULT false;
Executing (default): ALTER TABLE `usage_logs` CHANGE `processing_time` `processing_time` INTEGER COMMENT 'Processing time in milliseconds';
Executing (default): ALTER TABLE `usage_logs` CHANGE `file_size` `file_size` BIGINT NOT NULL;
Executing (default): ALTER TABLE `usage_logs` CHANGE `error_code` `error_code` VARCHAR(50);
Executing (default): ALTER TABLE `usage_logs` CHANGE `timestamp` `timestamp` DATETIME NOT NULL;
Executing (default): SHOW INDEX FROM `usage_logs` FROM `pdflab`
Executing (default): SELECT TABLE_NAME FROM INFORMATION_SCHEMA.TABLES WHERE TABLE_TYPE = 'BASE TABLE' AND TABLE_NAME = 'subscriptions' AND TABLE_SCHEMA = 'pdflab'
Executing (default): SHOW FULL COLUMNS FROM `subscriptions`;
Executing (default): SELECT CONSTRAINT_NAME as constraint_name,CONSTRAINT_NAME as constraintName,CONSTRAINT_SCHEMA as constraintSchema,CONSTRAINT_SCHEMA as constraintCatalog,TABLE_NAME as tableName,TABLE_SCHEMA as tableSchema,TABLE_SCHEMA as tableCatalog,COLUMN_NAME as columnName,REFERENCED_TABLE_SCHEMA as referencedTableSchema,REFERENCED_TABLE_SCHEMA as referencedTableCatalog,REFERENCED_TABLE_NAME as referencedTableName,REFERENCED_COLUMN_NAME as referencedColumnName FROM INFORMATION_SCHEMA.KEY_COLUMN_USAGE where TABLE_NAME = 'subscriptions' AND CONSTRAINT_NAME!='PRIMARY' AND CONSTRAINT_SCHEMA='pdflab' AND REFERENCED_TABLE_NAME IS NOT NULL;
Executing (default): SELECT CONSTRAINT_CATALOG AS constraintCatalog, CONSTRAINT_NAME AS constraintName, CONSTRAINT_SCHEMA AS constraintSchema, CONSTRAINT_TYPE AS constraintType, TABLE_NAME AS tableName, TABLE_SCHEMA AS tableSchema from INFORMATION_SCHEMA.TABLE_CONSTRAINTS WHERE table_name='subscriptions' AND constraint_name = 'subscriptions_ibfk_1' AND TABLE_SCHEMA = 'pdflab';
Executing (default): ALTER TABLE `subscriptions` DROP FOREIGN KEY `subscriptions_ibfk_1`;
Executing (default): ALTER TABLE `subscriptions` ADD FOREIGN KEY (`user_id`) REFERENCES `users` (`id`) ON DELETE CASCADE ON UPDATE CASCADE;
Executing (default): ALTER TABLE `subscriptions` CHANGE `plan` `plan` ENUM('free', 'starter', 'pro', 'enterprise') NOT NULL DEFAULT 'free';
Executing (default): ALTER TABLE `subscriptions` CHANGE `status` `status` ENUM('active', 'canceled', 'past_due', 'trialing', 'pending') NOT NULL DEFAULT 'pending';
Executing (default): ALTER TABLE `subscriptions` CHANGE `payfast_token` `payfast_token` VARCHAR(255) COMMENT 'PayFast subscription token for recurring payments';
Executing (default): ALTER TABLE `subscriptions` CHANGE `payfast_subscription_id` `payfast_subscription_id` VARCHAR(255) COMMENT 'PayFast subscription ID';
Executing (default): ALTER TABLE `subscriptions` CHANGE `amount` `amount` DECIMAL(10,2) NOT NULL COMMENT 'Subscription amount in currency';
Executing (default): ALTER TABLE `subscriptions` CHANGE `currency` `currency` VARCHAR(3) NOT NULL DEFAULT 'USD' COMMENT 'Currency code (USD for United States Dollar)';
Executing (default): ALTER TABLE `subscriptions` CHANGE `billing_date` `billing_date` DATETIME COMMENT 'First billing date';
Executing (default): ALTER TABLE `subscriptions` CHANGE `next_billing_date` `next_billing_date` DATETIME COMMENT 'Next billing date for recurring subscription';
Executing (default): ALTER TABLE `subscriptions` CHANGE `cancel_at` `cancel_at` DATETIME COMMENT 'Scheduled cancellation date';
Executing (default): ALTER TABLE `subscriptions` CHANGE `canceled_at` `canceled_at` DATETIME COMMENT 'Actual cancellation timestamp';
Executing (default): ALTER TABLE `subscriptions` CHANGE `trial_end` `trial_end` DATETIME COMMENT 'Trial period end date';
Executing (default): ALTER TABLE `subscriptions` CHANGE `started_at` `started_at` DATETIME NOT NULL COMMENT 'Subscription start date';
Executing (default): ALTER TABLE `subscriptions` CHANGE `ended_at` `ended_at` DATETIME COMMENT 'Subscription end date (if canceled)';
Executing (default): ALTER TABLE `subscriptions` CHANGE `created_at` `created_at` DATETIME NOT NULL;
Executing (default): ALTER TABLE `subscriptions` CHANGE `updated_at` `updated_at` DATETIME NOT NULL;
Executing (default): SHOW INDEX FROM `subscriptions` FROM `pdflab`
Executing (default): SELECT TABLE_NAME FROM INFORMATION_SCHEMA.TABLES WHERE TABLE_TYPE = 'BASE TABLE' AND TABLE_NAME = 'payment_logs' AND TABLE_SCHEMA = 'pdflab'
Executing (default): SHOW FULL COLUMNS FROM `payment_logs`;
Executing (default): SELECT CONSTRAINT_NAME as constraint_name,CONSTRAINT_NAME as constraintName,CONSTRAINT_SCHEMA as constraintSchema,CONSTRAINT_SCHEMA as constraintCatalog,TABLE_NAME as tableName,TABLE_SCHEMA as tableSchema,TABLE_SCHEMA as tableCatalog,COLUMN_NAME as columnName,REFERENCED_TABLE_SCHEMA as referencedTableSchema,REFERENCED_TABLE_SCHEMA as referencedTableCatalog,REFERENCED_TABLE_NAME as referencedTableName,REFERENCED_COLUMN_NAME as referencedColumnName FROM INFORMATION_SCHEMA.KEY_COLUMN_USAGE where TABLE_NAME = 'payment_logs' AND CONSTRAINT_NAME!='PRIMARY' AND CONSTRAINT_SCHEMA='pdflab' AND REFERENCED_TABLE_NAME IS NOT NULL;
Executing (default): SELECT CONSTRAINT_CATALOG AS constraintCatalog, CONSTRAINT_NAME AS constraintName, CONSTRAINT_SCHEMA AS constraintSchema, CONSTRAINT_TYPE AS constraintType, TABLE_NAME AS tableName, TABLE_SCHEMA AS tableSchema from INFORMATION_SCHEMA.TABLE_CONSTRAINTS WHERE table_name='payment_logs' AND constraint_name = 'payment_logs_ibfk_53' AND TABLE_SCHEMA = 'pdflab';
Executing (default): ALTER TABLE `payment_logs` DROP FOREIGN KEY `payment_logs_ibfk_53`;
Executing (default): ALTER TABLE `payment_logs` ADD FOREIGN KEY (`user_id`) REFERENCES `users` (`id`) ON DELETE CASCADE ON UPDATE CASCADE;
Executing (default): SELECT CONSTRAINT_CATALOG AS constraintCatalog, CONSTRAINT_NAME AS constraintName, CONSTRAINT_SCHEMA AS constraintSchema, CONSTRAINT_TYPE AS constraintType, TABLE_NAME AS tableName, TABLE_SCHEMA AS tableSchema from INFORMATION_SCHEMA.TABLE_CONSTRAINTS WHERE table_name='payment_logs' AND constraint_name = 'payment_logs_ibfk_52' AND TABLE_SCHEMA = 'pdflab';
Executing (default): ALTER TABLE `payment_logs` DROP FOREIGN KEY `payment_logs_ibfk_52`;
Executing (default): ALTER TABLE `payment_logs` ADD FOREIGN KEY (`subscription_id`) REFERENCES `subscriptions` (`id`) ON DELETE SET NULL ON UPDATE CASCADE;
Executing (default): ALTER TABLE `payment_logs` CHANGE `transaction_id` `transaction_id` VARCHAR(255) NOT NULL UNIQUE COMMENT 'Our internal transaction ID (m_payment_id)';
Executing (default): ALTER TABLE `payment_logs` CHANGE `payfast_payment_id` `payfast_payment_id` VARCHAR(255) COMMENT 'PayFast payment ID (pf_payment_id)';
Executing (default): ALTER TABLE `payment_logs` CHANGE `payment_type` `payment_type` ENUM('subscription', 'subscription_payment', 'one_time', 'refund') NOT NULL DEFAULT 'one_time';
Executing (default): ALTER TABLE `payment_logs` CHANGE `status` `status` ENUM('complete', 'failed', 'pending', 'cancelled') NOT NULL DEFAULT 'pending';
Executing (default): ALTER TABLE `payment_logs` CHANGE `amount_gross` `amount_gross` DECIMAL(10,2) NOT NULL COMMENT 'Gross amount before fees';
Executing (default): ALTER TABLE `payment_logs` CHANGE `amount_fee` `amount_fee` DECIMAL(10,2) NOT NULL DEFAULT 0 COMMENT 'PayFast processing fee';
Executing (default): ALTER TABLE `payment_logs` CHANGE `amount_net` `amount_net` DECIMAL(10,2) NOT NULL COMMENT 'Net amount after fees';
Executing (default): ALTER TABLE `payment_logs` CHANGE `currency` `currency` VARCHAR(3) NOT NULL DEFAULT 'USD';
Executing (default): ALTER TABLE `payment_logs` CHANGE `plan` `plan` VARCHAR(50) NOT NULL COMMENT 'Plan name (free, starter, pro, enterprise)';
Executing (default): ALTER TABLE `payment_logs` CHANGE `payment_method` `payment_method` VARCHAR(50) COMMENT 'Payment method used (eft, credit_card, etc.)';
Executing (default): ALTER TABLE `payment_logs` CHANGE `name_first` `name_first` VARCHAR(255) NOT NULL;
Executing (default): ALTER TABLE `payment_logs` CHANGE `name_last` `name_last` VARCHAR(255);
Executing (default): ALTER TABLE `payment_logs` CHANGE `email_address` `email_address` VARCHAR(255) NOT NULL;
Executing (default): ALTER TABLE `payment_logs` CHANGE `item_name` `item_name` VARCHAR(255) NOT NULL;
Executing (default): ALTER TABLE `payment_logs` CHANGE `item_description` `item_description` TEXT;
Executing (default): ALTER TABLE `payment_logs` CHANGE `custom_data` `custom_data` JSON COMMENT 'Custom data sent to PayFast';
Executing (default): ALTER TABLE `payment_logs` CHANGE `itn_data` `itn_data` JSON COMMENT 'Full ITN notification data from PayFast';
Executing (default): ALTER TABLE `payment_logs` CHANGE `error_message` `error_message` TEXT COMMENT 'Error message if payment failed';
Executing (default): ALTER TABLE `payment_logs` CHANGE `processed_at` `processed_at` DATETIME COMMENT 'When the payment was processed';
Executing (default): ALTER TABLE `payment_logs` CHANGE `created_at` `created_at` DATETIME NOT NULL;
Executing (default): ALTER TABLE `payment_logs` CHANGE `updated_at` `updated_at` DATETIME NOT NULL;
Executing (default): SHOW INDEX FROM `payment_logs` FROM `pdflab`
Executing (default): SELECT TABLE_NAME FROM INFORMATION_SCHEMA.TABLES WHERE TABLE_TYPE = 'BASE TABLE' AND TABLE_NAME = 'password_history' AND TABLE_SCHEMA = 'pdflab'
Executing (default): SHOW FULL COLUMNS FROM `password_history`;
Executing (default): SELECT CONSTRAINT_NAME as constraint_name,CONSTRAINT_NAME as constraintName,CONSTRAINT_SCHEMA as constraintSchema,CONSTRAINT_SCHEMA as constraintCatalog,TABLE_NAME as tableName,TABLE_SCHEMA as tableSchema,TABLE_SCHEMA as tableCatalog,COLUMN_NAME as columnName,REFERENCED_TABLE_SCHEMA as referencedTableSchema,REFERENCED_TABLE_SCHEMA as referencedTableCatalog,REFERENCED_TABLE_NAME as referencedTableName,REFERENCED_COLUMN_NAME as referencedColumnName FROM INFORMATION_SCHEMA.KEY_COLUMN_USAGE where TABLE_NAME = 'password_history' AND CONSTRAINT_NAME!='PRIMARY' AND CONSTRAINT_SCHEMA='pdflab' AND REFERENCED_TABLE_NAME IS NOT NULL;
Executing (default): SELECT CONSTRAINT_CATALOG AS constraintCatalog, CONSTRAINT_NAME AS constraintName, CONSTRAINT_SCHEMA AS constraintSchema, CONSTRAINT_TYPE AS constraintType, TABLE_NAME AS tableName, TABLE_SCHEMA AS tableSchema from INFORMATION_SCHEMA.TABLE_CONSTRAINTS WHERE table_name='password_history' AND constraint_name = 'password_history_ibfk_1' AND TABLE_SCHEMA = 'pdflab';
Executing (default): ALTER TABLE `password_history` DROP FOREIGN KEY `password_history_ibfk_1`;
Executing (default): ALTER TABLE `password_history` ADD FOREIGN KEY (`user_id`) REFERENCES `users` (`id`) ON DELETE CASCADE ON UPDATE CASCADE;
20:42:01 [tsx] change in ./src\jobs\conversion.job.ts Restarting...
c⚠ Email service not configured - missing SMTP credentials
  Emails will be logged to console only (development mode)
🚀 Starting PDFLab Backend API...
Executing (default): SELECT 1+1 AS result
✓ Database connection established successfully
Executing (default): SELECT TABLE_NAME FROM INFORMATION_SCHEMA.TABLES WHERE TABLE_TYPE = 'BASE TABLE' AND TABLE_NAME = 'users' AND TABLE_SCHEMA = 'pdflab'
Executing (default): SHOW FULL COLUMNS FROM `users`;
Executing (default): SELECT CONSTRAINT_NAME as constraint_name,CONSTRAINT_NAME as constraintName,CONSTRAINT_SCHEMA as constraintSchema,CONSTRAINT_SCHEMA as constraintCatalog,TABLE_NAME as tableName,TABLE_SCHEMA as tableSchema,TABLE_SCHEMA as tableCatalog,COLUMN_NAME as columnName,REFERENCED_TABLE_SCHEMA as referencedTableSchema,REFERENCED_TABLE_SCHEMA as referencedTableCatalog,REFERENCED_TABLE_NAME as referencedTableName,REFERENCED_COLUMN_NAME as referencedColumnName FROM INFORMATION_SCHEMA.KEY_COLUMN_USAGE where TABLE_NAME = 'users' AND CONSTRAINT_NAME!='PRIMARY' AND CONSTRAINT_SCHEMA='pdflab' AND REFERENCED_TABLE_NAME IS NOT NULL;
Executing (default): ALTER TABLE `users` CHANGE `email` `email` VARCHAR(255) NOT NULL UNIQUE;
Executing (default): ALTER TABLE `users` CHANGE `password_hash` `password_hash` VARCHAR(255) NOT NULL;
Executing (default): ALTER TABLE `users` CHANGE `name` `name` VARCHAR(255);
Executing (default): ALTER TABLE `users` CHANGE `role` `role` ENUM('user', 'support', 'finance', 'admin', 'super_admin') NOT NULL DEFAULT 'user';
Executing (default): ALTER TABLE `users` CHANGE `plan` `plan` ENUM('free', 'starter', 'pro', 'enterprise') NOT NULL DEFAULT 'free';
Executing (default): ALTER TABLE `users` CHANGE `conversions_used` `conversions_used` INTEGER NOT NULL DEFAULT 0;
Executing (default): ALTER TABLE `users` CHANGE `conversions_limit` `conversions_limit` INTEGER NOT NULL DEFAULT 3;
Executing (default): ALTER TABLE `users` CHANGE `stripe_customer_id` `stripe_customer_id` VARCHAR(255);
Executing (default): ALTER TABLE `users` CHANGE `subscription_id` `subscription_id` VARCHAR(255);
Executing (default): ALTER TABLE `users` CHANGE `subscription_status` `subscription_status` ENUM('active', 'canceled', 'past_due', 'trialing');
Executing (default): ALTER TABLE `users` CHANGE `subscription_end_date` `subscription_end_date` DATETIME;
Executing (default): ALTER TABLE `users` CHANGE `failed_reset_attempts` `failed_reset_attempts` INTEGER NOT NULL DEFAULT 0;
Executing (default): ALTER TABLE `users` CHANGE `reset_locked_until` `reset_locked_until` DATETIME;
Executing (default): ALTER TABLE `users` CHANGE `created_at` `created_at` DATETIME NOT NULL;
Executing (default): ALTER TABLE `users` CHANGE `updated_at` `updated_at` DATETIME NOT NULL;
Executing (default): ALTER TABLE `users` CHANGE `last_login` `last_login` DATETIME;
Executing (default): SHOW INDEX FROM `users` FROM `pdflab`
Executing (default): SELECT TABLE_NAME FROM INFORMATION_SCHEMA.TABLES WHERE TABLE_TYPE = 'BASE TABLE' AND TABLE_NAME = 'admin_audit_logs' AND TABLE_SCHEMA = 'pdflab'
Executing (default): SHOW FULL COLUMNS FROM `admin_audit_logs`;
Executing (default): SELECT CONSTRAINT_NAME as constraint_name,CONSTRAINT_NAME as constraintName,CONSTRAINT_SCHEMA as constraintSchema,CONSTRAINT_SCHEMA as constraintCatalog,TABLE_NAME as tableName,TABLE_SCHEMA as tableSchema,TABLE_SCHEMA as tableCatalog,COLUMN_NAME as columnName,REFERENCED_TABLE_SCHEMA as referencedTableSchema,REFERENCED_TABLE_SCHEMA as referencedTableCatalog,REFERENCED_TABLE_NAME as referencedTableName,REFERENCED_COLUMN_NAME as referencedColumnName FROM INFORMATION_SCHEMA.KEY_COLUMN_USAGE where TABLE_NAME = 'admin_audit_logs' AND CONSTRAINT_NAME!='PRIMARY' AND CONSTRAINT_SCHEMA='pdflab' AND REFERENCED_TABLE_NAME IS NOT NULL;
Executing (default): SELECT CONSTRAINT_CATALOG AS constraintCatalog, CONSTRAINT_NAME AS constraintName, CONSTRAINT_SCHEMA AS constraintSchema, CONSTRAINT_TYPE AS constraintType, TABLE_NAME AS tableName, TABLE_SCHEMA AS tableSchema from INFORMATION_SCHEMA.TABLE_CONSTRAINTS WHERE table_name='admin_audit_logs' AND constraint_name = 'admin_audit_logs_ibfk_1' AND TABLE_SCHEMA = 'pdflab';
Executing (default): ALTER TABLE `admin_audit_logs` DROP FOREIGN KEY `admin_audit_logs_ibfk_1`;
Executing (default): ALTER TABLE `admin_audit_logs` ADD FOREIGN KEY (`admin_user_id`) REFERENCES `users` (`id`) ON DELETE CASCADE ON UPDATE CASCADE;
Executing (default): ALTER TABLE `admin_audit_logs` CHANGE `action` `action` VARCHAR(100) NOT NULL;
Executing (default): ALTER TABLE `admin_audit_logs` CHANGE `entity_type` `entity_type` VARCHAR(50) NOT NULL;
Executing (default): ALTER TABLE `admin_audit_logs` CHANGE `entity_id` `entity_id` CHAR(36) BINARY;
Executing (default): ALTER TABLE `admin_audit_logs` CHANGE `changes` `changes` JSON;
Executing (default): ALTER TABLE `admin_audit_logs` CHANGE `ip_address` `ip_address` VARCHAR(45);
Executing (default): ALTER TABLE `admin_audit_logs` CHANGE `user_agent` `user_agent` TEXT;
Executing (default): ALTER TABLE `admin_audit_logs` CHANGE `severity` `severity` ENUM('info', 'warning', 'critical') NOT NULL DEFAULT 'info';
Executing (default): ALTER TABLE `admin_audit_logs` CHANGE `checksum` `checksum` VARCHAR(64);
Executing (default): ALTER TABLE `admin_audit_logs` CHANGE `created_at` `created_at` DATETIME NOT NULL;
Executing (default): SHOW INDEX FROM `admin_audit_logs` FROM `pdflab`
Executing (default): SELECT TABLE_NAME FROM INFORMATION_SCHEMA.TABLES WHERE TABLE_TYPE = 'BASE TABLE' AND TABLE_NAME = 'system_health_logs' AND TABLE_SCHEMA = 'pdflab'
Executing (default): SHOW FULL COLUMNS FROM `system_health_logs`;
Executing (default): SELECT CONSTRAINT_NAME as constraint_name,CONSTRAINT_NAME as constraintName,CONSTRAINT_SCHEMA as constraintSchema,CONSTRAINT_SCHEMA as constraintCatalog,TABLE_NAME as tableName,TABLE_SCHEMA as tableSchema,TABLE_SCHEMA as tableCatalog,COLUMN_NAME as columnName,REFERENCED_TABLE_SCHEMA as referencedTableSchema,REFERENCED_TABLE_SCHEMA as referencedTableCatalog,REFERENCED_TABLE_NAME as referencedTableName,REFERENCED_COLUMN_NAME as referencedColumnName FROM INFORMATION_SCHEMA.KEY_COLUMN_USAGE where TABLE_NAME = 'system_health_logs' AND CONSTRAINT_NAME!='PRIMARY' AND CONSTRAINT_SCHEMA='pdflab' AND REFERENCED_TABLE_NAME IS NOT NULL;
Executing (default): ALTER TABLE `system_health_logs` CHANGE `metric_name` `metric_name` VARCHAR(100) NOT NULL;
Executing (default): ALTER TABLE `system_health_logs` CHANGE `metric_value` `metric_value` DECIMAL(10,2);
Executing (default): ALTER TABLE `system_health_logs` CHANGE `status` `status` ENUM('healthy', 'warning', 'critical') NOT NULL DEFAULT 'healthy';
Executing (default): ALTER TABLE `system_health_logs` CHANGE `details` `details` JSON;
Executing (default): ALTER TABLE `system_health_logs` CHANGE `created_at` `created_at` DATETIME NOT NULL;
Executing (default): SHOW INDEX FROM `system_health_logs` FROM `pdflab`
Executing (default): SELECT TABLE_NAME FROM INFORMATION_SCHEMA.TABLES WHERE TABLE_TYPE = 'BASE TABLE' AND TABLE_NAME = 'conversion_jobs' AND TABLE_SCHEMA = 'pdflab'
Executing (default): SHOW FULL COLUMNS FROM `conversion_jobs`;
Executing (default): SELECT CONSTRAINT_NAME as constraint_name,CONSTRAINT_NAME as constraintName,CONSTRAINT_SCHEMA as constraintSchema,CONSTRAINT_SCHEMA as constraintCatalog,TABLE_NAME as tableName,TABLE_SCHEMA as tableSchema,TABLE_SCHEMA as tableCatalog,COLUMN_NAME as columnName,REFERENCED_TABLE_SCHEMA as referencedTableSchema,REFERENCED_TABLE_SCHEMA as referencedTableCatalog,REFERENCED_TABLE_NAME as referencedTableName,REFERENCED_COLUMN_NAME as referencedColumnName FROM INFORMATION_SCHEMA.KEY_COLUMN_USAGE where TABLE_NAME = 'conversion_jobs' AND CONSTRAINT_NAME!='PRIMARY' AND CONSTRAINT_SCHEMA='pdflab' AND REFERENCED_TABLE_NAME IS NOT NULL;
Executing (default): ALTER TABLE `conversion_jobs` CHANGE `user_id` `user_id` CHAR(36) BINARY;
Executing (default): ALTER TABLE `conversion_jobs` CHANGE `type` `type` ENUM('pdf_to_pptx', 'pdf_to_docx', 'pdf_to_xlsx', 'pdf_to_images', 'pdf_merge') NOT NULL;
Executing (default): ALTER TABLE `conversion_jobs` CHANGE `status` `status` ENUM('pending', 'queued', 'processing', 'completed', 'failed') NOT NULL DEFAULT 'pending';
Executing (default): ALTER TABLE `conversion_jobs` CHANGE `progress` `progress` INTEGER NOT NULL DEFAULT 0;
Executing (default): ALTER TABLE `conversion_jobs` CHANGE `input_file` `input_file` VARCHAR(500);
Executing (default): ALTER TABLE `conversion_jobs` CHANGE `output_file` `output_file` VARCHAR(500);
Executing (default): ALTER TABLE `conversion_jobs` CHANGE `file_name` `file_name` VARCHAR(255) NOT NULL;
Executing (default): ALTER TABLE `conversion_jobs` CHANGE `file_size` `file_size` BIGINT NOT NULL;
Executing (default): ALTER TABLE `conversion_jobs` CHANGE `cloudconvert_job_id` `cloudconvert_job_id` VARCHAR(255);
Executing (default): ALTER TABLE `conversion_jobs` CHANGE `error_message` `error_message` TEXT;
Executing (default): ALTER TABLE `conversion_jobs` CHANGE `estimated_time` `estimated_time` INTEGER COMMENT 'Estimated processing time in seconds';
Executing (default): ALTER TABLE `conversion_jobs` CHANGE `processing_started_at` `processing_started_at` DATETIME;
Executing (default): ALTER TABLE `conversion_jobs` CHANGE `processing_completed_at` `processing_completed_at` DATETIME;
Executing (default): ALTER TABLE `conversion_jobs` CHANGE `created_at` `created_at` DATETIME NOT NULL;
Executing (default): ALTER TABLE `conversion_jobs` CHANGE `updated_at` `updated_at` DATETIME NOT NULL;
Executing (default): ALTER TABLE `conversion_jobs` CHANGE `expires_at` `expires_at` DATETIME NOT NULL;
Executing (default): SHOW INDEX FROM `conversion_jobs` FROM `pdflab`
Executing (default): SELECT TABLE_NAME FROM INFORMATION_SCHEMA.TABLES WHERE TABLE_TYPE = 'BASE TABLE' AND TABLE_NAME = 'usage_logs' AND TABLE_SCHEMA = 'pdflab'
Executing (default): SHOW FULL COLUMNS FROM `usage_logs`;
Executing (default): SELECT CONSTRAINT_NAME as constraint_name,CONSTRAINT_NAME as constraintName,CONSTRAINT_SCHEMA as constraintSchema,CONSTRAINT_SCHEMA as constraintCatalog,TABLE_NAME as tableName,TABLE_SCHEMA as tableSchema,TABLE_SCHEMA as tableCatalog,COLUMN_NAME as columnName,REFERENCED_TABLE_SCHEMA as referencedTableSchema,REFERENCED_TABLE_SCHEMA as referencedTableCatalog,REFERENCED_TABLE_NAME as referencedTableName,REFERENCED_COLUMN_NAME as referencedColumnName FROM INFORMATION_SCHEMA.KEY_COLUMN_USAGE where TABLE_NAME = 'usage_logs' AND CONSTRAINT_NAME!='PRIMARY' AND CONSTRAINT_SCHEMA='pdflab' AND REFERENCED_TABLE_NAME IS NOT NULL;
Executing (default): SELECT CONSTRAINT_CATALOG AS constraintCatalog, CONSTRAINT_NAME AS constraintName, CONSTRAINT_SCHEMA AS constraintSchema, CONSTRAINT_TYPE AS constraintType, TABLE_NAME AS tableName, TABLE_SCHEMA AS tableSchema from INFORMATION_SCHEMA.TABLE_CONSTRAINTS WHERE table_name='usage_logs' AND constraint_name = 'usage_logs_ibfk_71' AND TABLE_SCHEMA = 'pdflab';
Executing (default): ALTER TABLE `usage_logs` DROP FOREIGN KEY `usage_logs_ibfk_71`;
Executing (default): ALTER TABLE `usage_logs` ADD FOREIGN KEY (`user_id`) REFERENCES `users` (`id`) ON DELETE CASCADE ON UPDATE CASCADE;
Executing (default): SELECT CONSTRAINT_CATALOG AS constraintCatalog, CONSTRAINT_NAME AS constraintName, CONSTRAINT_SCHEMA AS constraintSchema, CONSTRAINT_TYPE AS constraintType, TABLE_NAME AS tableName, TABLE_SCHEMA AS tableSchema from INFORMATION_SCHEMA.TABLE_CONSTRAINTS WHERE table_name='usage_logs' AND constraint_name = 'usage_logs_ibfk_72' AND TABLE_SCHEMA = 'pdflab';
Executing (default): ALTER TABLE `usage_logs` DROP FOREIGN KEY `usage_logs_ibfk_72`;
Executing (default): ALTER TABLE `usage_logs` ADD FOREIGN KEY (`job_id`) REFERENCES `conversion_jobs` (`id`) ON DELETE SET NULL ON UPDATE CASCADE;
Executing (default): ALTER TABLE `usage_logs` CHANGE `operation_type` `operation_type` VARCHAR(50) NOT NULL;
Executing (default): ALTER TABLE `usage_logs` CHANGE `success` `success` TINYINT(1) NOT NULL DEFAULT false;
Executing (default): ALTER TABLE `usage_logs` CHANGE `processing_time` `processing_time` INTEGER COMMENT 'Processing time in milliseconds';
Executing (default): ALTER TABLE `usage_logs` CHANGE `file_size` `file_size` BIGINT NOT NULL;
Executing (default): ALTER TABLE `usage_logs` CHANGE `error_code` `error_code` VARCHAR(50);
Executing (default): ALTER TABLE `usage_logs` CHANGE `timestamp` `timestamp` DATETIME NOT NULL;
Executing (default): SHOW INDEX FROM `usage_logs` FROM `pdflab`
Executing (default): SELECT TABLE_NAME FROM INFORMATION_SCHEMA.TABLES WHERE TABLE_TYPE = 'BASE TABLE' AND TABLE_NAME = 'subscriptions' AND TABLE_SCHEMA = 'pdflab'
Executing (default): SHOW FULL COLUMNS FROM `subscriptions`;
Executing (default): SELECT CONSTRAINT_NAME as constraint_name,CONSTRAINT_NAME as constraintName,CONSTRAINT_SCHEMA as constraintSchema,CONSTRAINT_SCHEMA as constraintCatalog,TABLE_NAME as tableName,TABLE_SCHEMA as tableSchema,TABLE_SCHEMA as tableCatalog,COLUMN_NAME as columnName,REFERENCED_TABLE_SCHEMA as referencedTableSchema,REFERENCED_TABLE_SCHEMA as referencedTableCatalog,REFERENCED_TABLE_NAME as referencedTableName,REFERENCED_COLUMN_NAME as referencedColumnName FROM INFORMATION_SCHEMA.KEY_COLUMN_USAGE where TABLE_NAME = 'subscriptions' AND CONSTRAINT_NAME!='PRIMARY' AND CONSTRAINT_SCHEMA='pdflab' AND REFERENCED_TABLE_NAME IS NOT NULL;
Executing (default): SELECT CONSTRAINT_CATALOG AS constraintCatalog, CONSTRAINT_NAME AS constraintName, CONSTRAINT_SCHEMA AS constraintSchema, CONSTRAINT_TYPE AS constraintType, TABLE_NAME AS tableName, TABLE_SCHEMA AS tableSchema from INFORMATION_SCHEMA.TABLE_CONSTRAINTS WHERE table_name='subscriptions' AND constraint_name = 'subscriptions_ibfk_1' AND TABLE_SCHEMA = 'pdflab';
Executing (default): ALTER TABLE `subscriptions` DROP FOREIGN KEY `subscriptions_ibfk_1`;
Executing (default): ALTER TABLE `subscriptions` ADD FOREIGN KEY (`user_id`) REFERENCES `users` (`id`) ON DELETE CASCADE ON UPDATE CASCADE;
Executing (default): ALTER TABLE `subscriptions` CHANGE `plan` `plan` ENUM('free', 'starter', 'pro', 'enterprise') NOT NULL DEFAULT 'free';
Executing (default): ALTER TABLE `subscriptions` CHANGE `status` `status` ENUM('active', 'canceled', 'past_due', 'trialing', 'pending') NOT NULL DEFAULT 'pending';
Executing (default): ALTER TABLE `subscriptions` CHANGE `payfast_token` `payfast_token` VARCHAR(255) COMMENT 'PayFast subscription token for recurring payments';
Executing (default): ALTER TABLE `subscriptions` CHANGE `payfast_subscription_id` `payfast_subscription_id` VARCHAR(255) COMMENT 'PayFast subscription ID';
Executing (default): ALTER TABLE `subscriptions` CHANGE `amount` `amount` DECIMAL(10,2) NOT NULL COMMENT 'Subscription amount in currency';
Executing (default): ALTER TABLE `subscriptions` CHANGE `currency` `currency` VARCHAR(3) NOT NULL DEFAULT 'USD' COMMENT 'Currency code (USD for United States Dollar)';
Executing (default): ALTER TABLE `subscriptions` CHANGE `billing_date` `billing_date` DATETIME COMMENT 'First billing date';
Executing (default): ALTER TABLE `subscriptions` CHANGE `next_billing_date` `next_billing_date` DATETIME COMMENT 'Next billing date for recurring subscription';
Executing (default): ALTER TABLE `subscriptions` CHANGE `cancel_at` `cancel_at` DATETIME COMMENT 'Scheduled cancellation date';
Executing (default): ALTER TABLE `subscriptions` CHANGE `canceled_at` `canceled_at` DATETIME COMMENT 'Actual cancellation timestamp';
Executing (default): ALTER TABLE `subscriptions` CHANGE `trial_end` `trial_end` DATETIME COMMENT 'Trial period end date';
Executing (default): ALTER TABLE `subscriptions` CHANGE `started_at` `started_at` DATETIME NOT NULL COMMENT 'Subscription start date';
Executing (default): ALTER TABLE `subscriptions` CHANGE `ended_at` `ended_at` DATETIME COMMENT 'Subscription end date (if canceled)';
Executing (default): ALTER TABLE `subscriptions` CHANGE `created_at` `created_at` DATETIME NOT NULL;
Executing (default): ALTER TABLE `subscriptions` CHANGE `updated_at` `updated_at` DATETIME NOT NULL;
Executing (default): SHOW INDEX FROM `subscriptions` FROM `pdflab`
Executing (default): SELECT TABLE_NAME FROM INFORMATION_SCHEMA.TABLES WHERE TABLE_TYPE = 'BASE TABLE' AND TABLE_NAME = 'payment_logs' AND TABLE_SCHEMA = 'pdflab'
Executing (default): SHOW FULL COLUMNS FROM `payment_logs`;
Executing (default): SELECT CONSTRAINT_NAME as constraint_name,CONSTRAINT_NAME as constraintName,CONSTRAINT_SCHEMA as constraintSchema,CONSTRAINT_SCHEMA as constraintCatalog,TABLE_NAME as tableName,TABLE_SCHEMA as tableSchema,TABLE_SCHEMA as tableCatalog,COLUMN_NAME as columnName,REFERENCED_TABLE_SCHEMA as referencedTableSchema,REFERENCED_TABLE_SCHEMA as referencedTableCatalog,REFERENCED_TABLE_NAME as referencedTableName,REFERENCED_COLUMN_NAME as referencedColumnName FROM INFORMATION_SCHEMA.KEY_COLUMN_USAGE where TABLE_NAME = 'payment_logs' AND CONSTRAINT_NAME!='PRIMARY' AND CONSTRAINT_SCHEMA='pdflab' AND REFERENCED_TABLE_NAME IS NOT NULL;
Executing (default): SELECT CONSTRAINT_CATALOG AS constraintCatalog, CONSTRAINT_NAME AS constraintName, CONSTRAINT_SCHEMA AS constraintSchema, CONSTRAINT_TYPE AS constraintType, TABLE_NAME AS tableName, TABLE_SCHEMA AS tableSchema from INFORMATION_SCHEMA.TABLE_CONSTRAINTS WHERE table_name='payment_logs' AND constraint_name = 'payment_logs_ibfk_53' AND TABLE_SCHEMA = 'pdflab';
Executing (default): ALTER TABLE `payment_logs` DROP FOREIGN KEY `payment_logs_ibfk_53`;
Executing (default): ALTER TABLE `payment_logs` ADD FOREIGN KEY (`user_id`) REFERENCES `users` (`id`) ON DELETE CASCADE ON UPDATE CASCADE;
Executing (default): SELECT CONSTRAINT_CATALOG AS constraintCatalog, CONSTRAINT_NAME AS constraintName, CONSTRAINT_SCHEMA AS constraintSchema, CONSTRAINT_TYPE AS constraintType, TABLE_NAME AS tableName, TABLE_SCHEMA AS tableSchema from INFORMATION_SCHEMA.TABLE_CONSTRAINTS WHERE table_name='payment_logs' AND constraint_name = 'payment_logs_ibfk_54' AND TABLE_SCHEMA = 'pdflab';
Executing (default): ALTER TABLE `payment_logs` DROP FOREIGN KEY `payment_logs_ibfk_54`;
Executing (default): ALTER TABLE `payment_logs` ADD FOREIGN KEY (`subscription_id`) REFERENCES `subscriptions` (`id`) ON DELETE SET NULL ON UPDATE CASCADE;
Executing (default): ALTER TABLE `payment_logs` CHANGE `transaction_id` `transaction_id` VARCHAR(255) NOT NULL UNIQUE COMMENT 'Our internal transaction ID (m_payment_id)';
Executing (default): ALTER TABLE `payment_logs` CHANGE `payfast_payment_id` `payfast_payment_id` VARCHAR(255) COMMENT 'PayFast payment ID (pf_payment_id)';
Executing (default): ALTER TABLE `payment_logs` CHANGE `payment_type` `payment_type` ENUM('subscription', 'subscription_payment', 'one_time', 'refund') NOT NULL DEFAULT 'one_time';
Executing (default): ALTER TABLE `payment_logs` CHANGE `status` `status` ENUM('complete', 'failed', 'pending', 'cancelled') NOT NULL DEFAULT 'pending';
Executing (default): ALTER TABLE `payment_logs` CHANGE `amount_gross` `amount_gross` DECIMAL(10,2) NOT NULL COMMENT 'Gross amount before fees';
Executing (default): ALTER TABLE `payment_logs` CHANGE `amount_fee` `amount_fee` DECIMAL(10,2) NOT NULL DEFAULT 0 COMMENT 'PayFast processing fee';
Executing (default): ALTER TABLE `payment_logs` CHANGE `amount_net` `amount_net` DECIMAL(10,2) NOT NULL COMMENT 'Net amount after fees';
Executing (default): ALTER TABLE `payment_logs` CHANGE `currency` `currency` VARCHAR(3) NOT NULL DEFAULT 'USD';
Executing (default): ALTER TABLE `payment_logs` CHANGE `plan` `plan` VARCHAR(50) NOT NULL COMMENT 'Plan name (free, starter, pro, enterprise)';
Executing (default): ALTER TABLE `payment_logs` CHANGE `payment_method` `payment_method` VARCHAR(50) COMMENT 'Payment method used (eft, credit_card, etc.)';
Executing (default): ALTER TABLE `payment_logs` CHANGE `name_first` `name_first` VARCHAR(255) NOT NULL;
Executing (default): ALTER TABLE `payment_logs` CHANGE `name_last` `name_last` VARCHAR(255);
Executing (default): ALTER TABLE `payment_logs` CHANGE `email_address` `email_address` VARCHAR(255) NOT NULL;
Executing (default): ALTER TABLE `payment_logs` CHANGE `item_name` `item_name` VARCHAR(255) NOT NULL;
Executing (default): ALTER TABLE `payment_logs` CHANGE `item_description` `item_description` TEXT;
Executing (default): ALTER TABLE `payment_logs` CHANGE `custom_data` `custom_data` JSON COMMENT 'Custom data sent to PayFast';
Executing (default): ALTER TABLE `payment_logs` CHANGE `itn_data` `itn_data` JSON COMMENT 'Full ITN notification data from PayFast';
Executing (default): ALTER TABLE `payment_logs` CHANGE `error_message` `error_message` TEXT COMMENT 'Error message if payment failed';
Executing (default): ALTER TABLE `payment_logs` CHANGE `processed_at` `processed_at` DATETIME COMMENT 'When the payment was processed';
Executing (default): ALTER TABLE `payment_logs` CHANGE `created_at` `created_at` DATETIME NOT NULL;
Executing (default): ALTER TABLE `payment_logs` CHANGE `updated_at` `updated_at` DATETIME NOT NULL;
Executing (default): SHOW INDEX FROM `payment_logs` FROM `pdflab`
Executing (default): SELECT TABLE_NAME FROM INFORMATION_SCHEMA.TABLES WHERE TABLE_TYPE = 'BASE TABLE' AND TABLE_NAME = 'password_history' AND TABLE_SCHEMA = 'pdflab'
Executing (default): SHOW FULL COLUMNS FROM `password_history`;
Executing (default): SELECT CONSTRAINT_NAME as constraint_name,CONSTRAINT_NAME as constraintName,CONSTRAINT_SCHEMA as constraintSchema,CONSTRAINT_SCHEMA as constraintCatalog,TABLE_NAME as tableName,TABLE_SCHEMA as tableSchema,TABLE_SCHEMA as tableCatalog,COLUMN_NAME as columnName,REFERENCED_TABLE_SCHEMA as referencedTableSchema,REFERENCED_TABLE_SCHEMA as referencedTableCatalog,REFERENCED_TABLE_NAME as referencedTableName,REFERENCED_COLUMN_NAME as referencedColumnName FROM INFORMATION_SCHEMA.KEY_COLUMN_USAGE where TABLE_NAME = 'password_history' AND CONSTRAINT_NAME!='PRIMARY' AND CONSTRAINT_SCHEMA='pdflab' AND REFERENCED_TABLE_NAME IS NOT NULL;
Executing (default): SELECT CONSTRAINT_CATALOG AS constraintCatalog, CONSTRAINT_NAME AS constraintName, CONSTRAINT_SCHEMA AS constraintSchema, CONSTRAINT_TYPE AS constraintType, TABLE_NAME AS tableName, TABLE_SCHEMA AS tableSchema from INFORMATION_SCHEMA.TABLE_CONSTRAINTS WHERE table_name='password_history' AND constraint_name = 'password_history_ibfk_1' AND TABLE_SCHEMA = 'pdflab';
Executing (default): ALTER TABLE `password_history` DROP FOREIGN KEY `password_history_ibfk_1`;
Executing (default): ALTER TABLE `password_history` ADD FOREIGN KEY (`user_id`) REFERENCES `users` (`id`) ON DELETE CASCADE ON UPDATE CASCADE;
Executing (default): ALTER TABLE `password_history` CHANGE `password_hash` `password_hash` VARCHAR(255) NOT NULL;
Executing (default): ALTER TABLE `password_history` CHANGE `created_at` `created_at` DATETIME NOT NULL;
Executing (default): SHOW INDEX FROM `password_history` FROM `pdflab`
✓ Database synchronized successfully
✓ Redis client connected
🔧 Initializing Bull queues...
  Creating conversion queue...
  ✓ Conversion queue created
  Creating cleanup queue...
  ✓ Cleanup queue created
✓ Bull queues initialized
✓ Initializing conversion worker...
✓ Initializing cleanup worker...
✓ Job workers initialized
[Quota Reset] Initializing monthly quota reset cron job...
[Quota Reset] Schedule: 0 0 1 * * (1st of month at midnight)
✓ Quota reset cron job initialized and scheduled
✓ Next reset: 2025-12-01T00:00:00.000-05:00
✓ Monthly quota reset scheduled
✓ PDFLab API Server running
✓ Environment: development
✓ Port: 3006
✓ Health check: http://localhost:3006/health
✓ API endpoint: http://localhost:3006/api
[0mGET /api/health [33m404[0m 4.901 ms - 348[0m
[Guest Quota] Validating: {
  sessionId: 'guest_33d074d2-b5a3-4dea-8d9b-7bb85fde8e54',
  ipAddress: '::1'
}
[Guest Quota] Validation result: {
  allowed: true,
  session: {
    sessionId: 'guest_33d074d2-b5a3-4dea-8d9b-7bb85fde8e54',
    createdAt: 2025-11-03T18:44:17.562Z,
    conversionsUsed: 0,
    ipAddress: '::1'
  }
}
[Guest Quota] Allowed - proceeding
[Upload] user: none
[Upload] guestSession: exists
[Upload] isGuest: true
Executing (default): INSERT INTO `conversion_jobs` (`id`,`user_id`,`type`,`status`,`progress`,`input_file`,`file_name`,`file_size`,`estimated_time`,`created_at`,`updated_at`,`expires_at`) VALUES (?,?,?,?,?,?,?,?,?,?,?,?);
Executing (default): UPDATE `conversion_jobs` SET `status`=?,`updated_at`=? WHERE `id` = ?
[Conversion Worker] Processing job 5ee3768e-5c03-428b-a27b-fe0c1d8b3072 for user null
Executing (default): SELECT `id`, `user_id`, `type`, `status`, `progress`, `input_file`, `output_file`, `file_name`, `file_size`, `cloudconvert_job_id`, `error_message`, `estimated_time`, `processing_started_at`, `processing_completed_at`, `created_at`, `updated_at`, `expires_at`, `created_at` AS `createdAt`, `updated_at` AS `updatedAt` FROM `conversion_jobs` AS `ConversionJob` WHERE `ConversionJob`.`id` = '5ee3768e-5c03-428b-a27b-fe0c1d8b3072';
Executing (default): UPDATE `conversion_jobs` SET `status`=?,`processing_started_at`=?,`progress`=?,`updated_at`=? WHERE `id` = ?
[ANALYTICS] {"timestamp":"2025-11-03T18:44:17.674Z","event":"guest_file_upload","guestSessionId":"guest_33d074d2-b5a3-4dea-8d9b-7bb85fde8e54","isGuest":true,"properties":{"job_id":"5ee3768e-5c03-428b-a27b-fe0c1d8b3072","conversion_type":"pdf_to_pptx","file_size":13264,"file_name":"test-sample.pdf","funnel_step":"guest_upload"},"ipAddress":"::1"}
[0mPOST /api/upload [32m201[0m 108.272 ms - 333[0m
[Conversion Worker] Starting CloudConvert for job 5ee3768e-5c03-428b-a27b-fe0c1d8b3072
CloudConvert job created: a04c4d48-135c-401a-b13b-ec9f654d2576
Executing (default): SELECT `id`, `user_id`, `type`, `status`, `progress`, `input_file`, `output_file`, `file_name`, `file_size`, `cloudconvert_job_id`, `error_message`, `estimated_time`, `processing_started_at`, `processing_completed_at`, `created_at`, `updated_at`, `expires_at`, `created_at` AS `createdAt`, `updated_at` AS `updatedAt` FROM `conversion_jobs` AS `ConversionJob` WHERE `ConversionJob`.`id` = '5ee3768e-5c03-428b-a27b-fe0c1d8b3072';
[0mGET /api/status/5ee3768e-5c03-428b-a27b-fe0c1d8b3072 [32m200[0m 10.315 ms - 230[0m
[Guest Quota] Validating: {
  sessionId: 'guest_0cdea4af-7b5f-4a9e-bc4f-e38e22c32536',
  ipAddress: '::1'
}
[Guest Quota] Validation result: {
  allowed: false,
  reason: 'Guest conversion limit reached. You can convert again in 24 hours, or create a free account for 3 conversions per month.',
  resetAt: 2025-11-04T18:44:17.722Z
}
[Guest Quota] Blocked: Guest conversion limit reached. You can convert again in 24 hours, or create a free account for 3 conversions per month.
[0mPOST /api/upload [33m429[0m 7.215 ms - 298[0m
File uploaded to CloudConvert: C:\Users\Mac\OneDrive\Desktop\Projects\PDFLab\backend\storage\uploads\guest\0241f502-e45b-48d8-8522-8a1a6881ed6c\1762195457580-test-sample.pdf
CloudConvert job completed: a04c4d48-135c-401a-b13b-ec9f654d2576
Converted file downloaded: C:\Users\Mac\OneDrive\Desktop\Projects\PDFLab\backend\storage\outputs\guest\5ee3768e-5c03-428b-a27b-fe0c1d8b3072\test-sample.pptx
Executing (default): UPDATE `conversion_jobs` SET `status`=?,`output_file`=?,`progress`=?,`processing_completed_at`=?,`cloudconvert_job_id`=?,`updated_at`=? WHERE `id` = ?
[Conversion Worker] Job 5ee3768e-5c03-428b-a27b-fe0c1d8b3072 completed successfully in 3046ms
✓ Conversion job 41 completed: {
  success: true,
  output_file: 'C:\\Users\\Mac\\OneDrive\\Desktop\\Projects\\PDFLab\\backend\\storage\\outputs\\guest\\5ee3768e-5c03-428b-a27b-fe0c1d8b3072\\test-sample.pptx',
  processing_time: 3046
}
Executing (default): SELECT `id`, `user_id`, `type`, `status`, `progress`, `input_file`, `output_file`, `file_name`, `file_size`, `cloudconvert_job_id`, `error_message`, `estimated_time`, `processing_started_at`, `processing_completed_at`, `created_at`, `updated_at`, `expires_at`, `created_at` AS `createdAt`, `updated_at` AS `updatedAt` FROM `conversion_jobs` AS `ConversionJob` WHERE `ConversionJob`.`id` = '5ee3768e-5c03-428b-a27b-fe0c1d8b3072';
[ANALYTICS] {"timestamp":"2025-11-03T18:47:19.281Z","event":"guest_file_download","isGuest":true,"properties":{"job_id":"5ee3768e-5c03-428b-a27b-fe0c1d8b3072","funnel_step":"guest_download"},"ipAddress":"::1","userAgent":"curl/8.12.1"}
[0mGET /api/download/5ee3768e-5c03-428b-a27b-fe0c1d8b3072 [32m200[0m 15.414 ms - -[0m
Executing (default): SELECT 1+1 AS result
✓ Database connection established successfully
[0mGET /health [32m200[0m 25.454 ms - -[0m
Executing (default): SELECT 1+1 AS result
✓ Database connection established successfully
[0mGET /health [32m200[0m 6.459 ms - -[0m
[Guest Quota] Validating: {
  sessionId: 'guest_407d1f61-807f-459c-b187-39d02754fd94',
  ipAddress: '::1'
}
[Guest Quota] Validation result: {
  allowed: false,
  reason: 'Guest conversion limit reached. You can convert again in 24 hours, or create a free account for 3 conversions per month.',
  resetAt: 2025-11-04T18:44:17.676Z
}
[Guest Quota] Blocked: Guest conversion limit reached. You can convert again in 24 hours, or create a free account for 3 conversions per month.
[0mPOST /api/upload [33m429[0m 4.289 ms - 298[0m
20:50:59 [tsx] change in ./src\services\guest-session.service.ts Restarting...
c⚠ Email service not configured - missing SMTP credentials
  Emails will be logged to console only (development mode)
🚀 Starting PDFLab Backend API...
Executing (default): SELECT 1+1 AS result
✓ Database connection established successfully
Executing (default): SELECT TABLE_NAME FROM INFORMATION_SCHEMA.TABLES WHERE TABLE_TYPE = 'BASE TABLE' AND TABLE_NAME = 'users' AND TABLE_SCHEMA = 'pdflab'
Executing (default): SHOW FULL COLUMNS FROM `users`;
Executing (default): SELECT CONSTRAINT_NAME as constraint_name,CONSTRAINT_NAME as constraintName,CONSTRAINT_SCHEMA as constraintSchema,CONSTRAINT_SCHEMA as constraintCatalog,TABLE_NAME as tableName,TABLE_SCHEMA as tableSchema,TABLE_SCHEMA as tableCatalog,COLUMN_NAME as columnName,REFERENCED_TABLE_SCHEMA as referencedTableSchema,REFERENCED_TABLE_SCHEMA as referencedTableCatalog,REFERENCED_TABLE_NAME as referencedTableName,REFERENCED_COLUMN_NAME as referencedColumnName FROM INFORMATION_SCHEMA.KEY_COLUMN_USAGE where TABLE_NAME = 'users' AND CONSTRAINT_NAME!='PRIMARY' AND CONSTRAINT_SCHEMA='pdflab' AND REFERENCED_TABLE_NAME IS NOT NULL;
Executing (default): ALTER TABLE `users` CHANGE `email` `email` VARCHAR(255) NOT NULL UNIQUE;
Executing (default): ALTER TABLE `users` CHANGE `password_hash` `password_hash` VARCHAR(255) NOT NULL;
Executing (default): ALTER TABLE `users` CHANGE `name` `name` VARCHAR(255);
Executing (default): ALTER TABLE `users` CHANGE `role` `role` ENUM('user', 'support', 'finance', 'admin', 'super_admin') NOT NULL DEFAULT 'user';
Executing (default): ALTER TABLE `users` CHANGE `plan` `plan` ENUM('free', 'starter', 'pro', 'enterprise') NOT NULL DEFAULT 'free';
Executing (default): ALTER TABLE `users` CHANGE `conversions_used` `conversions_used` INTEGER NOT NULL DEFAULT 0;
Executing (default): ALTER TABLE `users` CHANGE `conversions_limit` `conversions_limit` INTEGER NOT NULL DEFAULT 3;
Executing (default): ALTER TABLE `users` CHANGE `stripe_customer_id` `stripe_customer_id` VARCHAR(255);
Executing (default): ALTER TABLE `users` CHANGE `subscription_id` `subscription_id` VARCHAR(255);
Executing (default): ALTER TABLE `users` CHANGE `subscription_status` `subscription_status` ENUM('active', 'canceled', 'past_due', 'trialing');
Executing (default): ALTER TABLE `users` CHANGE `subscription_end_date` `subscription_end_date` DATETIME;
Executing (default): ALTER TABLE `users` CHANGE `failed_reset_attempts` `failed_reset_attempts` INTEGER NOT NULL DEFAULT 0;
Executing (default): ALTER TABLE `users` CHANGE `reset_locked_until` `reset_locked_until` DATETIME;
Executing (default): ALTER TABLE `users` CHANGE `created_at` `created_at` DATETIME NOT NULL;
Executing (default): ALTER TABLE `users` CHANGE `updated_at` `updated_at` DATETIME NOT NULL;
Executing (default): ALTER TABLE `users` CHANGE `last_login` `last_login` DATETIME;
Executing (default): SHOW INDEX FROM `users` FROM `pdflab`
Executing (default): SELECT TABLE_NAME FROM INFORMATION_SCHEMA.TABLES WHERE TABLE_TYPE = 'BASE TABLE' AND TABLE_NAME = 'admin_audit_logs' AND TABLE_SCHEMA = 'pdflab'
Executing (default): SHOW FULL COLUMNS FROM `admin_audit_logs`;
Executing (default): SELECT CONSTRAINT_NAME as constraint_name,CONSTRAINT_NAME as constraintName,CONSTRAINT_SCHEMA as constraintSchema,CONSTRAINT_SCHEMA as constraintCatalog,TABLE_NAME as tableName,TABLE_SCHEMA as tableSchema,TABLE_SCHEMA as tableCatalog,COLUMN_NAME as columnName,REFERENCED_TABLE_SCHEMA as referencedTableSchema,REFERENCED_TABLE_SCHEMA as referencedTableCatalog,REFERENCED_TABLE_NAME as referencedTableName,REFERENCED_COLUMN_NAME as referencedColumnName FROM INFORMATION_SCHEMA.KEY_COLUMN_USAGE where TABLE_NAME = 'admin_audit_logs' AND CONSTRAINT_NAME!='PRIMARY' AND CONSTRAINT_SCHEMA='pdflab' AND REFERENCED_TABLE_NAME IS NOT NULL;
Executing (default): SELECT CONSTRAINT_CATALOG AS constraintCatalog, CONSTRAINT_NAME AS constraintName, CONSTRAINT_SCHEMA AS constraintSchema, CONSTRAINT_TYPE AS constraintType, TABLE_NAME AS tableName, TABLE_SCHEMA AS tableSchema from INFORMATION_SCHEMA.TABLE_CONSTRAINTS WHERE table_name='admin_audit_logs' AND constraint_name = 'admin_audit_logs_ibfk_1' AND TABLE_SCHEMA = 'pdflab';
Executing (default): ALTER TABLE `admin_audit_logs` DROP FOREIGN KEY `admin_audit_logs_ibfk_1`;
Executing (default): ALTER TABLE `admin_audit_logs` ADD FOREIGN KEY (`admin_user_id`) REFERENCES `users` (`id`) ON DELETE CASCADE ON UPDATE CASCADE;
Executing (default): ALTER TABLE `admin_audit_logs` CHANGE `action` `action` VARCHAR(100) NOT NULL;
Executing (default): ALTER TABLE `admin_audit_logs` CHANGE `entity_type` `entity_type` VARCHAR(50) NOT NULL;
Executing (default): ALTER TABLE `admin_audit_logs` CHANGE `entity_id` `entity_id` CHAR(36) BINARY;
Executing (default): ALTER TABLE `admin_audit_logs` CHANGE `changes` `changes` JSON;
Executing (default): ALTER TABLE `admin_audit_logs` CHANGE `ip_address` `ip_address` VARCHAR(45);
Executing (default): ALTER TABLE `admin_audit_logs` CHANGE `user_agent` `user_agent` TEXT;
Executing (default): ALTER TABLE `admin_audit_logs` CHANGE `severity` `severity` ENUM('info', 'warning', 'critical') NOT NULL DEFAULT 'info';
Executing (default): ALTER TABLE `admin_audit_logs` CHANGE `checksum` `checksum` VARCHAR(64);
Executing (default): ALTER TABLE `admin_audit_logs` CHANGE `created_at` `created_at` DATETIME NOT NULL;
Executing (default): SHOW INDEX FROM `admin_audit_logs` FROM `pdflab`
Executing (default): SELECT TABLE_NAME FROM INFORMATION_SCHEMA.TABLES WHERE TABLE_TYPE = 'BASE TABLE' AND TABLE_NAME = 'system_health_logs' AND TABLE_SCHEMA = 'pdflab'
Executing (default): SHOW FULL COLUMNS FROM `system_health_logs`;
Executing (default): SELECT CONSTRAINT_NAME as constraint_name,CONSTRAINT_NAME as constraintName,CONSTRAINT_SCHEMA as constraintSchema,CONSTRAINT_SCHEMA as constraintCatalog,TABLE_NAME as tableName,TABLE_SCHEMA as tableSchema,TABLE_SCHEMA as tableCatalog,COLUMN_NAME as columnName,REFERENCED_TABLE_SCHEMA as referencedTableSchema,REFERENCED_TABLE_SCHEMA as referencedTableCatalog,REFERENCED_TABLE_NAME as referencedTableName,REFERENCED_COLUMN_NAME as referencedColumnName FROM INFORMATION_SCHEMA.KEY_COLUMN_USAGE where TABLE_NAME = 'system_health_logs' AND CONSTRAINT_NAME!='PRIMARY' AND CONSTRAINT_SCHEMA='pdflab' AND REFERENCED_TABLE_NAME IS NOT NULL;
Executing (default): ALTER TABLE `system_health_logs` CHANGE `metric_name` `metric_name` VARCHAR(100) NOT NULL;
Executing (default): ALTER TABLE `system_health_logs` CHANGE `metric_value` `metric_value` DECIMAL(10,2);
Executing (default): ALTER TABLE `system_health_logs` CHANGE `status` `status` ENUM('healthy', 'warning', 'critical') NOT NULL DEFAULT 'healthy';
Executing (default): ALTER TABLE `system_health_logs` CHANGE `details` `details` JSON;
Executing (default): ALTER TABLE `system_health_logs` CHANGE `created_at` `created_at` DATETIME NOT NULL;
Executing (default): SHOW INDEX FROM `system_health_logs` FROM `pdflab`
Executing (default): SELECT TABLE_NAME FROM INFORMATION_SCHEMA.TABLES WHERE TABLE_TYPE = 'BASE TABLE' AND TABLE_NAME = 'conversion_jobs' AND TABLE_SCHEMA = 'pdflab'
Executing (default): SHOW FULL COLUMNS FROM `conversion_jobs`;
Executing (default): SELECT CONSTRAINT_NAME as constraint_name,CONSTRAINT_NAME as constraintName,CONSTRAINT_SCHEMA as constraintSchema,CONSTRAINT_SCHEMA as constraintCatalog,TABLE_NAME as tableName,TABLE_SCHEMA as tableSchema,TABLE_SCHEMA as tableCatalog,COLUMN_NAME as columnName,REFERENCED_TABLE_SCHEMA as referencedTableSchema,REFERENCED_TABLE_SCHEMA as referencedTableCatalog,REFERENCED_TABLE_NAME as referencedTableName,REFERENCED_COLUMN_NAME as referencedColumnName FROM INFORMATION_SCHEMA.KEY_COLUMN_USAGE where TABLE_NAME = 'conversion_jobs' AND CONSTRAINT_NAME!='PRIMARY' AND CONSTRAINT_SCHEMA='pdflab' AND REFERENCED_TABLE_NAME IS NOT NULL;
Executing (default): ALTER TABLE `conversion_jobs` CHANGE `user_id` `user_id` CHAR(36) BINARY;
Executing (default): ALTER TABLE `conversion_jobs` CHANGE `type` `type` ENUM('pdf_to_pptx', 'pdf_to_docx', 'pdf_to_xlsx', 'pdf_to_images', 'pdf_merge') NOT NULL;
Executing (default): ALTER TABLE `conversion_jobs` CHANGE `status` `status` ENUM('pending', 'queued', 'processing', 'completed', 'failed') NOT NULL DEFAULT 'pending';
Executing (default): ALTER TABLE `conversion_jobs` CHANGE `progress` `progress` INTEGER NOT NULL DEFAULT 0;
Executing (default): ALTER TABLE `conversion_jobs` CHANGE `input_file` `input_file` VARCHAR(500);
Executing (default): ALTER TABLE `conversion_jobs` CHANGE `output_file` `output_file` VARCHAR(500);
Executing (default): ALTER TABLE `conversion_jobs` CHANGE `file_name` `file_name` VARCHAR(255) NOT NULL;
Executing (default): ALTER TABLE `conversion_jobs` CHANGE `file_size` `file_size` BIGINT NOT NULL;
Executing (default): ALTER TABLE `conversion_jobs` CHANGE `cloudconvert_job_id` `cloudconvert_job_id` VARCHAR(255);
Executing (default): ALTER TABLE `conversion_jobs` CHANGE `error_message` `error_message` TEXT;
Executing (default): ALTER TABLE `conversion_jobs` CHANGE `estimated_time` `estimated_time` INTEGER COMMENT 'Estimated processing time in seconds';
Executing (default): ALTER TABLE `conversion_jobs` CHANGE `processing_started_at` `processing_started_at` DATETIME;
Executing (default): ALTER TABLE `conversion_jobs` CHANGE `processing_completed_at` `processing_completed_at` DATETIME;
Executing (default): ALTER TABLE `conversion_jobs` CHANGE `created_at` `created_at` DATETIME NOT NULL;
Executing (default): ALTER TABLE `conversion_jobs` CHANGE `updated_at` `updated_at` DATETIME NOT NULL;
Executing (default): ALTER TABLE `conversion_jobs` CHANGE `expires_at` `expires_at` DATETIME NOT NULL;
Executing (default): SHOW INDEX FROM `conversion_jobs` FROM `pdflab`
Executing (default): SELECT TABLE_NAME FROM INFORMATION_SCHEMA.TABLES WHERE TABLE_TYPE = 'BASE TABLE' AND TABLE_NAME = 'usage_logs' AND TABLE_SCHEMA = 'pdflab'
Executing (default): SHOW FULL COLUMNS FROM `usage_logs`;
Executing (default): SELECT CONSTRAINT_NAME as constraint_name,CONSTRAINT_NAME as constraintName,CONSTRAINT_SCHEMA as constraintSchema,CONSTRAINT_SCHEMA as constraintCatalog,TABLE_NAME as tableName,TABLE_SCHEMA as tableSchema,TABLE_SCHEMA as tableCatalog,COLUMN_NAME as columnName,REFERENCED_TABLE_SCHEMA as referencedTableSchema,REFERENCED_TABLE_SCHEMA as referencedTableCatalog,REFERENCED_TABLE_NAME as referencedTableName,REFERENCED_COLUMN_NAME as referencedColumnName FROM INFORMATION_SCHEMA.KEY_COLUMN_USAGE where TABLE_NAME = 'usage_logs' AND CONSTRAINT_NAME!='PRIMARY' AND CONSTRAINT_SCHEMA='pdflab' AND REFERENCED_TABLE_NAME IS NOT NULL;
Executing (default): SELECT CONSTRAINT_CATALOG AS constraintCatalog, CONSTRAINT_NAME AS constraintName, CONSTRAINT_SCHEMA AS constraintSchema, CONSTRAINT_TYPE AS constraintType, TABLE_NAME AS tableName, TABLE_SCHEMA AS tableSchema from INFORMATION_SCHEMA.TABLE_CONSTRAINTS WHERE table_name='usage_logs' AND constraint_name = 'usage_logs_ibfk_73' AND TABLE_SCHEMA = 'pdflab';
Executing (default): ALTER TABLE `usage_logs` DROP FOREIGN KEY `usage_logs_ibfk_73`;
Executing (default): ALTER TABLE `usage_logs` ADD FOREIGN KEY (`user_id`) REFERENCES `users` (`id`) ON DELETE CASCADE ON UPDATE CASCADE;
Executing (default): SELECT CONSTRAINT_CATALOG AS constraintCatalog, CONSTRAINT_NAME AS constraintName, CONSTRAINT_SCHEMA AS constraintSchema, CONSTRAINT_TYPE AS constraintType, TABLE_NAME AS tableName, TABLE_SCHEMA AS tableSchema from INFORMATION_SCHEMA.TABLE_CONSTRAINTS WHERE table_name='usage_logs' AND constraint_name = 'usage_logs_ibfk_74' AND TABLE_SCHEMA = 'pdflab';
Executing (default): ALTER TABLE `usage_logs` DROP FOREIGN KEY `usage_logs_ibfk_74`;
Executing (default): ALTER TABLE `usage_logs` ADD FOREIGN KEY (`job_id`) REFERENCES `conversion_jobs` (`id`) ON DELETE SET NULL ON UPDATE CASCADE;
Executing (default): ALTER TABLE `usage_logs` CHANGE `operation_type` `operation_type` VARCHAR(50) NOT NULL;
Executing (default): ALTER TABLE `usage_logs` CHANGE `success` `success` TINYINT(1) NOT NULL DEFAULT false;
Executing (default): ALTER TABLE `usage_logs` CHANGE `processing_time` `processing_time` INTEGER COMMENT 'Processing time in milliseconds';
Executing (default): ALTER TABLE `usage_logs` CHANGE `file_size` `file_size` BIGINT NOT NULL;
Executing (default): ALTER TABLE `usage_logs` CHANGE `error_code` `error_code` VARCHAR(50);
Executing (default): ALTER TABLE `usage_logs` CHANGE `timestamp` `timestamp` DATETIME NOT NULL;
Executing (default): SHOW INDEX FROM `usage_logs` FROM `pdflab`
Executing (default): SELECT TABLE_NAME FROM INFORMATION_SCHEMA.TABLES WHERE TABLE_TYPE = 'BASE TABLE' AND TABLE_NAME = 'subscriptions' AND TABLE_SCHEMA = 'pdflab'
Executing (default): SHOW FULL COLUMNS FROM `subscriptions`;
Executing (default): SELECT CONSTRAINT_NAME as constraint_name,CONSTRAINT_NAME as constraintName,CONSTRAINT_SCHEMA as constraintSchema,CONSTRAINT_SCHEMA as constraintCatalog,TABLE_NAME as tableName,TABLE_SCHEMA as tableSchema,TABLE_SCHEMA as tableCatalog,COLUMN_NAME as columnName,REFERENCED_TABLE_SCHEMA as referencedTableSchema,REFERENCED_TABLE_SCHEMA as referencedTableCatalog,REFERENCED_TABLE_NAME as referencedTableName,REFERENCED_COLUMN_NAME as referencedColumnName FROM INFORMATION_SCHEMA.KEY_COLUMN_USAGE where TABLE_NAME = 'subscriptions' AND CONSTRAINT_NAME!='PRIMARY' AND CONSTRAINT_SCHEMA='pdflab' AND REFERENCED_TABLE_NAME IS NOT NULL;
Executing (default): SELECT CONSTRAINT_CATALOG AS constraintCatalog, CONSTRAINT_NAME AS constraintName, CONSTRAINT_SCHEMA AS constraintSchema, CONSTRAINT_TYPE AS constraintType, TABLE_NAME AS tableName, TABLE_SCHEMA AS tableSchema from INFORMATION_SCHEMA.TABLE_CONSTRAINTS WHERE table_name='subscriptions' AND constraint_name = 'subscriptions_ibfk_1' AND TABLE_SCHEMA = 'pdflab';
Executing (default): ALTER TABLE `subscriptions` DROP FOREIGN KEY `subscriptions_ibfk_1`;
Executing (default): ALTER TABLE `subscriptions` ADD FOREIGN KEY (`user_id`) REFERENCES `users` (`id`) ON DELETE CASCADE ON UPDATE CASCADE;
Executing (default): ALTER TABLE `subscriptions` CHANGE `plan` `plan` ENUM('free', 'starter', 'pro', 'enterprise') NOT NULL DEFAULT 'free';
Executing (default): ALTER TABLE `subscriptions` CHANGE `status` `status` ENUM('active', 'canceled', 'past_due', 'trialing', 'pending') NOT NULL DEFAULT 'pending';
Executing (default): ALTER TABLE `subscriptions` CHANGE `payfast_token` `payfast_token` VARCHAR(255) COMMENT 'PayFast subscription token for recurring payments';
Executing (default): ALTER TABLE `subscriptions` CHANGE `payfast_subscription_id` `payfast_subscription_id` VARCHAR(255) COMMENT 'PayFast subscription ID';
Executing (default): ALTER TABLE `subscriptions` CHANGE `amount` `amount` DECIMAL(10,2) NOT NULL COMMENT 'Subscription amount in currency';
Executing (default): ALTER TABLE `subscriptions` CHANGE `currency` `currency` VARCHAR(3) NOT NULL DEFAULT 'USD' COMMENT 'Currency code (USD for United States Dollar)';
Executing (default): ALTER TABLE `subscriptions` CHANGE `billing_date` `billing_date` DATETIME COMMENT 'First billing date';
Executing (default): ALTER TABLE `subscriptions` CHANGE `next_billing_date` `next_billing_date` DATETIME COMMENT 'Next billing date for recurring subscription';
Executing (default): ALTER TABLE `subscriptions` CHANGE `cancel_at` `cancel_at` DATETIME COMMENT 'Scheduled cancellation date';
Executing (default): ALTER TABLE `subscriptions` CHANGE `canceled_at` `canceled_at` DATETIME COMMENT 'Actual cancellation timestamp';
Executing (default): ALTER TABLE `subscriptions` CHANGE `trial_end` `trial_end` DATETIME COMMENT 'Trial period end date';
Executing (default): ALTER TABLE `subscriptions` CHANGE `started_at` `started_at` DATETIME NOT NULL COMMENT 'Subscription start date';
Executing (default): ALTER TABLE `subscriptions` CHANGE `ended_at` `ended_at` DATETIME COMMENT 'Subscription end date (if canceled)';
Executing (default): ALTER TABLE `subscriptions` CHANGE `created_at` `created_at` DATETIME NOT NULL;
Executing (default): ALTER TABLE `subscriptions` CHANGE `updated_at` `updated_at` DATETIME NOT NULL;
Executing (default): SHOW INDEX FROM `subscriptions` FROM `pdflab`
Executing (default): SELECT TABLE_NAME FROM INFORMATION_SCHEMA.TABLES WHERE TABLE_TYPE = 'BASE TABLE' AND TABLE_NAME = 'payment_logs' AND TABLE_SCHEMA = 'pdflab'
Executing (default): SHOW FULL COLUMNS FROM `payment_logs`;
Executing (default): SELECT CONSTRAINT_NAME as constraint_name,CONSTRAINT_NAME as constraintName,CONSTRAINT_SCHEMA as constraintSchema,CONSTRAINT_SCHEMA as constraintCatalog,TABLE_NAME as tableName,TABLE_SCHEMA as tableSchema,TABLE_SCHEMA as tableCatalog,COLUMN_NAME as columnName,REFERENCED_TABLE_SCHEMA as referencedTableSchema,REFERENCED_TABLE_SCHEMA as referencedTableCatalog,REFERENCED_TABLE_NAME as referencedTableName,REFERENCED_COLUMN_NAME as referencedColumnName FROM INFORMATION_SCHEMA.KEY_COLUMN_USAGE where TABLE_NAME = 'payment_logs' AND CONSTRAINT_NAME!='PRIMARY' AND CONSTRAINT_SCHEMA='pdflab' AND REFERENCED_TABLE_NAME IS NOT NULL;
Executing (default): SELECT CONSTRAINT_CATALOG AS constraintCatalog, CONSTRAINT_NAME AS constraintName, CONSTRAINT_SCHEMA AS constraintSchema, CONSTRAINT_TYPE AS constraintType, TABLE_NAME AS tableName, TABLE_SCHEMA AS tableSchema from INFORMATION_SCHEMA.TABLE_CONSTRAINTS WHERE table_name='payment_logs' AND constraint_name = 'payment_logs_ibfk_55' AND TABLE_SCHEMA = 'pdflab';
Executing (default): ALTER TABLE `payment_logs` DROP FOREIGN KEY `payment_logs_ibfk_55`;
Executing (default): ALTER TABLE `payment_logs` ADD FOREIGN KEY (`user_id`) REFERENCES `users` (`id`) ON DELETE CASCADE ON UPDATE CASCADE;
Executing (default): SELECT CONSTRAINT_CATALOG AS constraintCatalog, CONSTRAINT_NAME AS constraintName, CONSTRAINT_SCHEMA AS constraintSchema, CONSTRAINT_TYPE AS constraintType, TABLE_NAME AS tableName, TABLE_SCHEMA AS tableSchema from INFORMATION_SCHEMA.TABLE_CONSTRAINTS WHERE table_name='payment_logs' AND constraint_name = 'payment_logs_ibfk_56' AND TABLE_SCHEMA = 'pdflab';
Executing (default): ALTER TABLE `payment_logs` DROP FOREIGN KEY `payment_logs_ibfk_56`;
Executing (default): ALTER TABLE `payment_logs` ADD FOREIGN KEY (`subscription_id`) REFERENCES `subscriptions` (`id`) ON DELETE SET NULL ON UPDATE CASCADE;
Executing (default): ALTER TABLE `payment_logs` CHANGE `transaction_id` `transaction_id` VARCHAR(255) NOT NULL UNIQUE COMMENT 'Our internal transaction ID (m_payment_id)';
Executing (default): ALTER TABLE `payment_logs` CHANGE `payfast_payment_id` `payfast_payment_id` VARCHAR(255) COMMENT 'PayFast payment ID (pf_payment_id)';
Executing (default): ALTER TABLE `payment_logs` CHANGE `payment_type` `payment_type` ENUM('subscription', 'subscription_payment', 'one_time', 'refund') NOT NULL DEFAULT 'one_time';
Executing (default): ALTER TABLE `payment_logs` CHANGE `status` `status` ENUM('complete', 'failed', 'pending', 'cancelled') NOT NULL DEFAULT 'pending';
Executing (default): ALTER TABLE `payment_logs` CHANGE `amount_gross` `amount_gross` DECIMAL(10,2) NOT NULL COMMENT 'Gross amount before fees';
Executing (default): ALTER TABLE `payment_logs` CHANGE `amount_fee` `amount_fee` DECIMAL(10,2) NOT NULL DEFAULT 0 COMMENT 'PayFast processing fee';
Executing (default): ALTER TABLE `payment_logs` CHANGE `amount_net` `amount_net` DECIMAL(10,2) NOT NULL COMMENT 'Net amount after fees';
Executing (default): ALTER TABLE `payment_logs` CHANGE `currency` `currency` VARCHAR(3) NOT NULL DEFAULT 'USD';
Executing (default): ALTER TABLE `payment_logs` CHANGE `plan` `plan` VARCHAR(50) NOT NULL COMMENT 'Plan name (free, starter, pro, enterprise)';
Executing (default): ALTER TABLE `payment_logs` CHANGE `payment_method` `payment_method` VARCHAR(50) COMMENT 'Payment method used (eft, credit_card, etc.)';
Executing (default): ALTER TABLE `payment_logs` CHANGE `name_first` `name_first` VARCHAR(255) NOT NULL;
Executing (default): ALTER TABLE `payment_logs` CHANGE `name_last` `name_last` VARCHAR(255);
Executing (default): ALTER TABLE `payment_logs` CHANGE `email_address` `email_address` VARCHAR(255) NOT NULL;
Executing (default): ALTER TABLE `payment_logs` CHANGE `item_name` `item_name` VARCHAR(255) NOT NULL;
Executing (default): ALTER TABLE `payment_logs` CHANGE `item_description` `item_description` TEXT;
Executing (default): ALTER TABLE `payment_logs` CHANGE `custom_data` `custom_data` JSON COMMENT 'Custom data sent to PayFast';
Executing (default): ALTER TABLE `payment_logs` CHANGE `itn_data` `itn_data` JSON COMMENT 'Full ITN notification data from PayFast';
Executing (default): ALTER TABLE `payment_logs` CHANGE `error_message` `error_message` TEXT COMMENT 'Error message if payment failed';
Executing (default): ALTER TABLE `payment_logs` CHANGE `processed_at` `processed_at` DATETIME COMMENT 'When the payment was processed';
Executing (default): ALTER TABLE `payment_logs` CHANGE `created_at` `created_at` DATETIME NOT NULL;
Executing (default): ALTER TABLE `payment_logs` CHANGE `updated_at` `updated_at` DATETIME NOT NULL;
Executing (default): SHOW INDEX FROM `payment_logs` FROM `pdflab`
Executing (default): SELECT TABLE_NAME FROM INFORMATION_SCHEMA.TABLES WHERE TABLE_TYPE = 'BASE TABLE' AND TABLE_NAME = 'password_history' AND TABLE_SCHEMA = 'pdflab'
Executing (default): SHOW FULL COLUMNS FROM `password_history`;
Executing (default): SELECT CONSTRAINT_NAME as constraint_name,CONSTRAINT_NAME as constraintName,CONSTRAINT_SCHEMA as constraintSchema,CONSTRAINT_SCHEMA as constraintCatalog,TABLE_NAME as tableName,TABLE_SCHEMA as tableSchema,TABLE_SCHEMA as tableCatalog,COLUMN_NAME as columnName,REFERENCED_TABLE_SCHEMA as referencedTableSchema,REFERENCED_TABLE_SCHEMA as referencedTableCatalog,REFERENCED_TABLE_NAME as referencedTableName,REFERENCED_COLUMN_NAME as referencedColumnName FROM INFORMATION_SCHEMA.KEY_COLUMN_USAGE where TABLE_NAME = 'password_history' AND CONSTRAINT_NAME!='PRIMARY' AND CONSTRAINT_SCHEMA='pdflab' AND REFERENCED_TABLE_NAME IS NOT NULL;
Executing (default): SELECT CONSTRAINT_CATALOG AS constraintCatalog, CONSTRAINT_NAME AS constraintName, CONSTRAINT_SCHEMA AS constraintSchema, CONSTRAINT_TYPE AS constraintType, TABLE_NAME AS tableName, TABLE_SCHEMA AS tableSchema from INFORMATION_SCHEMA.TABLE_CONSTRAINTS WHERE table_name='password_history' AND constraint_name = 'password_history_ibfk_1' AND TABLE_SCHEMA = 'pdflab';
Executing (default): ALTER TABLE `password_history` DROP FOREIGN KEY `password_history_ibfk_1`;
Executing (default): ALTER TABLE `password_history` ADD FOREIGN KEY (`user_id`) REFERENCES `users` (`id`) ON DELETE CASCADE ON UPDATE CASCADE;
Executing (default): ALTER TABLE `password_history` CHANGE `password_hash` `password_hash` VARCHAR(255) NOT NULL;
Executing (default): ALTER TABLE `password_history` CHANGE `created_at` `created_at` DATETIME NOT NULL;
Executing (default): SHOW INDEX FROM `password_history` FROM `pdflab`
✓ Database synchronized successfully
✓ Redis client connected
🔧 Initializing Bull queues...
  Creating conversion queue...
  ✓ Conversion queue created
  Creating cleanup queue...
  ✓ Cleanup queue created
✓ Bull queues initialized
✓ Initializing conversion worker...
✓ Initializing cleanup worker...
✓ Job workers initialized
[Quota Reset] Initializing monthly quota reset cron job...
[Quota Reset] Schedule: 0 0 1 * * (1st of month at midnight)
✓ Quota reset cron job initialized and scheduled
✓ Next reset: 2025-12-01T00:00:00.000-05:00
✓ Monthly quota reset scheduled
✓ PDFLab API Server running
✓ Environment: development
✓ Port: 3006
✓ Health check: http://localhost:3006/health
✓ API endpoint: http://localhost:3006/api
Executing (default): SELECT 1+1 AS result
✓ Database connection established successfully
[0mGET /health [32m200[0m 25.754 ms - 11747[0m
Executing (default): SELECT 1+1 AS result
✓ Database connection established successfully
[0mGET /health [32m200[0m 22.215 ms - -[0m
Executing (default): SELECT 1+1 AS result
✓ Database connection established successfully
[0mGET /health [32m200[0m 7.002 ms - -[0m
Executing (default): SELECT 1+1 AS result
✓ Database connection established successfully
[0mGET /health [32m200[0m 9.714 ms - -[0m
Executing (default): SELECT 1+1 AS result
✓ Database connection established successfully
[0mGET /health [32m200[0m 7.025 ms - -[0m
[Guest Quota] Validating: {
  sessionId: 'guest_f329efb8-59b8-4195-b362-5975cd52ad6c',
  ipAddress: '::1'
}
[Guest Quota] Validation result: {
  allowed: true,
  session: {
    sessionId: 'guest_f329efb8-59b8-4195-b362-5975cd52ad6c',
    createdAt: 2025-11-03T18:52:33.542Z,
    conversionsUsed: 0,
    ipAddress: '::1'
  }
}
[Guest Quota] Allowed - proceeding
[Upload] user: none
[Upload] guestSession: exists
[Upload] isGuest: true
Executing (default): INSERT INTO `conversion_jobs` (`id`,`user_id`,`type`,`status`,`progress`,`input_file`,`file_name`,`file_size`,`estimated_time`,`created_at`,`updated_at`,`expires_at`) VALUES (?,?,?,?,?,?,?,?,?,?,?,?);
Executing (default): UPDATE `conversion_jobs` SET `status`=?,`updated_at`=? WHERE `id` = ?
[Conversion Worker] Processing job dcefe5a2-6b90-414f-b36c-825cbab91bf2 for user null
Executing (default): SELECT `id`, `user_id`, `type`, `status`, `progress`, `input_file`, `output_file`, `file_name`, `file_size`, `cloudconvert_job_id`, `error_message`, `estimated_time`, `processing_started_at`, `processing_completed_at`, `created_at`, `updated_at`, `expires_at`, `created_at` AS `createdAt`, `updated_at` AS `updatedAt` FROM `conversion_jobs` AS `ConversionJob` WHERE `ConversionJob`.`id` = 'dcefe5a2-6b90-414f-b36c-825cbab91bf2';
Executing (default): UPDATE `conversion_jobs` SET `status`=?,`processing_started_at`=?,`progress`=?,`updated_at`=? WHERE `id` = ?
[ANALYTICS] {"timestamp":"2025-11-03T18:52:33.645Z","event":"guest_file_upload","guestSessionId":"guest_f329efb8-59b8-4195-b362-5975cd52ad6c","isGuest":true,"properties":{"job_id":"dcefe5a2-6b90-414f-b36c-825cbab91bf2","conversion_type":"pdf_to_pptx","file_size":48180,"file_name":"Capitec Proof of Account malibongwe mkela.pdf","funnel_step":"guest_upload"},"ipAddress":"::1","userAgent":"Mozilla/5.0 (Windows NT 10.0; Win64; x64) AppleWebKit/537.36 (KHTML, like Gecko) Chrome/142.0.0.0 Safari/537.36"}
[0mPOST /api/upload [32m201[0m 98.859 ms - 333[0m
Executing (default): SELECT `id`, `user_id`, `type`, `status`, `progress`, `input_file`, `output_file`, `file_name`, `file_size`, `cloudconvert_job_id`, `error_message`, `estimated_time`, `processing_started_at`, `processing_completed_at`, `created_at`, `updated_at`, `expires_at`, `created_at` AS `createdAt`, `updated_at` AS `updatedAt` FROM `conversion_jobs` AS `ConversionJob` WHERE `ConversionJob`.`id` = 'dcefe5a2-6b90-414f-b36c-825cbab91bf2';
[Conversion Worker] Starting CloudConvert for job dcefe5a2-6b90-414f-b36c-825cbab91bf2
[0mGET /api/status/dcefe5a2-6b90-414f-b36c-825cbab91bf2 [32m200[0m 67.501 ms - 230[0m
CloudConvert job created: 8b7d0500-d5ef-40fe-bb96-b2eaeedb81f4
Executing (default): SELECT `id`, `user_id`, `type`, `status`, `progress`, `input_file`, `output_file`, `file_name`, `file_size`, `cloudconvert_job_id`, `error_message`, `estimated_time`, `processing_started_at`, `processing_completed_at`, `created_at`, `updated_at`, `expires_at`, `created_at` AS `createdAt`, `updated_at` AS `updatedAt` FROM `conversion_jobs` AS `ConversionJob` WHERE `ConversionJob`.`id` = 'dcefe5a2-6b90-414f-b36c-825cbab91bf2';
[0mGET /api/status/dcefe5a2-6b90-414f-b36c-825cbab91bf2 [32m200[0m 7.525 ms - 230[0m
File uploaded to CloudConvert: C:\Users\Mac\OneDrive\Desktop\Projects\PDFLab\backend\storage\uploads\guest\9b4ea908-36b6-441b-9c74-7edcb2345654\1762195953567-Capitec-Proof-of-Account-malibongwe-mkela.pdf
Executing (default): SELECT `id`, `user_id`, `type`, `status`, `progress`, `input_file`, `output_file`, `file_name`, `file_size`, `cloudconvert_job_id`, `error_message`, `estimated_time`, `processing_started_at`, `processing_completed_at`, `created_at`, `updated_at`, `expires_at`, `created_at` AS `createdAt`, `updated_at` AS `updatedAt` FROM `conversion_jobs` AS `ConversionJob` WHERE `ConversionJob`.`id` = 'dcefe5a2-6b90-414f-b36c-825cbab91bf2';
[0mGET /api/status/dcefe5a2-6b90-414f-b36c-825cbab91bf2 [32m200[0m 6.845 ms - 230[0m
CloudConvert job completed: 8b7d0500-d5ef-40fe-bb96-b2eaeedb81f4
Executing (default): SELECT `id`, `user_id`, `type`, `status`, `progress`, `input_file`, `output_file`, `file_name`, `file_size`, `cloudconvert_job_id`, `error_message`, `estimated_time`, `processing_started_at`, `processing_completed_at`, `created_at`, `updated_at`, `expires_at`, `created_at` AS `createdAt`, `updated_at` AS `updatedAt` FROM `conversion_jobs` AS `ConversionJob` WHERE `ConversionJob`.`id` = 'dcefe5a2-6b90-414f-b36c-825cbab91bf2';
[0mGET /api/status/dcefe5a2-6b90-414f-b36c-825cbab91bf2 [32m200[0m 3.809 ms - 230[0m
Converted file downloaded: C:\Users\Mac\OneDrive\Desktop\Projects\PDFLab\backend\storage\outputs\guest\dcefe5a2-6b90-414f-b36c-825cbab91bf2\Capitec Proof of Account malibongwe mkela.pptx
Executing (default): UPDATE `conversion_jobs` SET `status`=?,`output_file`=?,`progress`=?,`processing_completed_at`=?,`cloudconvert_job_id`=?,`updated_at`=? WHERE `id` = ?
[Conversion Worker] Job dcefe5a2-6b90-414f-b36c-825cbab91bf2 completed successfully in 3541ms
✓ Conversion job 42 completed: {
  success: true,
  output_file: 'C:\\Users\\Mac\\OneDrive\\Desktop\\Projects\\PDFLab\\backend\\storage\\outputs\\guest\\dcefe5a2-6b90-414f-b36c-825cbab91bf2\\Capitec Proof of Account malibongwe mkela.pptx',
  processing_time: 3541
}
Executing (default): SELECT `id`, `user_id`, `type`, `status`, `progress`, `input_file`, `output_file`, `file_name`, `file_size`, `cloudconvert_job_id`, `error_message`, `estimated_time`, `processing_started_at`, `processing_completed_at`, `created_at`, `updated_at`, `expires_at`, `created_at` AS `createdAt`, `updated_at` AS `updatedAt` FROM `conversion_jobs` AS `ConversionJob` WHERE `ConversionJob`.`id` = 'dcefe5a2-6b90-414f-b36c-825cbab91bf2';
[0mGET /api/status/dcefe5a2-6b90-414f-b36c-825cbab91bf2 [32m200[0m 3.843 ms - 264[0m
Executing (default): SELECT `id`, `user_id`, `type`, `status`, `progress`, `input_file`, `output_file`, `file_name`, `file_size`, `cloudconvert_job_id`, `error_message`, `estimated_time`, `processing_started_at`, `processing_completed_at`, `created_at`, `updated_at`, `expires_at`, `created_at` AS `createdAt`, `updated_at` AS `updatedAt` FROM `conversion_jobs` AS `ConversionJob` WHERE `ConversionJob`.`id` = 'dcefe5a2-6b90-414f-b36c-825cbab91bf2';
[ANALYTICS] {"timestamp":"2025-11-03T18:53:07.858Z","event":"guest_file_download","isGuest":true,"properties":{"job_id":"dcefe5a2-6b90-414f-b36c-825cbab91bf2","funnel_step":"guest_download"},"ipAddress":"::1","userAgent":"Mozilla/5.0 (Windows NT 10.0; Win64; x64) AppleWebKit/537.36 (KHTML, like Gecko) Chrome/142.0.0.0 Safari/537.36"}
[0mGET /api/download/dcefe5a2-6b90-414f-b36c-825cbab91bf2 [32m200[0m 17.049 ms - -[0m
[Guest Quota] Validating: {
  sessionId: 'guest_7e1ced7c-fb4d-4b94-b5ac-b986f06bea77',
  ipAddress: '::1'
}
[Guest Quota] Validation result: {
  allowed: true,
  session: {
    sessionId: 'guest_7e1ced7c-fb4d-4b94-b5ac-b986f06bea77',
    createdAt: 2025-11-03T18:53:43.890Z,
    conversionsUsed: 0,
    ipAddress: '::1'
  }
}
[Guest Quota] Allowed - proceeding
[Upload] user: none
[Upload] guestSession: exists
[Upload] isGuest: true
[0mPOST /api/upload [33m403[0m 15.423 ms - 189[0m
Executing (default): SELECT 1+1 AS result
✓ Database connection established successfully
[0mGET /health [32m200[0m 18.045 ms - -[0m
Executing (default): SELECT 1+1 AS result
✓ Database connection established successfully
[0mGET /health [32m200[0m 5.920 ms - -[0m
[Guest Quota] Validating: {
  sessionId: 'guest_a3bdc19b-8d28-4204-bee8-076055cdc3b9',
  ipAddress: '::1'
}
[Guest Quota] Validation result: {
  allowed: true,
  session: {
    sessionId: 'guest_a3bdc19b-8d28-4204-bee8-076055cdc3b9',
    createdAt: 2025-11-03T18:54:03.139Z,
    conversionsUsed: 0,
    ipAddress: '::1'
  }
}
[Guest Quota] Allowed - proceeding
[Upload] user: none
[Upload] guestSession: exists
[Upload] isGuest: true
[0mPOST /api/upload [33m403[0m 14.182 ms - 189[0m
21:08:14 [tsx] change in ./src\controllers\conversion.controller.ts Restarting...
c⚠ Email service not configured - missing SMTP credentials
  Emails will be logged to console only (development mode)
🚀 Starting PDFLab Backend API...
Executing (default): SELECT 1+1 AS result
✓ Database connection established successfully
Executing (default): SELECT TABLE_NAME FROM INFORMATION_SCHEMA.TABLES WHERE TABLE_TYPE = 'BASE TABLE' AND TABLE_NAME = 'users' AND TABLE_SCHEMA = 'pdflab'
Executing (default): SHOW FULL COLUMNS FROM `users`;
Executing (default): SELECT CONSTRAINT_NAME as constraint_name,CONSTRAINT_NAME as constraintName,CONSTRAINT_SCHEMA as constraintSchema,CONSTRAINT_SCHEMA as constraintCatalog,TABLE_NAME as tableName,TABLE_SCHEMA as tableSchema,TABLE_SCHEMA as tableCatalog,COLUMN_NAME as columnName,REFERENCED_TABLE_SCHEMA as referencedTableSchema,REFERENCED_TABLE_SCHEMA as referencedTableCatalog,REFERENCED_TABLE_NAME as referencedTableName,REFERENCED_COLUMN_NAME as referencedColumnName FROM INFORMATION_SCHEMA.KEY_COLUMN_USAGE where TABLE_NAME = 'users' AND CONSTRAINT_NAME!='PRIMARY' AND CONSTRAINT_SCHEMA='pdflab' AND REFERENCED_TABLE_NAME IS NOT NULL;
Executing (default): ALTER TABLE `users` CHANGE `email` `email` VARCHAR(255) NOT NULL UNIQUE;
Executing (default): ALTER TABLE `users` CHANGE `password_hash` `password_hash` VARCHAR(255) NOT NULL;
Executing (default): ALTER TABLE `users` CHANGE `name` `name` VARCHAR(255);
Executing (default): ALTER TABLE `users` CHANGE `role` `role` ENUM('user', 'support', 'finance', 'admin', 'super_admin') NOT NULL DEFAULT 'user';
Executing (default): ALTER TABLE `users` CHANGE `plan` `plan` ENUM('free', 'starter', 'pro', 'enterprise') NOT NULL DEFAULT 'free';
Executing (default): ALTER TABLE `users` CHANGE `conversions_used` `conversions_used` INTEGER NOT NULL DEFAULT 0;
Executing (default): ALTER TABLE `users` CHANGE `conversions_limit` `conversions_limit` INTEGER NOT NULL DEFAULT 3;
Executing (default): ALTER TABLE `users` CHANGE `stripe_customer_id` `stripe_customer_id` VARCHAR(255);
Executing (default): ALTER TABLE `users` CHANGE `subscription_id` `subscription_id` VARCHAR(255);
Executing (default): ALTER TABLE `users` CHANGE `subscription_status` `subscription_status` ENUM('active', 'canceled', 'past_due', 'trialing');
Executing (default): ALTER TABLE `users` CHANGE `subscription_end_date` `subscription_end_date` DATETIME;
Executing (default): ALTER TABLE `users` CHANGE `failed_reset_attempts` `failed_reset_attempts` INTEGER NOT NULL DEFAULT 0;
Executing (default): ALTER TABLE `users` CHANGE `reset_locked_until` `reset_locked_until` DATETIME;
Executing (default): ALTER TABLE `users` CHANGE `created_at` `created_at` DATETIME NOT NULL;
Executing (default): ALTER TABLE `users` CHANGE `updated_at` `updated_at` DATETIME NOT NULL;
Executing (default): ALTER TABLE `users` CHANGE `last_login` `last_login` DATETIME;
Executing (default): SHOW INDEX FROM `users` FROM `pdflab`
Executing (default): SELECT TABLE_NAME FROM INFORMATION_SCHEMA.TABLES WHERE TABLE_TYPE = 'BASE TABLE' AND TABLE_NAME = 'admin_audit_logs' AND TABLE_SCHEMA = 'pdflab'
Executing (default): SHOW FULL COLUMNS FROM `admin_audit_logs`;
Executing (default): SELECT CONSTRAINT_NAME as constraint_name,CONSTRAINT_NAME as constraintName,CONSTRAINT_SCHEMA as constraintSchema,CONSTRAINT_SCHEMA as constraintCatalog,TABLE_NAME as tableName,TABLE_SCHEMA as tableSchema,TABLE_SCHEMA as tableCatalog,COLUMN_NAME as columnName,REFERENCED_TABLE_SCHEMA as referencedTableSchema,REFERENCED_TABLE_SCHEMA as referencedTableCatalog,REFERENCED_TABLE_NAME as referencedTableName,REFERENCED_COLUMN_NAME as referencedColumnName FROM INFORMATION_SCHEMA.KEY_COLUMN_USAGE where TABLE_NAME = 'admin_audit_logs' AND CONSTRAINT_NAME!='PRIMARY' AND CONSTRAINT_SCHEMA='pdflab' AND REFERENCED_TABLE_NAME IS NOT NULL;
Executing (default): SELECT CONSTRAINT_CATALOG AS constraintCatalog, CONSTRAINT_NAME AS constraintName, CONSTRAINT_SCHEMA AS constraintSchema, CONSTRAINT_TYPE AS constraintType, TABLE_NAME AS tableName, TABLE_SCHEMA AS tableSchema from INFORMATION_SCHEMA.TABLE_CONSTRAINTS WHERE table_name='admin_audit_logs' AND constraint_name = 'admin_audit_logs_ibfk_1' AND TABLE_SCHEMA = 'pdflab';
Executing (default): ALTER TABLE `admin_audit_logs` DROP FOREIGN KEY `admin_audit_logs_ibfk_1`;
Executing (default): ALTER TABLE `admin_audit_logs` ADD FOREIGN KEY (`admin_user_id`) REFERENCES `users` (`id`) ON DELETE CASCADE ON UPDATE CASCADE;
Executing (default): ALTER TABLE `admin_audit_logs` CHANGE `action` `action` VARCHAR(100) NOT NULL;
Executing (default): ALTER TABLE `admin_audit_logs` CHANGE `entity_type` `entity_type` VARCHAR(50) NOT NULL;
Executing (default): ALTER TABLE `admin_audit_logs` CHANGE `entity_id` `entity_id` CHAR(36) BINARY;
Executing (default): ALTER TABLE `admin_audit_logs` CHANGE `changes` `changes` JSON;
Executing (default): ALTER TABLE `admin_audit_logs` CHANGE `ip_address` `ip_address` VARCHAR(45);
Executing (default): ALTER TABLE `admin_audit_logs` CHANGE `user_agent` `user_agent` TEXT;
Executing (default): ALTER TABLE `admin_audit_logs` CHANGE `severity` `severity` ENUM('info', 'warning', 'critical') NOT NULL DEFAULT 'info';
Executing (default): ALTER TABLE `admin_audit_logs` CHANGE `checksum` `checksum` VARCHAR(64);
Executing (default): ALTER TABLE `admin_audit_logs` CHANGE `created_at` `created_at` DATETIME NOT NULL;
Executing (default): SHOW INDEX FROM `admin_audit_logs` FROM `pdflab`
Executing (default): SELECT TABLE_NAME FROM INFORMATION_SCHEMA.TABLES WHERE TABLE_TYPE = 'BASE TABLE' AND TABLE_NAME = 'system_health_logs' AND TABLE_SCHEMA = 'pdflab'
Executing (default): SHOW FULL COLUMNS FROM `system_health_logs`;
Executing (default): SELECT CONSTRAINT_NAME as constraint_name,CONSTRAINT_NAME as constraintName,CONSTRAINT_SCHEMA as constraintSchema,CONSTRAINT_SCHEMA as constraintCatalog,TABLE_NAME as tableName,TABLE_SCHEMA as tableSchema,TABLE_SCHEMA as tableCatalog,COLUMN_NAME as columnName,REFERENCED_TABLE_SCHEMA as referencedTableSchema,REFERENCED_TABLE_SCHEMA as referencedTableCatalog,REFERENCED_TABLE_NAME as referencedTableName,REFERENCED_COLUMN_NAME as referencedColumnName FROM INFORMATION_SCHEMA.KEY_COLUMN_USAGE where TABLE_NAME = 'system_health_logs' AND CONSTRAINT_NAME!='PRIMARY' AND CONSTRAINT_SCHEMA='pdflab' AND REFERENCED_TABLE_NAME IS NOT NULL;
Executing (default): ALTER TABLE `system_health_logs` CHANGE `metric_name` `metric_name` VARCHAR(100) NOT NULL;
Executing (default): ALTER TABLE `system_health_logs` CHANGE `metric_value` `metric_value` DECIMAL(10,2);
Executing (default): ALTER TABLE `system_health_logs` CHANGE `status` `status` ENUM('healthy', 'warning', 'critical') NOT NULL DEFAULT 'healthy';
Executing (default): ALTER TABLE `system_health_logs` CHANGE `details` `details` JSON;
Executing (default): ALTER TABLE `system_health_logs` CHANGE `created_at` `created_at` DATETIME NOT NULL;
Executing (default): SHOW INDEX FROM `system_health_logs` FROM `pdflab`
Executing (default): SELECT TABLE_NAME FROM INFORMATION_SCHEMA.TABLES WHERE TABLE_TYPE = 'BASE TABLE' AND TABLE_NAME = 'conversion_jobs' AND TABLE_SCHEMA = 'pdflab'
Executing (default): SHOW FULL COLUMNS FROM `conversion_jobs`;
Executing (default): SELECT CONSTRAINT_NAME as constraint_name,CONSTRAINT_NAME as constraintName,CONSTRAINT_SCHEMA as constraintSchema,CONSTRAINT_SCHEMA as constraintCatalog,TABLE_NAME as tableName,TABLE_SCHEMA as tableSchema,TABLE_SCHEMA as tableCatalog,COLUMN_NAME as columnName,REFERENCED_TABLE_SCHEMA as referencedTableSchema,REFERENCED_TABLE_SCHEMA as referencedTableCatalog,REFERENCED_TABLE_NAME as referencedTableName,REFERENCED_COLUMN_NAME as referencedColumnName FROM INFORMATION_SCHEMA.KEY_COLUMN_USAGE where TABLE_NAME = 'conversion_jobs' AND CONSTRAINT_NAME!='PRIMARY' AND CONSTRAINT_SCHEMA='pdflab' AND REFERENCED_TABLE_NAME IS NOT NULL;
Executing (default): ALTER TABLE `conversion_jobs` CHANGE `user_id` `user_id` CHAR(36) BINARY;
Executing (default): ALTER TABLE `conversion_jobs` CHANGE `type` `type` ENUM('pdf_to_pptx', 'pdf_to_docx', 'pdf_to_xlsx', 'pdf_to_images', 'pdf_merge') NOT NULL;
Executing (default): ALTER TABLE `conversion_jobs` CHANGE `status` `status` ENUM('pending', 'queued', 'processing', 'completed', 'failed') NOT NULL DEFAULT 'pending';
Executing (default): ALTER TABLE `conversion_jobs` CHANGE `progress` `progress` INTEGER NOT NULL DEFAULT 0;
Executing (default): ALTER TABLE `conversion_jobs` CHANGE `input_file` `input_file` VARCHAR(500);
Executing (default): ALTER TABLE `conversion_jobs` CHANGE `output_file` `output_file` VARCHAR(500);
Executing (default): ALTER TABLE `conversion_jobs` CHANGE `file_name` `file_name` VARCHAR(255) NOT NULL;
Executing (default): ALTER TABLE `conversion_jobs` CHANGE `file_size` `file_size` BIGINT NOT NULL;
Executing (default): ALTER TABLE `conversion_jobs` CHANGE `cloudconvert_job_id` `cloudconvert_job_id` VARCHAR(255);
Executing (default): ALTER TABLE `conversion_jobs` CHANGE `error_message` `error_message` TEXT;
Executing (default): ALTER TABLE `conversion_jobs` CHANGE `estimated_time` `estimated_time` INTEGER COMMENT 'Estimated processing time in seconds';
Executing (default): ALTER TABLE `conversion_jobs` CHANGE `processing_started_at` `processing_started_at` DATETIME;
Executing (default): ALTER TABLE `conversion_jobs` CHANGE `processing_completed_at` `processing_completed_at` DATETIME;
Executing (default): ALTER TABLE `conversion_jobs` CHANGE `created_at` `created_at` DATETIME NOT NULL;
Executing (default): ALTER TABLE `conversion_jobs` CHANGE `updated_at` `updated_at` DATETIME NOT NULL;
Executing (default): ALTER TABLE `conversion_jobs` CHANGE `expires_at` `expires_at` DATETIME NOT NULL;
Executing (default): SHOW INDEX FROM `conversion_jobs` FROM `pdflab`
Executing (default): SELECT TABLE_NAME FROM INFORMATION_SCHEMA.TABLES WHERE TABLE_TYPE = 'BASE TABLE' AND TABLE_NAME = 'usage_logs' AND TABLE_SCHEMA = 'pdflab'
Executing (default): SHOW FULL COLUMNS FROM `usage_logs`;
Executing (default): SELECT CONSTRAINT_NAME as constraint_name,CONSTRAINT_NAME as constraintName,CONSTRAINT_SCHEMA as constraintSchema,CONSTRAINT_SCHEMA as constraintCatalog,TABLE_NAME as tableName,TABLE_SCHEMA as tableSchema,TABLE_SCHEMA as tableCatalog,COLUMN_NAME as columnName,REFERENCED_TABLE_SCHEMA as referencedTableSchema,REFERENCED_TABLE_SCHEMA as referencedTableCatalog,REFERENCED_TABLE_NAME as referencedTableName,REFERENCED_COLUMN_NAME as referencedColumnName FROM INFORMATION_SCHEMA.KEY_COLUMN_USAGE where TABLE_NAME = 'usage_logs' AND CONSTRAINT_NAME!='PRIMARY' AND CONSTRAINT_SCHEMA='pdflab' AND REFERENCED_TABLE_NAME IS NOT NULL;
Executing (default): SELECT CONSTRAINT_CATALOG AS constraintCatalog, CONSTRAINT_NAME AS constraintName, CONSTRAINT_SCHEMA AS constraintSchema, CONSTRAINT_TYPE AS constraintType, TABLE_NAME AS tableName, TABLE_SCHEMA AS tableSchema from INFORMATION_SCHEMA.TABLE_CONSTRAINTS WHERE table_name='usage_logs' AND constraint_name = 'usage_logs_ibfk_75' AND TABLE_SCHEMA = 'pdflab';
Executing (default): ALTER TABLE `usage_logs` DROP FOREIGN KEY `usage_logs_ibfk_75`;
Executing (default): ALTER TABLE `usage_logs` ADD FOREIGN KEY (`user_id`) REFERENCES `users` (`id`) ON DELETE CASCADE ON UPDATE CASCADE;
Executing (default): SELECT CONSTRAINT_CATALOG AS constraintCatalog, CONSTRAINT_NAME AS constraintName, CONSTRAINT_SCHEMA AS constraintSchema, CONSTRAINT_TYPE AS constraintType, TABLE_NAME AS tableName, TABLE_SCHEMA AS tableSchema from INFORMATION_SCHEMA.TABLE_CONSTRAINTS WHERE table_name='usage_logs' AND constraint_name = 'usage_logs_ibfk_76' AND TABLE_SCHEMA = 'pdflab';
Executing (default): ALTER TABLE `usage_logs` DROP FOREIGN KEY `usage_logs_ibfk_76`;
Executing (default): ALTER TABLE `usage_logs` ADD FOREIGN KEY (`job_id`) REFERENCES `conversion_jobs` (`id`) ON DELETE SET NULL ON UPDATE CASCADE;
Executing (default): ALTER TABLE `usage_logs` CHANGE `operation_type` `operation_type` VARCHAR(50) NOT NULL;
Executing (default): ALTER TABLE `usage_logs` CHANGE `success` `success` TINYINT(1) NOT NULL DEFAULT false;
Executing (default): ALTER TABLE `usage_logs` CHANGE `processing_time` `processing_time` INTEGER COMMENT 'Processing time in milliseconds';
Executing (default): ALTER TABLE `usage_logs` CHANGE `file_size` `file_size` BIGINT NOT NULL;
Executing (default): ALTER TABLE `usage_logs` CHANGE `error_code` `error_code` VARCHAR(50);
Executing (default): ALTER TABLE `usage_logs` CHANGE `timestamp` `timestamp` DATETIME NOT NULL;
Executing (default): SHOW INDEX FROM `usage_logs` FROM `pdflab`
Executing (default): SELECT TABLE_NAME FROM INFORMATION_SCHEMA.TABLES WHERE TABLE_TYPE = 'BASE TABLE' AND TABLE_NAME = 'subscriptions' AND TABLE_SCHEMA = 'pdflab'
Executing (default): SHOW FULL COLUMNS FROM `subscriptions`;
Executing (default): SELECT CONSTRAINT_NAME as constraint_name,CONSTRAINT_NAME as constraintName,CONSTRAINT_SCHEMA as constraintSchema,CONSTRAINT_SCHEMA as constraintCatalog,TABLE_NAME as tableName,TABLE_SCHEMA as tableSchema,TABLE_SCHEMA as tableCatalog,COLUMN_NAME as columnName,REFERENCED_TABLE_SCHEMA as referencedTableSchema,REFERENCED_TABLE_SCHEMA as referencedTableCatalog,REFERENCED_TABLE_NAME as referencedTableName,REFERENCED_COLUMN_NAME as referencedColumnName FROM INFORMATION_SCHEMA.KEY_COLUMN_USAGE where TABLE_NAME = 'subscriptions' AND CONSTRAINT_NAME!='PRIMARY' AND CONSTRAINT_SCHEMA='pdflab' AND REFERENCED_TABLE_NAME IS NOT NULL;
Executing (default): SELECT CONSTRAINT_CATALOG AS constraintCatalog, CONSTRAINT_NAME AS constraintName, CONSTRAINT_SCHEMA AS constraintSchema, CONSTRAINT_TYPE AS constraintType, TABLE_NAME AS tableName, TABLE_SCHEMA AS tableSchema from INFORMATION_SCHEMA.TABLE_CONSTRAINTS WHERE table_name='subscriptions' AND constraint_name = 'subscriptions_ibfk_1' AND TABLE_SCHEMA = 'pdflab';
Executing (default): ALTER TABLE `subscriptions` DROP FOREIGN KEY `subscriptions_ibfk_1`;
Executing (default): ALTER TABLE `subscriptions` ADD FOREIGN KEY (`user_id`) REFERENCES `users` (`id`) ON DELETE CASCADE ON UPDATE CASCADE;
Executing (default): ALTER TABLE `subscriptions` CHANGE `plan` `plan` ENUM('free', 'starter', 'pro', 'enterprise') NOT NULL DEFAULT 'free';
Executing (default): ALTER TABLE `subscriptions` CHANGE `status` `status` ENUM('active', 'canceled', 'past_due', 'trialing', 'pending') NOT NULL DEFAULT 'pending';
Executing (default): ALTER TABLE `subscriptions` CHANGE `payfast_token` `payfast_token` VARCHAR(255) COMMENT 'PayFast subscription token for recurring payments';
Executing (default): ALTER TABLE `subscriptions` CHANGE `payfast_subscription_id` `payfast_subscription_id` VARCHAR(255) COMMENT 'PayFast subscription ID';
Executing (default): ALTER TABLE `subscriptions` CHANGE `amount` `amount` DECIMAL(10,2) NOT NULL COMMENT 'Subscription amount in currency';
Executing (default): ALTER TABLE `subscriptions` CHANGE `currency` `currency` VARCHAR(3) NOT NULL DEFAULT 'USD' COMMENT 'Currency code (USD for United States Dollar)';
Executing (default): ALTER TABLE `subscriptions` CHANGE `billing_date` `billing_date` DATETIME COMMENT 'First billing date';
Executing (default): ALTER TABLE `subscriptions` CHANGE `next_billing_date` `next_billing_date` DATETIME COMMENT 'Next billing date for recurring subscription';
Executing (default): ALTER TABLE `subscriptions` CHANGE `cancel_at` `cancel_at` DATETIME COMMENT 'Scheduled cancellation date';
Executing (default): ALTER TABLE `subscriptions` CHANGE `canceled_at` `canceled_at` DATETIME COMMENT 'Actual cancellation timestamp';
Executing (default): ALTER TABLE `subscriptions` CHANGE `trial_end` `trial_end` DATETIME COMMENT 'Trial period end date';
Executing (default): ALTER TABLE `subscriptions` CHANGE `started_at` `started_at` DATETIME NOT NULL COMMENT 'Subscription start date';
Executing (default): ALTER TABLE `subscriptions` CHANGE `ended_at` `ended_at` DATETIME COMMENT 'Subscription end date (if canceled)';
Executing (default): ALTER TABLE `subscriptions` CHANGE `created_at` `created_at` DATETIME NOT NULL;
Executing (default): ALTER TABLE `subscriptions` CHANGE `updated_at` `updated_at` DATETIME NOT NULL;
Executing (default): SHOW INDEX FROM `subscriptions` FROM `pdflab`
Executing (default): SELECT TABLE_NAME FROM INFORMATION_SCHEMA.TABLES WHERE TABLE_TYPE = 'BASE TABLE' AND TABLE_NAME = 'payment_logs' AND TABLE_SCHEMA = 'pdflab'
Executing (default): SHOW FULL COLUMNS FROM `payment_logs`;
Executing (default): SELECT CONSTRAINT_NAME as constraint_name,CONSTRAINT_NAME as constraintName,CONSTRAINT_SCHEMA as constraintSchema,CONSTRAINT_SCHEMA as constraintCatalog,TABLE_NAME as tableName,TABLE_SCHEMA as tableSchema,TABLE_SCHEMA as tableCatalog,COLUMN_NAME as columnName,REFERENCED_TABLE_SCHEMA as referencedTableSchema,REFERENCED_TABLE_SCHEMA as referencedTableCatalog,REFERENCED_TABLE_NAME as referencedTableName,REFERENCED_COLUMN_NAME as referencedColumnName FROM INFORMATION_SCHEMA.KEY_COLUMN_USAGE where TABLE_NAME = 'payment_logs' AND CONSTRAINT_NAME!='PRIMARY' AND CONSTRAINT_SCHEMA='pdflab' AND REFERENCED_TABLE_NAME IS NOT NULL;
Executing (default): SELECT CONSTRAINT_CATALOG AS constraintCatalog, CONSTRAINT_NAME AS constraintName, CONSTRAINT_SCHEMA AS constraintSchema, CONSTRAINT_TYPE AS constraintType, TABLE_NAME AS tableName, TABLE_SCHEMA AS tableSchema from INFORMATION_SCHEMA.TABLE_CONSTRAINTS WHERE table_name='payment_logs' AND constraint_name = 'payment_logs_ibfk_57' AND TABLE_SCHEMA = 'pdflab';
Executing (default): ALTER TABLE `payment_logs` DROP FOREIGN KEY `payment_logs_ibfk_57`;
Executing (default): ALTER TABLE `payment_logs` ADD FOREIGN KEY (`user_id`) REFERENCES `users` (`id`) ON DELETE CASCADE ON UPDATE CASCADE;
Executing (default): SELECT CONSTRAINT_CATALOG AS constraintCatalog, CONSTRAINT_NAME AS constraintName, CONSTRAINT_SCHEMA AS constraintSchema, CONSTRAINT_TYPE AS constraintType, TABLE_NAME AS tableName, TABLE_SCHEMA AS tableSchema from INFORMATION_SCHEMA.TABLE_CONSTRAINTS WHERE table_name='payment_logs' AND constraint_name = 'payment_logs_ibfk_58' AND TABLE_SCHEMA = 'pdflab';
Executing (default): ALTER TABLE `payment_logs` DROP FOREIGN KEY `payment_logs_ibfk_58`;
Executing (default): ALTER TABLE `payment_logs` ADD FOREIGN KEY (`subscription_id`) REFERENCES `subscriptions` (`id`) ON DELETE SET NULL ON UPDATE CASCADE;
Executing (default): ALTER TABLE `payment_logs` CHANGE `transaction_id` `transaction_id` VARCHAR(255) NOT NULL UNIQUE COMMENT 'Our internal transaction ID (m_payment_id)';
Executing (default): ALTER TABLE `payment_logs` CHANGE `payfast_payment_id` `payfast_payment_id` VARCHAR(255) COMMENT 'PayFast payment ID (pf_payment_id)';
Executing (default): ALTER TABLE `payment_logs` CHANGE `payment_type` `payment_type` ENUM('subscription', 'subscription_payment', 'one_time', 'refund') NOT NULL DEFAULT 'one_time';
Executing (default): ALTER TABLE `payment_logs` CHANGE `status` `status` ENUM('complete', 'failed', 'pending', 'cancelled') NOT NULL DEFAULT 'pending';
Executing (default): ALTER TABLE `payment_logs` CHANGE `amount_gross` `amount_gross` DECIMAL(10,2) NOT NULL COMMENT 'Gross amount before fees';
Executing (default): ALTER TABLE `payment_logs` CHANGE `amount_fee` `amount_fee` DECIMAL(10,2) NOT NULL DEFAULT 0 COMMENT 'PayFast processing fee';
Executing (default): ALTER TABLE `payment_logs` CHANGE `amount_net` `amount_net` DECIMAL(10,2) NOT NULL COMMENT 'Net amount after fees';
Executing (default): ALTER TABLE `payment_logs` CHANGE `currency` `currency` VARCHAR(3) NOT NULL DEFAULT 'USD';
Executing (default): ALTER TABLE `payment_logs` CHANGE `plan` `plan` VARCHAR(50) NOT NULL COMMENT 'Plan name (free, starter, pro, enterprise)';
Executing (default): ALTER TABLE `payment_logs` CHANGE `payment_method` `payment_method` VARCHAR(50) COMMENT 'Payment method used (eft, credit_card, etc.)';
Executing (default): ALTER TABLE `payment_logs` CHANGE `name_first` `name_first` VARCHAR(255) NOT NULL;
Executing (default): ALTER TABLE `payment_logs` CHANGE `name_last` `name_last` VARCHAR(255);
Executing (default): ALTER TABLE `payment_logs` CHANGE `email_address` `email_address` VARCHAR(255) NOT NULL;
Executing (default): ALTER TABLE `payment_logs` CHANGE `item_name` `item_name` VARCHAR(255) NOT NULL;
Executing (default): ALTER TABLE `payment_logs` CHANGE `item_description` `item_description` TEXT;
Executing (default): ALTER TABLE `payment_logs` CHANGE `custom_data` `custom_data` JSON COMMENT 'Custom data sent to PayFast';
Executing (default): ALTER TABLE `payment_logs` CHANGE `itn_data` `itn_data` JSON COMMENT 'Full ITN notification data from PayFast';
Executing (default): ALTER TABLE `payment_logs` CHANGE `error_message` `error_message` TEXT COMMENT 'Error message if payment failed';
Executing (default): ALTER TABLE `payment_logs` CHANGE `processed_at` `processed_at` DATETIME COMMENT 'When the payment was processed';
Executing (default): ALTER TABLE `payment_logs` CHANGE `created_at` `created_at` DATETIME NOT NULL;
Executing (default): ALTER TABLE `payment_logs` CHANGE `updated_at` `updated_at` DATETIME NOT NULL;
Executing (default): SHOW INDEX FROM `payment_logs` FROM `pdflab`
Executing (default): SELECT TABLE_NAME FROM INFORMATION_SCHEMA.TABLES WHERE TABLE_TYPE = 'BASE TABLE' AND TABLE_NAME = 'password_history' AND TABLE_SCHEMA = 'pdflab'
Executing (default): SHOW FULL COLUMNS FROM `password_history`;
Executing (default): SELECT CONSTRAINT_NAME as constraint_name,CONSTRAINT_NAME as constraintName,CONSTRAINT_SCHEMA as constraintSchema,CONSTRAINT_SCHEMA as constraintCatalog,TABLE_NAME as tableName,TABLE_SCHEMA as tableSchema,TABLE_SCHEMA as tableCatalog,COLUMN_NAME as columnName,REFERENCED_TABLE_SCHEMA as referencedTableSchema,REFERENCED_TABLE_SCHEMA as referencedTableCatalog,REFERENCED_TABLE_NAME as referencedTableName,REFERENCED_COLUMN_NAME as referencedColumnName FROM INFORMATION_SCHEMA.KEY_COLUMN_USAGE where TABLE_NAME = 'password_history' AND CONSTRAINT_NAME!='PRIMARY' AND CONSTRAINT_SCHEMA='pdflab' AND REFERENCED_TABLE_NAME IS NOT NULL;
Executing (default): SELECT CONSTRAINT_CATALOG AS constraintCatalog, CONSTRAINT_NAME AS constraintName, CONSTRAINT_SCHEMA AS constraintSchema, CONSTRAINT_TYPE AS constraintType, TABLE_NAME AS tableName, TABLE_SCHEMA AS tableSchema from INFORMATION_SCHEMA.TABLE_CONSTRAINTS WHERE table_name='password_history' AND constraint_name = 'password_history_ibfk_1' AND TABLE_SCHEMA = 'pdflab';
Executing (default): ALTER TABLE `password_history` DROP FOREIGN KEY `password_history_ibfk_1`;
Executing (default): ALTER TABLE `password_history` ADD FOREIGN KEY (`user_id`) REFERENCES `users` (`id`) ON DELETE CASCADE ON UPDATE CASCADE;
Executing (default): ALTER TABLE `password_history` CHANGE `password_hash` `password_hash` VARCHAR(255) NOT NULL;
Executing (default): ALTER TABLE `password_history` CHANGE `created_at` `created_at` DATETIME NOT NULL;
Executing (default): SHOW INDEX FROM `password_history` FROM `pdflab`
✓ Database synchronized successfully
✓ Redis client connected
🔧 Initializing Bull queues...
  Creating conversion queue...
  ✓ Conversion queue created
  Creating cleanup queue...
  ✓ Cleanup queue created
✓ Bull queues initialized
✓ Initializing conversion worker...
✓ Initializing cleanup worker...
✓ Job workers initialized
[Quota Reset] Initializing monthly quota reset cron job...
[Quota Reset] Schedule: 0 0 1 * * (1st of month at midnight)
✓ Quota reset cron job initialized and scheduled
✓ Next reset: 2025-12-01T00:00:00.000-05:00
✓ Monthly quota reset scheduled
✓ PDFLab API Server running
✓ Environment: development
✓ Port: 3006
✓ Health check: http://localhost:3006/health
✓ API endpoint: http://localhost:3006/api
Executing (default): SELECT 1+1 AS result
✓ Database connection established successfully
[0mGET /health [32m200[0m 25.890 ms - 11745[0m
[Guest Quota] Validating: {
  sessionId: 'guest_3b76adc5-ac5c-443c-9920-9c36531b0d63',
  ipAddress: '::1'
}
[Guest Quota] Validation result: {
  allowed: true,
  session: {
    sessionId: 'guest_3b76adc5-ac5c-443c-9920-9c36531b0d63',
    createdAt: 2025-11-03T19:09:27.977Z,
    conversionsUsed: 0,
    ipAddress: '::1'
  }
}
[Guest Quota] Allowed - proceeding
[Upload] user: none
[Upload] guestSession: exists
[Upload] isGuest: true
[0mPOST /api/upload [33m403[0m 21.626 ms - 423[0m
[Guest Quota] Validating: {
  sessionId: 'guest_aeda8b5f-24fa-4614-a908-385cd01f3845',
  ipAddress: '::1'
}
[Guest Quota] Validation result: {
  allowed: true,
  session: {
    sessionId: 'guest_aeda8b5f-24fa-4614-a908-385cd01f3845',
    createdAt: 2025-11-03T19:09:35.374Z,
    conversionsUsed: 0,
    ipAddress: '::1'
  }
}
[Guest Quota] Allowed - proceeding
[Upload] user: none
[Upload] guestSession: exists
[Upload] isGuest: true
[0mPOST /api/upload [33m403[0m 10.103 ms - 424[0m
[Guest Quota] Validating: {
  sessionId: 'guest_22b0113c-9636-4968-bcf4-ac7025dba7f4',
  ipAddress: '::1'
}
[Guest Quota] Validation result: {
  allowed: true,
  session: {
    sessionId: 'guest_22b0113c-9636-4968-bcf4-ac7025dba7f4',
    createdAt: 2025-11-03T19:09:43.099Z,
    conversionsUsed: 0,
    ipAddress: '::1'
  }
}
[Guest Quota] Allowed - proceeding
[Upload] user: none
[Upload] guestSession: exists
[Upload] isGuest: true
Executing (default): INSERT INTO `conversion_jobs` (`id`,`user_id`,`type`,`status`,`progress`,`input_file`,`file_name`,`file_size`,`estimated_time`,`created_at`,`updated_at`,`expires_at`) VALUES (?,?,?,?,?,?,?,?,?,?,?,?);
Executing (default): UPDATE `conversion_jobs` SET `status`=?,`updated_at`=? WHERE `id` = ?
[Conversion Worker] Processing job e490bfe3-584c-4dc1-9e80-eb120619e5c8 for user null
Executing (default): SELECT `id`, `user_id`, `type`, `status`, `progress`, `input_file`, `output_file`, `file_name`, `file_size`, `cloudconvert_job_id`, `error_message`, `estimated_time`, `processing_started_at`, `processing_completed_at`, `created_at`, `updated_at`, `expires_at`, `created_at` AS `createdAt`, `updated_at` AS `updatedAt` FROM `conversion_jobs` AS `ConversionJob` WHERE `ConversionJob`.`id` = 'e490bfe3-584c-4dc1-9e80-eb120619e5c8';
Executing (default): UPDATE `conversion_jobs` SET `status`=?,`processing_started_at`=?,`progress`=?,`updated_at`=? WHERE `id` = ?
[ANALYTICS] {"timestamp":"2025-11-03T19:09:43.191Z","event":"guest_file_upload","guestSessionId":"guest_22b0113c-9636-4968-bcf4-ac7025dba7f4","isGuest":true,"properties":{"job_id":"e490bfe3-584c-4dc1-9e80-eb120619e5c8","conversion_type":"pdf_to_pptx","file_size":13264,"file_name":"test-sample.pdf","funnel_step":"guest_upload"},"ipAddress":"::1","userAgent":"curl/8.12.1"}
[0mPOST /api/upload [32m201[0m 88.476 ms - 333[0m
[Conversion Worker] Starting CloudConvert for job e490bfe3-584c-4dc1-9e80-eb120619e5c8
CloudConvert job created: f880234c-a4d5-44dd-a33e-211d387de836
File uploaded to CloudConvert: C:\Users\Mac\OneDrive\Desktop\Projects\PDFLab\backend\storage\uploads\guest\98e60151-320e-48da-8975-ca8a9d99a917\1762196983110-test-sample.pdf
CloudConvert job completed: f880234c-a4d5-44dd-a33e-211d387de836
Converted file downloaded: C:\Users\Mac\OneDrive\Desktop\Projects\PDFLab\backend\storage\outputs\guest\e490bfe3-584c-4dc1-9e80-eb120619e5c8\test-sample.pptx
Executing (default): UPDATE `conversion_jobs` SET `status`=?,`output_file`=?,`progress`=?,`processing_completed_at`=?,`cloudconvert_job_id`=?,`updated_at`=? WHERE `id` = ?
[Conversion Worker] Job e490bfe3-584c-4dc1-9e80-eb120619e5c8 completed successfully in 3154ms
✓ Conversion job 43 completed: {
  success: true,
  output_file: 'C:\\Users\\Mac\\OneDrive\\Desktop\\Projects\\PDFLab\\backend\\storage\\outputs\\guest\\e490bfe3-584c-4dc1-9e80-eb120619e5c8\\test-sample.pptx',
  processing_time: 3154
}
21:13:11 [tsx] change in ./src\middleware\auth.middleware.ts Restarting...
c⚠ Email service not configured - missing SMTP credentials
  Emails will be logged to console only (development mode)
🚀 Starting PDFLab Backend API...
Executing (default): SELECT 1+1 AS result
✓ Database connection established successfully
Executing (default): SELECT TABLE_NAME FROM INFORMATION_SCHEMA.TABLES WHERE TABLE_TYPE = 'BASE TABLE' AND TABLE_NAME = 'users' AND TABLE_SCHEMA = 'pdflab'
Executing (default): SHOW FULL COLUMNS FROM `users`;
Executing (default): SELECT CONSTRAINT_NAME as constraint_name,CONSTRAINT_NAME as constraintName,CONSTRAINT_SCHEMA as constraintSchema,CONSTRAINT_SCHEMA as constraintCatalog,TABLE_NAME as tableName,TABLE_SCHEMA as tableSchema,TABLE_SCHEMA as tableCatalog,COLUMN_NAME as columnName,REFERENCED_TABLE_SCHEMA as referencedTableSchema,REFERENCED_TABLE_SCHEMA as referencedTableCatalog,REFERENCED_TABLE_NAME as referencedTableName,REFERENCED_COLUMN_NAME as referencedColumnName FROM INFORMATION_SCHEMA.KEY_COLUMN_USAGE where TABLE_NAME = 'users' AND CONSTRAINT_NAME!='PRIMARY' AND CONSTRAINT_SCHEMA='pdflab' AND REFERENCED_TABLE_NAME IS NOT NULL;
Executing (default): ALTER TABLE `users` CHANGE `email` `email` VARCHAR(255) NOT NULL UNIQUE;
Executing (default): ALTER TABLE `users` CHANGE `password_hash` `password_hash` VARCHAR(255) NOT NULL;
Executing (default): ALTER TABLE `users` CHANGE `name` `name` VARCHAR(255);
Executing (default): ALTER TABLE `users` CHANGE `role` `role` ENUM('user', 'support', 'finance', 'admin', 'super_admin') NOT NULL DEFAULT 'user';
Executing (default): ALTER TABLE `users` CHANGE `plan` `plan` ENUM('free', 'starter', 'pro', 'enterprise') NOT NULL DEFAULT 'free';
Executing (default): ALTER TABLE `users` CHANGE `conversions_used` `conversions_used` INTEGER NOT NULL DEFAULT 0;
Executing (default): ALTER TABLE `users` CHANGE `conversions_limit` `conversions_limit` INTEGER NOT NULL DEFAULT 3;
Executing (default): ALTER TABLE `users` CHANGE `stripe_customer_id` `stripe_customer_id` VARCHAR(255);
Executing (default): ALTER TABLE `users` CHANGE `subscription_id` `subscription_id` VARCHAR(255);
Executing (default): ALTER TABLE `users` CHANGE `subscription_status` `subscription_status` ENUM('active', 'canceled', 'past_due', 'trialing');
Executing (default): ALTER TABLE `users` CHANGE `subscription_end_date` `subscription_end_date` DATETIME;
Executing (default): ALTER TABLE `users` CHANGE `failed_reset_attempts` `failed_reset_attempts` INTEGER NOT NULL DEFAULT 0;
Executing (default): ALTER TABLE `users` CHANGE `reset_locked_until` `reset_locked_until` DATETIME;
Executing (default): ALTER TABLE `users` CHANGE `created_at` `created_at` DATETIME NOT NULL;
Executing (default): ALTER TABLE `users` CHANGE `updated_at` `updated_at` DATETIME NOT NULL;
Executing (default): ALTER TABLE `users` CHANGE `last_login` `last_login` DATETIME;
Executing (default): SHOW INDEX FROM `users` FROM `pdflab`
Executing (default): SELECT TABLE_NAME FROM INFORMATION_SCHEMA.TABLES WHERE TABLE_TYPE = 'BASE TABLE' AND TABLE_NAME = 'admin_audit_logs' AND TABLE_SCHEMA = 'pdflab'
Executing (default): SHOW FULL COLUMNS FROM `admin_audit_logs`;
Executing (default): SELECT CONSTRAINT_NAME as constraint_name,CONSTRAINT_NAME as constraintName,CONSTRAINT_SCHEMA as constraintSchema,CONSTRAINT_SCHEMA as constraintCatalog,TABLE_NAME as tableName,TABLE_SCHEMA as tableSchema,TABLE_SCHEMA as tableCatalog,COLUMN_NAME as columnName,REFERENCED_TABLE_SCHEMA as referencedTableSchema,REFERENCED_TABLE_SCHEMA as referencedTableCatalog,REFERENCED_TABLE_NAME as referencedTableName,REFERENCED_COLUMN_NAME as referencedColumnName FROM INFORMATION_SCHEMA.KEY_COLUMN_USAGE where TABLE_NAME = 'admin_audit_logs' AND CONSTRAINT_NAME!='PRIMARY' AND CONSTRAINT_SCHEMA='pdflab' AND REFERENCED_TABLE_NAME IS NOT NULL;
Executing (default): SELECT CONSTRAINT_CATALOG AS constraintCatalog, CONSTRAINT_NAME AS constraintName, CONSTRAINT_SCHEMA AS constraintSchema, CONSTRAINT_TYPE AS constraintType, TABLE_NAME AS tableName, TABLE_SCHEMA AS tableSchema from INFORMATION_SCHEMA.TABLE_CONSTRAINTS WHERE table_name='admin_audit_logs' AND constraint_name = 'admin_audit_logs_ibfk_1' AND TABLE_SCHEMA = 'pdflab';
Executing (default): ALTER TABLE `admin_audit_logs` DROP FOREIGN KEY `admin_audit_logs_ibfk_1`;
Executing (default): ALTER TABLE `admin_audit_logs` ADD FOREIGN KEY (`admin_user_id`) REFERENCES `users` (`id`) ON DELETE CASCADE ON UPDATE CASCADE;
Executing (default): ALTER TABLE `admin_audit_logs` CHANGE `action` `action` VARCHAR(100) NOT NULL;
Executing (default): ALTER TABLE `admin_audit_logs` CHANGE `entity_type` `entity_type` VARCHAR(50) NOT NULL;
Executing (default): ALTER TABLE `admin_audit_logs` CHANGE `entity_id` `entity_id` CHAR(36) BINARY;
Executing (default): ALTER TABLE `admin_audit_logs` CHANGE `changes` `changes` JSON;
Executing (default): ALTER TABLE `admin_audit_logs` CHANGE `ip_address` `ip_address` VARCHAR(45);
Executing (default): ALTER TABLE `admin_audit_logs` CHANGE `user_agent` `user_agent` TEXT;
Executing (default): ALTER TABLE `admin_audit_logs` CHANGE `severity` `severity` ENUM('info', 'warning', 'critical') NOT NULL DEFAULT 'info';
Executing (default): ALTER TABLE `admin_audit_logs` CHANGE `checksum` `checksum` VARCHAR(64);
Executing (default): ALTER TABLE `admin_audit_logs` CHANGE `created_at` `created_at` DATETIME NOT NULL;
Executing (default): SHOW INDEX FROM `admin_audit_logs` FROM `pdflab`
Executing (default): SELECT TABLE_NAME FROM INFORMATION_SCHEMA.TABLES WHERE TABLE_TYPE = 'BASE TABLE' AND TABLE_NAME = 'system_health_logs' AND TABLE_SCHEMA = 'pdflab'
Executing (default): SHOW FULL COLUMNS FROM `system_health_logs`;
Executing (default): SELECT CONSTRAINT_NAME as constraint_name,CONSTRAINT_NAME as constraintName,CONSTRAINT_SCHEMA as constraintSchema,CONSTRAINT_SCHEMA as constraintCatalog,TABLE_NAME as tableName,TABLE_SCHEMA as tableSchema,TABLE_SCHEMA as tableCatalog,COLUMN_NAME as columnName,REFERENCED_TABLE_SCHEMA as referencedTableSchema,REFERENCED_TABLE_SCHEMA as referencedTableCatalog,REFERENCED_TABLE_NAME as referencedTableName,REFERENCED_COLUMN_NAME as referencedColumnName FROM INFORMATION_SCHEMA.KEY_COLUMN_USAGE where TABLE_NAME = 'system_health_logs' AND CONSTRAINT_NAME!='PRIMARY' AND CONSTRAINT_SCHEMA='pdflab' AND REFERENCED_TABLE_NAME IS NOT NULL;
Executing (default): ALTER TABLE `system_health_logs` CHANGE `metric_name` `metric_name` VARCHAR(100) NOT NULL;
Executing (default): ALTER TABLE `system_health_logs` CHANGE `metric_value` `metric_value` DECIMAL(10,2);
Executing (default): ALTER TABLE `system_health_logs` CHANGE `status` `status` ENUM('healthy', 'warning', 'critical') NOT NULL DEFAULT 'healthy';
Executing (default): ALTER TABLE `system_health_logs` CHANGE `details` `details` JSON;
Executing (default): ALTER TABLE `system_health_logs` CHANGE `created_at` `created_at` DATETIME NOT NULL;
Executing (default): SHOW INDEX FROM `system_health_logs` FROM `pdflab`
Executing (default): SELECT TABLE_NAME FROM INFORMATION_SCHEMA.TABLES WHERE TABLE_TYPE = 'BASE TABLE' AND TABLE_NAME = 'conversion_jobs' AND TABLE_SCHEMA = 'pdflab'
Executing (default): SHOW FULL COLUMNS FROM `conversion_jobs`;
Executing (default): SELECT CONSTRAINT_NAME as constraint_name,CONSTRAINT_NAME as constraintName,CONSTRAINT_SCHEMA as constraintSchema,CONSTRAINT_SCHEMA as constraintCatalog,TABLE_NAME as tableName,TABLE_SCHEMA as tableSchema,TABLE_SCHEMA as tableCatalog,COLUMN_NAME as columnName,REFERENCED_TABLE_SCHEMA as referencedTableSchema,REFERENCED_TABLE_SCHEMA as referencedTableCatalog,REFERENCED_TABLE_NAME as referencedTableName,REFERENCED_COLUMN_NAME as referencedColumnName FROM INFORMATION_SCHEMA.KEY_COLUMN_USAGE where TABLE_NAME = 'conversion_jobs' AND CONSTRAINT_NAME!='PRIMARY' AND CONSTRAINT_SCHEMA='pdflab' AND REFERENCED_TABLE_NAME IS NOT NULL;
Executing (default): ALTER TABLE `conversion_jobs` CHANGE `user_id` `user_id` CHAR(36) BINARY;
Executing (default): ALTER TABLE `conversion_jobs` CHANGE `type` `type` ENUM('pdf_to_pptx', 'pdf_to_docx', 'pdf_to_xlsx', 'pdf_to_images', 'pdf_merge') NOT NULL;
Executing (default): ALTER TABLE `conversion_jobs` CHANGE `status` `status` ENUM('pending', 'queued', 'processing', 'completed', 'failed') NOT NULL DEFAULT 'pending';
Executing (default): ALTER TABLE `conversion_jobs` CHANGE `progress` `progress` INTEGER NOT NULL DEFAULT 0;
Executing (default): ALTER TABLE `conversion_jobs` CHANGE `input_file` `input_file` VARCHAR(500);
Executing (default): ALTER TABLE `conversion_jobs` CHANGE `output_file` `output_file` VARCHAR(500);
Executing (default): ALTER TABLE `conversion_jobs` CHANGE `file_name` `file_name` VARCHAR(255) NOT NULL;
Executing (default): ALTER TABLE `conversion_jobs` CHANGE `file_size` `file_size` BIGINT NOT NULL;
Executing (default): ALTER TABLE `conversion_jobs` CHANGE `cloudconvert_job_id` `cloudconvert_job_id` VARCHAR(255);
Executing (default): ALTER TABLE `conversion_jobs` CHANGE `error_message` `error_message` TEXT;
Executing (default): ALTER TABLE `conversion_jobs` CHANGE `estimated_time` `estimated_time` INTEGER COMMENT 'Estimated processing time in seconds';
Executing (default): ALTER TABLE `conversion_jobs` CHANGE `processing_started_at` `processing_started_at` DATETIME;
Executing (default): ALTER TABLE `conversion_jobs` CHANGE `processing_completed_at` `processing_completed_at` DATETIME;
Executing (default): ALTER TABLE `conversion_jobs` CHANGE `created_at` `created_at` DATETIME NOT NULL;
Executing (default): ALTER TABLE `conversion_jobs` CHANGE `updated_at` `updated_at` DATETIME NOT NULL;
Executing (default): ALTER TABLE `conversion_jobs` CHANGE `expires_at` `expires_at` DATETIME NOT NULL;
Executing (default): SHOW INDEX FROM `conversion_jobs` FROM `pdflab`
Executing (default): SELECT TABLE_NAME FROM INFORMATION_SCHEMA.TABLES WHERE TABLE_TYPE = 'BASE TABLE' AND TABLE_NAME = 'usage_logs' AND TABLE_SCHEMA = 'pdflab'
Executing (default): SHOW FULL COLUMNS FROM `usage_logs`;
Executing (default): SELECT CONSTRAINT_NAME as constraint_name,CONSTRAINT_NAME as constraintName,CONSTRAINT_SCHEMA as constraintSchema,CONSTRAINT_SCHEMA as constraintCatalog,TABLE_NAME as tableName,TABLE_SCHEMA as tableSchema,TABLE_SCHEMA as tableCatalog,COLUMN_NAME as columnName,REFERENCED_TABLE_SCHEMA as referencedTableSchema,REFERENCED_TABLE_SCHEMA as referencedTableCatalog,REFERENCED_TABLE_NAME as referencedTableName,REFERENCED_COLUMN_NAME as referencedColumnName FROM INFORMATION_SCHEMA.KEY_COLUMN_USAGE where TABLE_NAME = 'usage_logs' AND CONSTRAINT_NAME!='PRIMARY' AND CONSTRAINT_SCHEMA='pdflab' AND REFERENCED_TABLE_NAME IS NOT NULL;
Executing (default): SELECT CONSTRAINT_CATALOG AS constraintCatalog, CONSTRAINT_NAME AS constraintName, CONSTRAINT_SCHEMA AS constraintSchema, CONSTRAINT_TYPE AS constraintType, TABLE_NAME AS tableName, TABLE_SCHEMA AS tableSchema from INFORMATION_SCHEMA.TABLE_CONSTRAINTS WHERE table_name='usage_logs' AND constraint_name = 'usage_logs_ibfk_77' AND TABLE_SCHEMA = 'pdflab';
Executing (default): ALTER TABLE `usage_logs` DROP FOREIGN KEY `usage_logs_ibfk_77`;
Executing (default): ALTER TABLE `usage_logs` ADD FOREIGN KEY (`user_id`) REFERENCES `users` (`id`) ON DELETE CASCADE ON UPDATE CASCADE;
Executing (default): SELECT CONSTRAINT_CATALOG AS constraintCatalog, CONSTRAINT_NAME AS constraintName, CONSTRAINT_SCHEMA AS constraintSchema, CONSTRAINT_TYPE AS constraintType, TABLE_NAME AS tableName, TABLE_SCHEMA AS tableSchema from INFORMATION_SCHEMA.TABLE_CONSTRAINTS WHERE table_name='usage_logs' AND constraint_name = 'usage_logs_ibfk_78' AND TABLE_SCHEMA = 'pdflab';
Executing (default): ALTER TABLE `usage_logs` DROP FOREIGN KEY `usage_logs_ibfk_78`;
Executing (default): ALTER TABLE `usage_logs` ADD FOREIGN KEY (`job_id`) REFERENCES `conversion_jobs` (`id`) ON DELETE SET NULL ON UPDATE CASCADE;
Executing (default): ALTER TABLE `usage_logs` CHANGE `operation_type` `operation_type` VARCHAR(50) NOT NULL;
Executing (default): ALTER TABLE `usage_logs` CHANGE `success` `success` TINYINT(1) NOT NULL DEFAULT false;
Executing (default): ALTER TABLE `usage_logs` CHANGE `processing_time` `processing_time` INTEGER COMMENT 'Processing time in milliseconds';
Executing (default): ALTER TABLE `usage_logs` CHANGE `file_size` `file_size` BIGINT NOT NULL;
Executing (default): ALTER TABLE `usage_logs` CHANGE `error_code` `error_code` VARCHAR(50);
Executing (default): ALTER TABLE `usage_logs` CHANGE `timestamp` `timestamp` DATETIME NOT NULL;
Executing (default): SHOW INDEX FROM `usage_logs` FROM `pdflab`
Executing (default): SELECT TABLE_NAME FROM INFORMATION_SCHEMA.TABLES WHERE TABLE_TYPE = 'BASE TABLE' AND TABLE_NAME = 'subscriptions' AND TABLE_SCHEMA = 'pdflab'
Executing (default): SHOW FULL COLUMNS FROM `subscriptions`;
Executing (default): SELECT CONSTRAINT_NAME as constraint_name,CONSTRAINT_NAME as constraintName,CONSTRAINT_SCHEMA as constraintSchema,CONSTRAINT_SCHEMA as constraintCatalog,TABLE_NAME as tableName,TABLE_SCHEMA as tableSchema,TABLE_SCHEMA as tableCatalog,COLUMN_NAME as columnName,REFERENCED_TABLE_SCHEMA as referencedTableSchema,REFERENCED_TABLE_SCHEMA as referencedTableCatalog,REFERENCED_TABLE_NAME as referencedTableName,REFERENCED_COLUMN_NAME as referencedColumnName FROM INFORMATION_SCHEMA.KEY_COLUMN_USAGE where TABLE_NAME = 'subscriptions' AND CONSTRAINT_NAME!='PRIMARY' AND CONSTRAINT_SCHEMA='pdflab' AND REFERENCED_TABLE_NAME IS NOT NULL;
Executing (default): SELECT CONSTRAINT_CATALOG AS constraintCatalog, CONSTRAINT_NAME AS constraintName, CONSTRAINT_SCHEMA AS constraintSchema, CONSTRAINT_TYPE AS constraintType, TABLE_NAME AS tableName, TABLE_SCHEMA AS tableSchema from INFORMATION_SCHEMA.TABLE_CONSTRAINTS WHERE table_name='subscriptions' AND constraint_name = 'subscriptions_ibfk_1' AND TABLE_SCHEMA = 'pdflab';
Executing (default): ALTER TABLE `subscriptions` DROP FOREIGN KEY `subscriptions_ibfk_1`;
Executing (default): ALTER TABLE `subscriptions` ADD FOREIGN KEY (`user_id`) REFERENCES `users` (`id`) ON DELETE CASCADE ON UPDATE CASCADE;
Executing (default): ALTER TABLE `subscriptions` CHANGE `plan` `plan` ENUM('free', 'starter', 'pro', 'enterprise') NOT NULL DEFAULT 'free';
Executing (default): ALTER TABLE `subscriptions` CHANGE `status` `status` ENUM('active', 'canceled', 'past_due', 'trialing', 'pending') NOT NULL DEFAULT 'pending';
Executing (default): ALTER TABLE `subscriptions` CHANGE `payfast_token` `payfast_token` VARCHAR(255) COMMENT 'PayFast subscription token for recurring payments';
Executing (default): ALTER TABLE `subscriptions` CHANGE `payfast_subscription_id` `payfast_subscription_id` VARCHAR(255) COMMENT 'PayFast subscription ID';
Executing (default): ALTER TABLE `subscriptions` CHANGE `amount` `amount` DECIMAL(10,2) NOT NULL COMMENT 'Subscription amount in currency';
Executing (default): ALTER TABLE `subscriptions` CHANGE `currency` `currency` VARCHAR(3) NOT NULL DEFAULT 'USD' COMMENT 'Currency code (USD for United States Dollar)';
Executing (default): ALTER TABLE `subscriptions` CHANGE `billing_date` `billing_date` DATETIME COMMENT 'First billing date';
Executing (default): ALTER TABLE `subscriptions` CHANGE `next_billing_date` `next_billing_date` DATETIME COMMENT 'Next billing date for recurring subscription';
Executing (default): ALTER TABLE `subscriptions` CHANGE `cancel_at` `cancel_at` DATETIME COMMENT 'Scheduled cancellation date';
Executing (default): ALTER TABLE `subscriptions` CHANGE `canceled_at` `canceled_at` DATETIME COMMENT 'Actual cancellation timestamp';
Executing (default): ALTER TABLE `subscriptions` CHANGE `trial_end` `trial_end` DATETIME COMMENT 'Trial period end date';
Executing (default): ALTER TABLE `subscriptions` CHANGE `started_at` `started_at` DATETIME NOT NULL COMMENT 'Subscription start date';
Executing (default): ALTER TABLE `subscriptions` CHANGE `ended_at` `ended_at` DATETIME COMMENT 'Subscription end date (if canceled)';
Executing (default): ALTER TABLE `subscriptions` CHANGE `created_at` `created_at` DATETIME NOT NULL;
Executing (default): ALTER TABLE `subscriptions` CHANGE `updated_at` `updated_at` DATETIME NOT NULL;
Executing (default): SHOW INDEX FROM `subscriptions` FROM `pdflab`
Executing (default): SELECT TABLE_NAME FROM INFORMATION_SCHEMA.TABLES WHERE TABLE_TYPE = 'BASE TABLE' AND TABLE_NAME = 'payment_logs' AND TABLE_SCHEMA = 'pdflab'
Executing (default): SHOW FULL COLUMNS FROM `payment_logs`;
Executing (default): SELECT CONSTRAINT_NAME as constraint_name,CONSTRAINT_NAME as constraintName,CONSTRAINT_SCHEMA as constraintSchema,CONSTRAINT_SCHEMA as constraintCatalog,TABLE_NAME as tableName,TABLE_SCHEMA as tableSchema,TABLE_SCHEMA as tableCatalog,COLUMN_NAME as columnName,REFERENCED_TABLE_SCHEMA as referencedTableSchema,REFERENCED_TABLE_SCHEMA as referencedTableCatalog,REFERENCED_TABLE_NAME as referencedTableName,REFERENCED_COLUMN_NAME as referencedColumnName FROM INFORMATION_SCHEMA.KEY_COLUMN_USAGE where TABLE_NAME = 'payment_logs' AND CONSTRAINT_NAME!='PRIMARY' AND CONSTRAINT_SCHEMA='pdflab' AND REFERENCED_TABLE_NAME IS NOT NULL;
Executing (default): SELECT CONSTRAINT_CATALOG AS constraintCatalog, CONSTRAINT_NAME AS constraintName, CONSTRAINT_SCHEMA AS constraintSchema, CONSTRAINT_TYPE AS constraintType, TABLE_NAME AS tableName, TABLE_SCHEMA AS tableSchema from INFORMATION_SCHEMA.TABLE_CONSTRAINTS WHERE table_name='payment_logs' AND constraint_name = 'payment_logs_ibfk_59' AND TABLE_SCHEMA = 'pdflab';
Executing (default): ALTER TABLE `payment_logs` DROP FOREIGN KEY `payment_logs_ibfk_59`;
Executing (default): ALTER TABLE `payment_logs` ADD FOREIGN KEY (`user_id`) REFERENCES `users` (`id`) ON DELETE CASCADE ON UPDATE CASCADE;
Executing (default): SELECT CONSTRAINT_CATALOG AS constraintCatalog, CONSTRAINT_NAME AS constraintName, CONSTRAINT_SCHEMA AS constraintSchema, CONSTRAINT_TYPE AS constraintType, TABLE_NAME AS tableName, TABLE_SCHEMA AS tableSchema from INFORMATION_SCHEMA.TABLE_CONSTRAINTS WHERE table_name='payment_logs' AND constraint_name = 'payment_logs_ibfk_60' AND TABLE_SCHEMA = 'pdflab';
Executing (default): ALTER TABLE `payment_logs` DROP FOREIGN KEY `payment_logs_ibfk_60`;
Executing (default): ALTER TABLE `payment_logs` ADD FOREIGN KEY (`subscription_id`) REFERENCES `subscriptions` (`id`) ON DELETE SET NULL ON UPDATE CASCADE;
Executing (default): ALTER TABLE `payment_logs` CHANGE `transaction_id` `transaction_id` VARCHAR(255) NOT NULL UNIQUE COMMENT 'Our internal transaction ID (m_payment_id)';
Executing (default): ALTER TABLE `payment_logs` CHANGE `payfast_payment_id` `payfast_payment_id` VARCHAR(255) COMMENT 'PayFast payment ID (pf_payment_id)';
Executing (default): ALTER TABLE `payment_logs` CHANGE `payment_type` `payment_type` ENUM('subscription', 'subscription_payment', 'one_time', 'refund') NOT NULL DEFAULT 'one_time';
Executing (default): ALTER TABLE `payment_logs` CHANGE `status` `status` ENUM('complete', 'failed', 'pending', 'cancelled') NOT NULL DEFAULT 'pending';
Executing (default): ALTER TABLE `payment_logs` CHANGE `amount_gross` `amount_gross` DECIMAL(10,2) NOT NULL COMMENT 'Gross amount before fees';
Executing (default): ALTER TABLE `payment_logs` CHANGE `amount_fee` `amount_fee` DECIMAL(10,2) NOT NULL DEFAULT 0 COMMENT 'PayFast processing fee';
Executing (default): ALTER TABLE `payment_logs` CHANGE `amount_net` `amount_net` DECIMAL(10,2) NOT NULL COMMENT 'Net amount after fees';
Executing (default): ALTER TABLE `payment_logs` CHANGE `currency` `currency` VARCHAR(3) NOT NULL DEFAULT 'USD';
Executing (default): ALTER TABLE `payment_logs` CHANGE `plan` `plan` VARCHAR(50) NOT NULL COMMENT 'Plan name (free, starter, pro, enterprise)';
Executing (default): ALTER TABLE `payment_logs` CHANGE `payment_method` `payment_method` VARCHAR(50) COMMENT 'Payment method used (eft, credit_card, etc.)';
Executing (default): ALTER TABLE `payment_logs` CHANGE `name_first` `name_first` VARCHAR(255) NOT NULL;
Executing (default): ALTER TABLE `payment_logs` CHANGE `name_last` `name_last` VARCHAR(255);
Executing (default): ALTER TABLE `payment_logs` CHANGE `email_address` `email_address` VARCHAR(255) NOT NULL;
Executing (default): ALTER TABLE `payment_logs` CHANGE `item_name` `item_name` VARCHAR(255) NOT NULL;
Executing (default): ALTER TABLE `payment_logs` CHANGE `item_description` `item_description` TEXT;
Executing (default): ALTER TABLE `payment_logs` CHANGE `custom_data` `custom_data` JSON COMMENT 'Custom data sent to PayFast';
Executing (default): ALTER TABLE `payment_logs` CHANGE `itn_data` `itn_data` JSON COMMENT 'Full ITN notification data from PayFast';
Executing (default): ALTER TABLE `payment_logs` CHANGE `error_message` `error_message` TEXT COMMENT 'Error message if payment failed';
Executing (default): ALTER TABLE `payment_logs` CHANGE `processed_at` `processed_at` DATETIME COMMENT 'When the payment was processed';
Executing (default): ALTER TABLE `payment_logs` CHANGE `created_at` `created_at` DATETIME NOT NULL;
Executing (default): ALTER TABLE `payment_logs` CHANGE `updated_at` `updated_at` DATETIME NOT NULL;
Executing (default): SHOW INDEX FROM `payment_logs` FROM `pdflab`
Executing (default): SELECT TABLE_NAME FROM INFORMATION_SCHEMA.TABLES WHERE TABLE_TYPE = 'BASE TABLE' AND TABLE_NAME = 'password_history' AND TABLE_SCHEMA = 'pdflab'
Executing (default): SHOW FULL COLUMNS FROM `password_history`;
Executing (default): SELECT CONSTRAINT_NAME as constraint_name,CONSTRAINT_NAME as constraintName,CONSTRAINT_SCHEMA as constraintSchema,CONSTRAINT_SCHEMA as constraintCatalog,TABLE_NAME as tableName,TABLE_SCHEMA as tableSchema,TABLE_SCHEMA as tableCatalog,COLUMN_NAME as columnName,REFERENCED_TABLE_SCHEMA as referencedTableSchema,REFERENCED_TABLE_SCHEMA as referencedTableCatalog,REFERENCED_TABLE_NAME as referencedTableName,REFERENCED_COLUMN_NAME as referencedColumnName FROM INFORMATION_SCHEMA.KEY_COLUMN_USAGE where TABLE_NAME = 'password_history' AND CONSTRAINT_NAME!='PRIMARY' AND CONSTRAINT_SCHEMA='pdflab' AND REFERENCED_TABLE_NAME IS NOT NULL;
Executing (default): SELECT CONSTRAINT_CATALOG AS constraintCatalog, CONSTRAINT_NAME AS constraintName, CONSTRAINT_SCHEMA AS constraintSchema, CONSTRAINT_TYPE AS constraintType, TABLE_NAME AS tableName, TABLE_SCHEMA AS tableSchema from INFORMATION_SCHEMA.TABLE_CONSTRAINTS WHERE table_name='password_history' AND constraint_name = 'password_history_ibfk_1' AND TABLE_SCHEMA = 'pdflab';
Executing (default): ALTER TABLE `password_history` DROP FOREIGN KEY `password_history_ibfk_1`;
Executing (default): ALTER TABLE `password_history` ADD FOREIGN KEY (`user_id`) REFERENCES `users` (`id`) ON DELETE CASCADE ON UPDATE CASCADE;
Executing (default): ALTER TABLE `password_history` CHANGE `password_hash` `password_hash` VARCHAR(255) NOT NULL;
Executing (default): ALTER TABLE `password_history` CHANGE `created_at` `created_at` DATETIME NOT NULL;
Executing (default): SHOW INDEX FROM `password_history` FROM `pdflab`
✓ Database synchronized successfully
✓ Redis client connected
🔧 Initializing Bull queues...
  Creating conversion queue...
  ✓ Conversion queue created
  Creating cleanup queue...
  ✓ Cleanup queue created
✓ Bull queues initialized
✓ Initializing conversion worker...
✓ Initializing cleanup worker...
✓ Job workers initialized
[Quota Reset] Initializing monthly quota reset cron job...
[Quota Reset] Schedule: 0 0 1 * * (1st of month at midnight)
✓ Quota reset cron job initialized and scheduled
✓ Next reset: 2025-12-01T00:00:00.000-05:00
✓ Monthly quota reset scheduled
✓ PDFLab API Server running
✓ Environment: development
✓ Port: 3006
✓ Health check: http://localhost:3006/health
✓ API endpoint: http://localhost:3006/api
21:13:33 [tsx] change in ./src\middleware\guest.middleware.ts Restarting...
c⚠ Email service not configured - missing SMTP credentials
  Emails will be logged to console only (development mode)
🚀 Starting PDFLab Backend API...
Executing (default): SELECT 1+1 AS result
✓ Database connection established successfully
Executing (default): SELECT TABLE_NAME FROM INFORMATION_SCHEMA.TABLES WHERE TABLE_TYPE = 'BASE TABLE' AND TABLE_NAME = 'users' AND TABLE_SCHEMA = 'pdflab'
Executing (default): SHOW FULL COLUMNS FROM `users`;
Executing (default): SELECT CONSTRAINT_NAME as constraint_name,CONSTRAINT_NAME as constraintName,CONSTRAINT_SCHEMA as constraintSchema,CONSTRAINT_SCHEMA as constraintCatalog,TABLE_NAME as tableName,TABLE_SCHEMA as tableSchema,TABLE_SCHEMA as tableCatalog,COLUMN_NAME as columnName,REFERENCED_TABLE_SCHEMA as referencedTableSchema,REFERENCED_TABLE_SCHEMA as referencedTableCatalog,REFERENCED_TABLE_NAME as referencedTableName,REFERENCED_COLUMN_NAME as referencedColumnName FROM INFORMATION_SCHEMA.KEY_COLUMN_USAGE where TABLE_NAME = 'users' AND CONSTRAINT_NAME!='PRIMARY' AND CONSTRAINT_SCHEMA='pdflab' AND REFERENCED_TABLE_NAME IS NOT NULL;
Executing (default): ALTER TABLE `users` CHANGE `email` `email` VARCHAR(255) NOT NULL UNIQUE;
Executing (default): ALTER TABLE `users` CHANGE `password_hash` `password_hash` VARCHAR(255) NOT NULL;
Executing (default): ALTER TABLE `users` CHANGE `name` `name` VARCHAR(255);
Executing (default): ALTER TABLE `users` CHANGE `role` `role` ENUM('user', 'support', 'finance', 'admin', 'super_admin') NOT NULL DEFAULT 'user';
Executing (default): ALTER TABLE `users` CHANGE `plan` `plan` ENUM('free', 'starter', 'pro', 'enterprise') NOT NULL DEFAULT 'free';
Executing (default): ALTER TABLE `users` CHANGE `conversions_used` `conversions_used` INTEGER NOT NULL DEFAULT 0;
Executing (default): ALTER TABLE `users` CHANGE `conversions_limit` `conversions_limit` INTEGER NOT NULL DEFAULT 3;
Executing (default): ALTER TABLE `users` CHANGE `stripe_customer_id` `stripe_customer_id` VARCHAR(255);
Executing (default): ALTER TABLE `users` CHANGE `subscription_id` `subscription_id` VARCHAR(255);
Executing (default): ALTER TABLE `users` CHANGE `subscription_status` `subscription_status` ENUM('active', 'canceled', 'past_due', 'trialing');
Executing (default): ALTER TABLE `users` CHANGE `subscription_end_date` `subscription_end_date` DATETIME;
Executing (default): ALTER TABLE `users` CHANGE `failed_reset_attempts` `failed_reset_attempts` INTEGER NOT NULL DEFAULT 0;
Executing (default): ALTER TABLE `users` CHANGE `reset_locked_until` `reset_locked_until` DATETIME;
Executing (default): ALTER TABLE `users` CHANGE `created_at` `created_at` DATETIME NOT NULL;
Executing (default): ALTER TABLE `users` CHANGE `updated_at` `updated_at` DATETIME NOT NULL;
Executing (default): ALTER TABLE `users` CHANGE `last_login` `last_login` DATETIME;
Executing (default): SHOW INDEX FROM `users` FROM `pdflab`
Executing (default): SELECT TABLE_NAME FROM INFORMATION_SCHEMA.TABLES WHERE TABLE_TYPE = 'BASE TABLE' AND TABLE_NAME = 'admin_audit_logs' AND TABLE_SCHEMA = 'pdflab'
Executing (default): SHOW FULL COLUMNS FROM `admin_audit_logs`;
Executing (default): SELECT CONSTRAINT_NAME as constraint_name,CONSTRAINT_NAME as constraintName,CONSTRAINT_SCHEMA as constraintSchema,CONSTRAINT_SCHEMA as constraintCatalog,TABLE_NAME as tableName,TABLE_SCHEMA as tableSchema,TABLE_SCHEMA as tableCatalog,COLUMN_NAME as columnName,REFERENCED_TABLE_SCHEMA as referencedTableSchema,REFERENCED_TABLE_SCHEMA as referencedTableCatalog,REFERENCED_TABLE_NAME as referencedTableName,REFERENCED_COLUMN_NAME as referencedColumnName FROM INFORMATION_SCHEMA.KEY_COLUMN_USAGE where TABLE_NAME = 'admin_audit_logs' AND CONSTRAINT_NAME!='PRIMARY' AND CONSTRAINT_SCHEMA='pdflab' AND REFERENCED_TABLE_NAME IS NOT NULL;
Executing (default): SELECT CONSTRAINT_CATALOG AS constraintCatalog, CONSTRAINT_NAME AS constraintName, CONSTRAINT_SCHEMA AS constraintSchema, CONSTRAINT_TYPE AS constraintType, TABLE_NAME AS tableName, TABLE_SCHEMA AS tableSchema from INFORMATION_SCHEMA.TABLE_CONSTRAINTS WHERE table_name='admin_audit_logs' AND constraint_name = 'admin_audit_logs_ibfk_1' AND TABLE_SCHEMA = 'pdflab';
Executing (default): ALTER TABLE `admin_audit_logs` DROP FOREIGN KEY `admin_audit_logs_ibfk_1`;
Executing (default): ALTER TABLE `admin_audit_logs` ADD FOREIGN KEY (`admin_user_id`) REFERENCES `users` (`id`) ON DELETE CASCADE ON UPDATE CASCADE;
Executing (default): ALTER TABLE `admin_audit_logs` CHANGE `action` `action` VARCHAR(100) NOT NULL;
Executing (default): ALTER TABLE `admin_audit_logs` CHANGE `entity_type` `entity_type` VARCHAR(50) NOT NULL;
Executing (default): ALTER TABLE `admin_audit_logs` CHANGE `entity_id` `entity_id` CHAR(36) BINARY;
Executing (default): ALTER TABLE `admin_audit_logs` CHANGE `changes` `changes` JSON;
Executing (default): ALTER TABLE `admin_audit_logs` CHANGE `ip_address` `ip_address` VARCHAR(45);
Executing (default): ALTER TABLE `admin_audit_logs` CHANGE `user_agent` `user_agent` TEXT;
Executing (default): ALTER TABLE `admin_audit_logs` CHANGE `severity` `severity` ENUM('info', 'warning', 'critical') NOT NULL DEFAULT 'info';
Executing (default): ALTER TABLE `admin_audit_logs` CHANGE `checksum` `checksum` VARCHAR(64);
Executing (default): ALTER TABLE `admin_audit_logs` CHANGE `created_at` `created_at` DATETIME NOT NULL;
Executing (default): SHOW INDEX FROM `admin_audit_logs` FROM `pdflab`
Executing (default): SELECT TABLE_NAME FROM INFORMATION_SCHEMA.TABLES WHERE TABLE_TYPE = 'BASE TABLE' AND TABLE_NAME = 'system_health_logs' AND TABLE_SCHEMA = 'pdflab'
Executing (default): SHOW FULL COLUMNS FROM `system_health_logs`;
Executing (default): SELECT CONSTRAINT_NAME as constraint_name,CONSTRAINT_NAME as constraintName,CONSTRAINT_SCHEMA as constraintSchema,CONSTRAINT_SCHEMA as constraintCatalog,TABLE_NAME as tableName,TABLE_SCHEMA as tableSchema,TABLE_SCHEMA as tableCatalog,COLUMN_NAME as columnName,REFERENCED_TABLE_SCHEMA as referencedTableSchema,REFERENCED_TABLE_SCHEMA as referencedTableCatalog,REFERENCED_TABLE_NAME as referencedTableName,REFERENCED_COLUMN_NAME as referencedColumnName FROM INFORMATION_SCHEMA.KEY_COLUMN_USAGE where TABLE_NAME = 'system_health_logs' AND CONSTRAINT_NAME!='PRIMARY' AND CONSTRAINT_SCHEMA='pdflab' AND REFERENCED_TABLE_NAME IS NOT NULL;
Executing (default): ALTER TABLE `system_health_logs` CHANGE `metric_name` `metric_name` VARCHAR(100) NOT NULL;
Executing (default): ALTER TABLE `system_health_logs` CHANGE `metric_value` `metric_value` DECIMAL(10,2);
Executing (default): ALTER TABLE `system_health_logs` CHANGE `status` `status` ENUM('healthy', 'warning', 'critical') NOT NULL DEFAULT 'healthy';
Executing (default): ALTER TABLE `system_health_logs` CHANGE `details` `details` JSON;
Executing (default): ALTER TABLE `system_health_logs` CHANGE `created_at` `created_at` DATETIME NOT NULL;
Executing (default): SHOW INDEX FROM `system_health_logs` FROM `pdflab`
Executing (default): SELECT TABLE_NAME FROM INFORMATION_SCHEMA.TABLES WHERE TABLE_TYPE = 'BASE TABLE' AND TABLE_NAME = 'conversion_jobs' AND TABLE_SCHEMA = 'pdflab'
Executing (default): SHOW FULL COLUMNS FROM `conversion_jobs`;
Executing (default): SELECT CONSTRAINT_NAME as constraint_name,CONSTRAINT_NAME as constraintName,CONSTRAINT_SCHEMA as constraintSchema,CONSTRAINT_SCHEMA as constraintCatalog,TABLE_NAME as tableName,TABLE_SCHEMA as tableSchema,TABLE_SCHEMA as tableCatalog,COLUMN_NAME as columnName,REFERENCED_TABLE_SCHEMA as referencedTableSchema,REFERENCED_TABLE_SCHEMA as referencedTableCatalog,REFERENCED_TABLE_NAME as referencedTableName,REFERENCED_COLUMN_NAME as referencedColumnName FROM INFORMATION_SCHEMA.KEY_COLUMN_USAGE where TABLE_NAME = 'conversion_jobs' AND CONSTRAINT_NAME!='PRIMARY' AND CONSTRAINT_SCHEMA='pdflab' AND REFERENCED_TABLE_NAME IS NOT NULL;
Executing (default): ALTER TABLE `conversion_jobs` CHANGE `user_id` `user_id` CHAR(36) BINARY;
Executing (default): ALTER TABLE `conversion_jobs` CHANGE `type` `type` ENUM('pdf_to_pptx', 'pdf_to_docx', 'pdf_to_xlsx', 'pdf_to_images', 'pdf_merge') NOT NULL;
Executing (default): ALTER TABLE `conversion_jobs` CHANGE `status` `status` ENUM('pending', 'queued', 'processing', 'completed', 'failed') NOT NULL DEFAULT 'pending';
Executing (default): ALTER TABLE `conversion_jobs` CHANGE `progress` `progress` INTEGER NOT NULL DEFAULT 0;
Executing (default): ALTER TABLE `conversion_jobs` CHANGE `input_file` `input_file` VARCHAR(500);
Executing (default): ALTER TABLE `conversion_jobs` CHANGE `output_file` `output_file` VARCHAR(500);
Executing (default): ALTER TABLE `conversion_jobs` CHANGE `file_name` `file_name` VARCHAR(255) NOT NULL;
Executing (default): ALTER TABLE `conversion_jobs` CHANGE `file_size` `file_size` BIGINT NOT NULL;
Executing (default): ALTER TABLE `conversion_jobs` CHANGE `cloudconvert_job_id` `cloudconvert_job_id` VARCHAR(255);
Executing (default): ALTER TABLE `conversion_jobs` CHANGE `error_message` `error_message` TEXT;
Executing (default): ALTER TABLE `conversion_jobs` CHANGE `estimated_time` `estimated_time` INTEGER COMMENT 'Estimated processing time in seconds';
Executing (default): ALTER TABLE `conversion_jobs` CHANGE `processing_started_at` `processing_started_at` DATETIME;
Executing (default): ALTER TABLE `conversion_jobs` CHANGE `processing_completed_at` `processing_completed_at` DATETIME;
Executing (default): ALTER TABLE `conversion_jobs` CHANGE `created_at` `created_at` DATETIME NOT NULL;
Executing (default): ALTER TABLE `conversion_jobs` CHANGE `updated_at` `updated_at` DATETIME NOT NULL;
Executing (default): ALTER TABLE `conversion_jobs` CHANGE `expires_at` `expires_at` DATETIME NOT NULL;
Executing (default): SHOW INDEX FROM `conversion_jobs` FROM `pdflab`
Executing (default): SELECT TABLE_NAME FROM INFORMATION_SCHEMA.TABLES WHERE TABLE_TYPE = 'BASE TABLE' AND TABLE_NAME = 'usage_logs' AND TABLE_SCHEMA = 'pdflab'
Executing (default): SHOW FULL COLUMNS FROM `usage_logs`;
Executing (default): SELECT CONSTRAINT_NAME as constraint_name,CONSTRAINT_NAME as constraintName,CONSTRAINT_SCHEMA as constraintSchema,CONSTRAINT_SCHEMA as constraintCatalog,TABLE_NAME as tableName,TABLE_SCHEMA as tableSchema,TABLE_SCHEMA as tableCatalog,COLUMN_NAME as columnName,REFERENCED_TABLE_SCHEMA as referencedTableSchema,REFERENCED_TABLE_SCHEMA as referencedTableCatalog,REFERENCED_TABLE_NAME as referencedTableName,REFERENCED_COLUMN_NAME as referencedColumnName FROM INFORMATION_SCHEMA.KEY_COLUMN_USAGE where TABLE_NAME = 'usage_logs' AND CONSTRAINT_NAME!='PRIMARY' AND CONSTRAINT_SCHEMA='pdflab' AND REFERENCED_TABLE_NAME IS NOT NULL;
Executing (default): SELECT CONSTRAINT_CATALOG AS constraintCatalog, CONSTRAINT_NAME AS constraintName, CONSTRAINT_SCHEMA AS constraintSchema, CONSTRAINT_TYPE AS constraintType, TABLE_NAME AS tableName, TABLE_SCHEMA AS tableSchema from INFORMATION_SCHEMA.TABLE_CONSTRAINTS WHERE table_name='usage_logs' AND constraint_name = 'usage_logs_ibfk_79' AND TABLE_SCHEMA = 'pdflab';
Executing (default): ALTER TABLE `usage_logs` DROP FOREIGN KEY `usage_logs_ibfk_79`;
Executing (default): ALTER TABLE `usage_logs` ADD FOREIGN KEY (`user_id`) REFERENCES `users` (`id`) ON DELETE CASCADE ON UPDATE CASCADE;
Executing (default): SELECT CONSTRAINT_CATALOG AS constraintCatalog, CONSTRAINT_NAME AS constraintName, CONSTRAINT_SCHEMA AS constraintSchema, CONSTRAINT_TYPE AS constraintType, TABLE_NAME AS tableName, TABLE_SCHEMA AS tableSchema from INFORMATION_SCHEMA.TABLE_CONSTRAINTS WHERE table_name='usage_logs' AND constraint_name = 'usage_logs_ibfk_80' AND TABLE_SCHEMA = 'pdflab';
Executing (default): ALTER TABLE `usage_logs` DROP FOREIGN KEY `usage_logs_ibfk_80`;
Executing (default): ALTER TABLE `usage_logs` ADD FOREIGN KEY (`job_id`) REFERENCES `conversion_jobs` (`id`) ON DELETE SET NULL ON UPDATE CASCADE;
Executing (default): ALTER TABLE `usage_logs` CHANGE `operation_type` `operation_type` VARCHAR(50) NOT NULL;
Executing (default): ALTER TABLE `usage_logs` CHANGE `success` `success` TINYINT(1) NOT NULL DEFAULT false;
Executing (default): ALTER TABLE `usage_logs` CHANGE `processing_time` `processing_time` INTEGER COMMENT 'Processing time in milliseconds';
Executing (default): ALTER TABLE `usage_logs` CHANGE `file_size` `file_size` BIGINT NOT NULL;
Executing (default): ALTER TABLE `usage_logs` CHANGE `error_code` `error_code` VARCHAR(50);
Executing (default): ALTER TABLE `usage_logs` CHANGE `timestamp` `timestamp` DATETIME NOT NULL;
Executing (default): SHOW INDEX FROM `usage_logs` FROM `pdflab`
Executing (default): SELECT TABLE_NAME FROM INFORMATION_SCHEMA.TABLES WHERE TABLE_TYPE = 'BASE TABLE' AND TABLE_NAME = 'subscriptions' AND TABLE_SCHEMA = 'pdflab'
Executing (default): SHOW FULL COLUMNS FROM `subscriptions`;
Executing (default): SELECT CONSTRAINT_NAME as constraint_name,CONSTRAINT_NAME as constraintName,CONSTRAINT_SCHEMA as constraintSchema,CONSTRAINT_SCHEMA as constraintCatalog,TABLE_NAME as tableName,TABLE_SCHEMA as tableSchema,TABLE_SCHEMA as tableCatalog,COLUMN_NAME as columnName,REFERENCED_TABLE_SCHEMA as referencedTableSchema,REFERENCED_TABLE_SCHEMA as referencedTableCatalog,REFERENCED_TABLE_NAME as referencedTableName,REFERENCED_COLUMN_NAME as referencedColumnName FROM INFORMATION_SCHEMA.KEY_COLUMN_USAGE where TABLE_NAME = 'subscriptions' AND CONSTRAINT_NAME!='PRIMARY' AND CONSTRAINT_SCHEMA='pdflab' AND REFERENCED_TABLE_NAME IS NOT NULL;
Executing (default): SELECT CONSTRAINT_CATALOG AS constraintCatalog, CONSTRAINT_NAME AS constraintName, CONSTRAINT_SCHEMA AS constraintSchema, CONSTRAINT_TYPE AS constraintType, TABLE_NAME AS tableName, TABLE_SCHEMA AS tableSchema from INFORMATION_SCHEMA.TABLE_CONSTRAINTS WHERE table_name='subscriptions' AND constraint_name = 'subscriptions_ibfk_1' AND TABLE_SCHEMA = 'pdflab';
Executing (default): ALTER TABLE `subscriptions` DROP FOREIGN KEY `subscriptions_ibfk_1`;
Executing (default): ALTER TABLE `subscriptions` ADD FOREIGN KEY (`user_id`) REFERENCES `users` (`id`) ON DELETE CASCADE ON UPDATE CASCADE;
Executing (default): ALTER TABLE `subscriptions` CHANGE `plan` `plan` ENUM('free', 'starter', 'pro', 'enterprise') NOT NULL DEFAULT 'free';
Executing (default): ALTER TABLE `subscriptions` CHANGE `status` `status` ENUM('active', 'canceled', 'past_due', 'trialing', 'pending') NOT NULL DEFAULT 'pending';
Executing (default): ALTER TABLE `subscriptions` CHANGE `payfast_token` `payfast_token` VARCHAR(255) COMMENT 'PayFast subscription token for recurring payments';
Executing (default): ALTER TABLE `subscriptions` CHANGE `payfast_subscription_id` `payfast_subscription_id` VARCHAR(255) COMMENT 'PayFast subscription ID';
Executing (default): ALTER TABLE `subscriptions` CHANGE `amount` `amount` DECIMAL(10,2) NOT NULL COMMENT 'Subscription amount in currency';
Executing (default): ALTER TABLE `subscriptions` CHANGE `currency` `currency` VARCHAR(3) NOT NULL DEFAULT 'USD' COMMENT 'Currency code (USD for United States Dollar)';
Executing (default): ALTER TABLE `subscriptions` CHANGE `billing_date` `billing_date` DATETIME COMMENT 'First billing date';
Executing (default): ALTER TABLE `subscriptions` CHANGE `next_billing_date` `next_billing_date` DATETIME COMMENT 'Next billing date for recurring subscription';
Executing (default): ALTER TABLE `subscriptions` CHANGE `cancel_at` `cancel_at` DATETIME COMMENT 'Scheduled cancellation date';
Executing (default): ALTER TABLE `subscriptions` CHANGE `canceled_at` `canceled_at` DATETIME COMMENT 'Actual cancellation timestamp';
Executing (default): ALTER TABLE `subscriptions` CHANGE `trial_end` `trial_end` DATETIME COMMENT 'Trial period end date';
Executing (default): ALTER TABLE `subscriptions` CHANGE `started_at` `started_at` DATETIME NOT NULL COMMENT 'Subscription start date';
Executing (default): ALTER TABLE `subscriptions` CHANGE `ended_at` `ended_at` DATETIME COMMENT 'Subscription end date (if canceled)';
Executing (default): ALTER TABLE `subscriptions` CHANGE `created_at` `created_at` DATETIME NOT NULL;
Executing (default): ALTER TABLE `subscriptions` CHANGE `updated_at` `updated_at` DATETIME NOT NULL;
Executing (default): SHOW INDEX FROM `subscriptions` FROM `pdflab`
Executing (default): SELECT TABLE_NAME FROM INFORMATION_SCHEMA.TABLES WHERE TABLE_TYPE = 'BASE TABLE' AND TABLE_NAME = 'payment_logs' AND TABLE_SCHEMA = 'pdflab'
Executing (default): SHOW FULL COLUMNS FROM `payment_logs`;
Executing (default): SELECT CONSTRAINT_NAME as constraint_name,CONSTRAINT_NAME as constraintName,CONSTRAINT_SCHEMA as constraintSchema,CONSTRAINT_SCHEMA as constraintCatalog,TABLE_NAME as tableName,TABLE_SCHEMA as tableSchema,TABLE_SCHEMA as tableCatalog,COLUMN_NAME as columnName,REFERENCED_TABLE_SCHEMA as referencedTableSchema,REFERENCED_TABLE_SCHEMA as referencedTableCatalog,REFERENCED_TABLE_NAME as referencedTableName,REFERENCED_COLUMN_NAME as referencedColumnName FROM INFORMATION_SCHEMA.KEY_COLUMN_USAGE where TABLE_NAME = 'payment_logs' AND CONSTRAINT_NAME!='PRIMARY' AND CONSTRAINT_SCHEMA='pdflab' AND REFERENCED_TABLE_NAME IS NOT NULL;
Executing (default): SELECT CONSTRAINT_CATALOG AS constraintCatalog, CONSTRAINT_NAME AS constraintName, CONSTRAINT_SCHEMA AS constraintSchema, CONSTRAINT_TYPE AS constraintType, TABLE_NAME AS tableName, TABLE_SCHEMA AS tableSchema from INFORMATION_SCHEMA.TABLE_CONSTRAINTS WHERE table_name='payment_logs' AND constraint_name = 'payment_logs_ibfk_61' AND TABLE_SCHEMA = 'pdflab';
Executing (default): ALTER TABLE `payment_logs` DROP FOREIGN KEY `payment_logs_ibfk_61`;
Executing (default): ALTER TABLE `payment_logs` ADD FOREIGN KEY (`user_id`) REFERENCES `users` (`id`) ON DELETE CASCADE ON UPDATE CASCADE;
Executing (default): SELECT CONSTRAINT_CATALOG AS constraintCatalog, CONSTRAINT_NAME AS constraintName, CONSTRAINT_SCHEMA AS constraintSchema, CONSTRAINT_TYPE AS constraintType, TABLE_NAME AS tableName, TABLE_SCHEMA AS tableSchema from INFORMATION_SCHEMA.TABLE_CONSTRAINTS WHERE table_name='payment_logs' AND constraint_name = 'payment_logs_ibfk_62' AND TABLE_SCHEMA = 'pdflab';
Executing (default): ALTER TABLE `payment_logs` DROP FOREIGN KEY `payment_logs_ibfk_62`;
Executing (default): ALTER TABLE `payment_logs` ADD FOREIGN KEY (`subscription_id`) REFERENCES `subscriptions` (`id`) ON DELETE SET NULL ON UPDATE CASCADE;
Executing (default): ALTER TABLE `payment_logs` CHANGE `transaction_id` `transaction_id` VARCHAR(255) NOT NULL UNIQUE COMMENT 'Our internal transaction ID (m_payment_id)';
Executing (default): ALTER TABLE `payment_logs` CHANGE `payfast_payment_id` `payfast_payment_id` VARCHAR(255) COMMENT 'PayFast payment ID (pf_payment_id)';
Executing (default): ALTER TABLE `payment_logs` CHANGE `payment_type` `payment_type` ENUM('subscription', 'subscription_payment', 'one_time', 'refund') NOT NULL DEFAULT 'one_time';
Executing (default): ALTER TABLE `payment_logs` CHANGE `status` `status` ENUM('complete', 'failed', 'pending', 'cancelled') NOT NULL DEFAULT 'pending';
Executing (default): ALTER TABLE `payment_logs` CHANGE `amount_gross` `amount_gross` DECIMAL(10,2) NOT NULL COMMENT 'Gross amount before fees';
Executing (default): ALTER TABLE `payment_logs` CHANGE `amount_fee` `amount_fee` DECIMAL(10,2) NOT NULL DEFAULT 0 COMMENT 'PayFast processing fee';
Executing (default): ALTER TABLE `payment_logs` CHANGE `amount_net` `amount_net` DECIMAL(10,2) NOT NULL COMMENT 'Net amount after fees';
Executing (default): ALTER TABLE `payment_logs` CHANGE `currency` `currency` VARCHAR(3) NOT NULL DEFAULT 'USD';
Executing (default): ALTER TABLE `payment_logs` CHANGE `plan` `plan` VARCHAR(50) NOT NULL COMMENT 'Plan name (free, starter, pro, enterprise)';
Executing (default): ALTER TABLE `payment_logs` CHANGE `payment_method` `payment_method` VARCHAR(50) COMMENT 'Payment method used (eft, credit_card, etc.)';
Executing (default): ALTER TABLE `payment_logs` CHANGE `name_first` `name_first` VARCHAR(255) NOT NULL;
Executing (default): ALTER TABLE `payment_logs` CHANGE `name_last` `name_last` VARCHAR(255);
Executing (default): ALTER TABLE `payment_logs` CHANGE `email_address` `email_address` VARCHAR(255) NOT NULL;
Executing (default): ALTER TABLE `payment_logs` CHANGE `item_name` `item_name` VARCHAR(255) NOT NULL;
Executing (default): ALTER TABLE `payment_logs` CHANGE `item_description` `item_description` TEXT;
Executing (default): ALTER TABLE `payment_logs` CHANGE `custom_data` `custom_data` JSON COMMENT 'Custom data sent to PayFast';
Executing (default): ALTER TABLE `payment_logs` CHANGE `itn_data` `itn_data` JSON COMMENT 'Full ITN notification data from PayFast';
Executing (default): ALTER TABLE `payment_logs` CHANGE `error_message` `error_message` TEXT COMMENT 'Error message if payment failed';
Executing (default): ALTER TABLE `payment_logs` CHANGE `processed_at` `processed_at` DATETIME COMMENT 'When the payment was processed';
Executing (default): ALTER TABLE `payment_logs` CHANGE `created_at` `created_at` DATETIME NOT NULL;
Executing (default): ALTER TABLE `payment_logs` CHANGE `updated_at` `updated_at` DATETIME NOT NULL;
Executing (default): SHOW INDEX FROM `payment_logs` FROM `pdflab`
Executing (default): SELECT TABLE_NAME FROM INFORMATION_SCHEMA.TABLES WHERE TABLE_TYPE = 'BASE TABLE' AND TABLE_NAME = 'password_history' AND TABLE_SCHEMA = 'pdflab'
Executing (default): SHOW FULL COLUMNS FROM `password_history`;
Executing (default): SELECT CONSTRAINT_NAME as constraint_name,CONSTRAINT_NAME as constraintName,CONSTRAINT_SCHEMA as constraintSchema,CONSTRAINT_SCHEMA as constraintCatalog,TABLE_NAME as tableName,TABLE_SCHEMA as tableSchema,TABLE_SCHEMA as tableCatalog,COLUMN_NAME as columnName,REFERENCED_TABLE_SCHEMA as referencedTableSchema,REFERENCED_TABLE_SCHEMA as referencedTableCatalog,REFERENCED_TABLE_NAME as referencedTableName,REFERENCED_COLUMN_NAME as referencedColumnName FROM INFORMATION_SCHEMA.KEY_COLUMN_USAGE where TABLE_NAME = 'password_history' AND CONSTRAINT_NAME!='PRIMARY' AND CONSTRAINT_SCHEMA='pdflab' AND REFERENCED_TABLE_NAME IS NOT NULL;
Executing (default): SELECT CONSTRAINT_CATALOG AS constraintCatalog, CONSTRAINT_NAME AS constraintName, CONSTRAINT_SCHEMA AS constraintSchema, CONSTRAINT_TYPE AS constraintType, TABLE_NAME AS tableName, TABLE_SCHEMA AS tableSchema from INFORMATION_SCHEMA.TABLE_CONSTRAINTS WHERE table_name='password_history' AND constraint_name = 'password_history_ibfk_1' AND TABLE_SCHEMA = 'pdflab';
Executing (default): ALTER TABLE `password_history` DROP FOREIGN KEY `password_history_ibfk_1`;
Executing (default): ALTER TABLE `password_history` ADD FOREIGN KEY (`user_id`) REFERENCES `users` (`id`) ON DELETE CASCADE ON UPDATE CASCADE;
Executing (default): ALTER TABLE `password_history` CHANGE `password_hash` `password_hash` VARCHAR(255) NOT NULL;
Executing (default): ALTER TABLE `password_history` CHANGE `created_at` `created_at` DATETIME NOT NULL;
Executing (default): SHOW INDEX FROM `password_history` FROM `pdflab`
✓ Database synchronized successfully
✓ Redis client connected
🔧 Initializing Bull queues...
  Creating conversion queue...
  ✓ Conversion queue created
  Creating cleanup queue...
  ✓ Cleanup queue created
✓ Bull queues initialized
✓ Initializing conversion worker...
✓ Initializing cleanup worker...
✓ Job workers initialized
[Quota Reset] Initializing monthly quota reset cron job...
[Quota Reset] Schedule: 0 0 1 * * (1st of month at midnight)
✓ Quota reset cron job initialized and scheduled
✓ Next reset: 2025-12-01T00:00:00.000-05:00
✓ Monthly quota reset scheduled
✓ PDFLab API Server running
✓ Environment: development
✓ Port: 3006
✓ Health check: http://localhost:3006/health
✓ API endpoint: http://localhost:3006/api
21:13:59 [tsx] change in ./src\controllers\conversion.controller.ts Restarting...
c⚠ Email service not configured - missing SMTP credentials
  Emails will be logged to console only (development mode)
🚀 Starting PDFLab Backend API...
Executing (default): SELECT 1+1 AS result
✓ Database connection established successfully
Executing (default): SELECT TABLE_NAME FROM INFORMATION_SCHEMA.TABLES WHERE TABLE_TYPE = 'BASE TABLE' AND TABLE_NAME = 'users' AND TABLE_SCHEMA = 'pdflab'
Executing (default): SHOW FULL COLUMNS FROM `users`;
Executing (default): SELECT CONSTRAINT_NAME as constraint_name,CONSTRAINT_NAME as constraintName,CONSTRAINT_SCHEMA as constraintSchema,CONSTRAINT_SCHEMA as constraintCatalog,TABLE_NAME as tableName,TABLE_SCHEMA as tableSchema,TABLE_SCHEMA as tableCatalog,COLUMN_NAME as columnName,REFERENCED_TABLE_SCHEMA as referencedTableSchema,REFERENCED_TABLE_SCHEMA as referencedTableCatalog,REFERENCED_TABLE_NAME as referencedTableName,REFERENCED_COLUMN_NAME as referencedColumnName FROM INFORMATION_SCHEMA.KEY_COLUMN_USAGE where TABLE_NAME = 'users' AND CONSTRAINT_NAME!='PRIMARY' AND CONSTRAINT_SCHEMA='pdflab' AND REFERENCED_TABLE_NAME IS NOT NULL;
Executing (default): ALTER TABLE `users` CHANGE `email` `email` VARCHAR(255) NOT NULL UNIQUE;
Executing (default): ALTER TABLE `users` CHANGE `password_hash` `password_hash` VARCHAR(255) NOT NULL;
Executing (default): ALTER TABLE `users` CHANGE `name` `name` VARCHAR(255);
Executing (default): ALTER TABLE `users` CHANGE `role` `role` ENUM('user', 'support', 'finance', 'admin', 'super_admin') NOT NULL DEFAULT 'user';
Executing (default): ALTER TABLE `users` CHANGE `plan` `plan` ENUM('free', 'starter', 'pro', 'enterprise') NOT NULL DEFAULT 'free';
Executing (default): ALTER TABLE `users` CHANGE `conversions_used` `conversions_used` INTEGER NOT NULL DEFAULT 0;
Executing (default): ALTER TABLE `users` CHANGE `conversions_limit` `conversions_limit` INTEGER NOT NULL DEFAULT 3;
Executing (default): ALTER TABLE `users` CHANGE `stripe_customer_id` `stripe_customer_id` VARCHAR(255);
Executing (default): ALTER TABLE `users` CHANGE `subscription_id` `subscription_id` VARCHAR(255);
Executing (default): ALTER TABLE `users` CHANGE `subscription_status` `subscription_status` ENUM('active', 'canceled', 'past_due', 'trialing');
Executing (default): ALTER TABLE `users` CHANGE `subscription_end_date` `subscription_end_date` DATETIME;
Executing (default): ALTER TABLE `users` CHANGE `failed_reset_attempts` `failed_reset_attempts` INTEGER NOT NULL DEFAULT 0;
Executing (default): ALTER TABLE `users` CHANGE `reset_locked_until` `reset_locked_until` DATETIME;
Executing (default): ALTER TABLE `users` CHANGE `created_at` `created_at` DATETIME NOT NULL;
Executing (default): ALTER TABLE `users` CHANGE `updated_at` `updated_at` DATETIME NOT NULL;
Executing (default): ALTER TABLE `users` CHANGE `last_login` `last_login` DATETIME;
Executing (default): SHOW INDEX FROM `users` FROM `pdflab`
Executing (default): SELECT TABLE_NAME FROM INFORMATION_SCHEMA.TABLES WHERE TABLE_TYPE = 'BASE TABLE' AND TABLE_NAME = 'admin_audit_logs' AND TABLE_SCHEMA = 'pdflab'
Executing (default): SHOW FULL COLUMNS FROM `admin_audit_logs`;
Executing (default): SELECT CONSTRAINT_NAME as constraint_name,CONSTRAINT_NAME as constraintName,CONSTRAINT_SCHEMA as constraintSchema,CONSTRAINT_SCHEMA as constraintCatalog,TABLE_NAME as tableName,TABLE_SCHEMA as tableSchema,TABLE_SCHEMA as tableCatalog,COLUMN_NAME as columnName,REFERENCED_TABLE_SCHEMA as referencedTableSchema,REFERENCED_TABLE_SCHEMA as referencedTableCatalog,REFERENCED_TABLE_NAME as referencedTableName,REFERENCED_COLUMN_NAME as referencedColumnName FROM INFORMATION_SCHEMA.KEY_COLUMN_USAGE where TABLE_NAME = 'admin_audit_logs' AND CONSTRAINT_NAME!='PRIMARY' AND CONSTRAINT_SCHEMA='pdflab' AND REFERENCED_TABLE_NAME IS NOT NULL;
Executing (default): SELECT CONSTRAINT_CATALOG AS constraintCatalog, CONSTRAINT_NAME AS constraintName, CONSTRAINT_SCHEMA AS constraintSchema, CONSTRAINT_TYPE AS constraintType, TABLE_NAME AS tableName, TABLE_SCHEMA AS tableSchema from INFORMATION_SCHEMA.TABLE_CONSTRAINTS WHERE table_name='admin_audit_logs' AND constraint_name = 'admin_audit_logs_ibfk_1' AND TABLE_SCHEMA = 'pdflab';
Executing (default): ALTER TABLE `admin_audit_logs` DROP FOREIGN KEY `admin_audit_logs_ibfk_1`;
Executing (default): ALTER TABLE `admin_audit_logs` ADD FOREIGN KEY (`admin_user_id`) REFERENCES `users` (`id`) ON DELETE CASCADE ON UPDATE CASCADE;
Executing (default): ALTER TABLE `admin_audit_logs` CHANGE `action` `action` VARCHAR(100) NOT NULL;
Executing (default): ALTER TABLE `admin_audit_logs` CHANGE `entity_type` `entity_type` VARCHAR(50) NOT NULL;
Executing (default): ALTER TABLE `admin_audit_logs` CHANGE `entity_id` `entity_id` CHAR(36) BINARY;
Executing (default): ALTER TABLE `admin_audit_logs` CHANGE `changes` `changes` JSON;
Executing (default): ALTER TABLE `admin_audit_logs` CHANGE `ip_address` `ip_address` VARCHAR(45);
Executing (default): ALTER TABLE `admin_audit_logs` CHANGE `user_agent` `user_agent` TEXT;
Executing (default): ALTER TABLE `admin_audit_logs` CHANGE `severity` `severity` ENUM('info', 'warning', 'critical') NOT NULL DEFAULT 'info';
Executing (default): ALTER TABLE `admin_audit_logs` CHANGE `checksum` `checksum` VARCHAR(64);
Executing (default): ALTER TABLE `admin_audit_logs` CHANGE `created_at` `created_at` DATETIME NOT NULL;
Executing (default): SHOW INDEX FROM `admin_audit_logs` FROM `pdflab`
Executing (default): SELECT TABLE_NAME FROM INFORMATION_SCHEMA.TABLES WHERE TABLE_TYPE = 'BASE TABLE' AND TABLE_NAME = 'system_health_logs' AND TABLE_SCHEMA = 'pdflab'
Executing (default): SHOW FULL COLUMNS FROM `system_health_logs`;
Executing (default): SELECT CONSTRAINT_NAME as constraint_name,CONSTRAINT_NAME as constraintName,CONSTRAINT_SCHEMA as constraintSchema,CONSTRAINT_SCHEMA as constraintCatalog,TABLE_NAME as tableName,TABLE_SCHEMA as tableSchema,TABLE_SCHEMA as tableCatalog,COLUMN_NAME as columnName,REFERENCED_TABLE_SCHEMA as referencedTableSchema,REFERENCED_TABLE_SCHEMA as referencedTableCatalog,REFERENCED_TABLE_NAME as referencedTableName,REFERENCED_COLUMN_NAME as referencedColumnName FROM INFORMATION_SCHEMA.KEY_COLUMN_USAGE where TABLE_NAME = 'system_health_logs' AND CONSTRAINT_NAME!='PRIMARY' AND CONSTRAINT_SCHEMA='pdflab' AND REFERENCED_TABLE_NAME IS NOT NULL;
Executing (default): ALTER TABLE `system_health_logs` CHANGE `metric_name` `metric_name` VARCHAR(100) NOT NULL;
Executing (default): ALTER TABLE `system_health_logs` CHANGE `metric_value` `metric_value` DECIMAL(10,2);
Executing (default): ALTER TABLE `system_health_logs` CHANGE `status` `status` ENUM('healthy', 'warning', 'critical') NOT NULL DEFAULT 'healthy';
Executing (default): ALTER TABLE `system_health_logs` CHANGE `details` `details` JSON;
Executing (default): ALTER TABLE `system_health_logs` CHANGE `created_at` `created_at` DATETIME NOT NULL;
Executing (default): SHOW INDEX FROM `system_health_logs` FROM `pdflab`
Executing (default): SELECT TABLE_NAME FROM INFORMATION_SCHEMA.TABLES WHERE TABLE_TYPE = 'BASE TABLE' AND TABLE_NAME = 'conversion_jobs' AND TABLE_SCHEMA = 'pdflab'
Executing (default): SHOW FULL COLUMNS FROM `conversion_jobs`;
Executing (default): SELECT CONSTRAINT_NAME as constraint_name,CONSTRAINT_NAME as constraintName,CONSTRAINT_SCHEMA as constraintSchema,CONSTRAINT_SCHEMA as constraintCatalog,TABLE_NAME as tableName,TABLE_SCHEMA as tableSchema,TABLE_SCHEMA as tableCatalog,COLUMN_NAME as columnName,REFERENCED_TABLE_SCHEMA as referencedTableSchema,REFERENCED_TABLE_SCHEMA as referencedTableCatalog,REFERENCED_TABLE_NAME as referencedTableName,REFERENCED_COLUMN_NAME as referencedColumnName FROM INFORMATION_SCHEMA.KEY_COLUMN_USAGE where TABLE_NAME = 'conversion_jobs' AND CONSTRAINT_NAME!='PRIMARY' AND CONSTRAINT_SCHEMA='pdflab' AND REFERENCED_TABLE_NAME IS NOT NULL;
Executing (default): ALTER TABLE `conversion_jobs` CHANGE `user_id` `user_id` CHAR(36) BINARY;
Executing (default): ALTER TABLE `conversion_jobs` CHANGE `type` `type` ENUM('pdf_to_pptx', 'pdf_to_docx', 'pdf_to_xlsx', 'pdf_to_images', 'pdf_merge') NOT NULL;
Executing (default): ALTER TABLE `conversion_jobs` CHANGE `status` `status` ENUM('pending', 'queued', 'processing', 'completed', 'failed') NOT NULL DEFAULT 'pending';
Executing (default): ALTER TABLE `conversion_jobs` CHANGE `progress` `progress` INTEGER NOT NULL DEFAULT 0;
Executing (default): ALTER TABLE `conversion_jobs` CHANGE `input_file` `input_file` VARCHAR(500);
Executing (default): ALTER TABLE `conversion_jobs` CHANGE `output_file` `output_file` VARCHAR(500);
Executing (default): ALTER TABLE `conversion_jobs` CHANGE `file_name` `file_name` VARCHAR(255) NOT NULL;
Executing (default): ALTER TABLE `conversion_jobs` CHANGE `file_size` `file_size` BIGINT NOT NULL;
Executing (default): ALTER TABLE `conversion_jobs` CHANGE `cloudconvert_job_id` `cloudconvert_job_id` VARCHAR(255);
Executing (default): ALTER TABLE `conversion_jobs` CHANGE `error_message` `error_message` TEXT;
Executing (default): ALTER TABLE `conversion_jobs` CHANGE `estimated_time` `estimated_time` INTEGER COMMENT 'Estimated processing time in seconds';
Executing (default): ALTER TABLE `conversion_jobs` CHANGE `processing_started_at` `processing_started_at` DATETIME;
Executing (default): ALTER TABLE `conversion_jobs` CHANGE `processing_completed_at` `processing_completed_at` DATETIME;
Executing (default): ALTER TABLE `conversion_jobs` CHANGE `created_at` `created_at` DATETIME NOT NULL;
Executing (default): ALTER TABLE `conversion_jobs` CHANGE `updated_at` `updated_at` DATETIME NOT NULL;
Executing (default): ALTER TABLE `conversion_jobs` CHANGE `expires_at` `expires_at` DATETIME NOT NULL;
Executing (default): SHOW INDEX FROM `conversion_jobs` FROM `pdflab`
Executing (default): SELECT TABLE_NAME FROM INFORMATION_SCHEMA.TABLES WHERE TABLE_TYPE = 'BASE TABLE' AND TABLE_NAME = 'usage_logs' AND TABLE_SCHEMA = 'pdflab'
Executing (default): SHOW FULL COLUMNS FROM `usage_logs`;
Executing (default): SELECT CONSTRAINT_NAME as constraint_name,CONSTRAINT_NAME as constraintName,CONSTRAINT_SCHEMA as constraintSchema,CONSTRAINT_SCHEMA as constraintCatalog,TABLE_NAME as tableName,TABLE_SCHEMA as tableSchema,TABLE_SCHEMA as tableCatalog,COLUMN_NAME as columnName,REFERENCED_TABLE_SCHEMA as referencedTableSchema,REFERENCED_TABLE_SCHEMA as referencedTableCatalog,REFERENCED_TABLE_NAME as referencedTableName,REFERENCED_COLUMN_NAME as referencedColumnName FROM INFORMATION_SCHEMA.KEY_COLUMN_USAGE where TABLE_NAME = 'usage_logs' AND CONSTRAINT_NAME!='PRIMARY' AND CONSTRAINT_SCHEMA='pdflab' AND REFERENCED_TABLE_NAME IS NOT NULL;
Executing (default): SELECT CONSTRAINT_CATALOG AS constraintCatalog, CONSTRAINT_NAME AS constraintName, CONSTRAINT_SCHEMA AS constraintSchema, CONSTRAINT_TYPE AS constraintType, TABLE_NAME AS tableName, TABLE_SCHEMA AS tableSchema from INFORMATION_SCHEMA.TABLE_CONSTRAINTS WHERE table_name='usage_logs' AND constraint_name = 'usage_logs_ibfk_81' AND TABLE_SCHEMA = 'pdflab';
Executing (default): ALTER TABLE `usage_logs` DROP FOREIGN KEY `usage_logs_ibfk_81`;
Executing (default): ALTER TABLE `usage_logs` ADD FOREIGN KEY (`user_id`) REFERENCES `users` (`id`) ON DELETE CASCADE ON UPDATE CASCADE;
Executing (default): SELECT CONSTRAINT_CATALOG AS constraintCatalog, CONSTRAINT_NAME AS constraintName, CONSTRAINT_SCHEMA AS constraintSchema, CONSTRAINT_TYPE AS constraintType, TABLE_NAME AS tableName, TABLE_SCHEMA AS tableSchema from INFORMATION_SCHEMA.TABLE_CONSTRAINTS WHERE table_name='usage_logs' AND constraint_name = 'usage_logs_ibfk_82' AND TABLE_SCHEMA = 'pdflab';
Executing (default): ALTER TABLE `usage_logs` DROP FOREIGN KEY `usage_logs_ibfk_82`;
Executing (default): ALTER TABLE `usage_logs` ADD FOREIGN KEY (`job_id`) REFERENCES `conversion_jobs` (`id`) ON DELETE SET NULL ON UPDATE CASCADE;
Executing (default): ALTER TABLE `usage_logs` CHANGE `operation_type` `operation_type` VARCHAR(50) NOT NULL;
Executing (default): ALTER TABLE `usage_logs` CHANGE `success` `success` TINYINT(1) NOT NULL DEFAULT false;
Executing (default): ALTER TABLE `usage_logs` CHANGE `processing_time` `processing_time` INTEGER COMMENT 'Processing time in milliseconds';
Executing (default): ALTER TABLE `usage_logs` CHANGE `file_size` `file_size` BIGINT NOT NULL;
Executing (default): ALTER TABLE `usage_logs` CHANGE `error_code` `error_code` VARCHAR(50);
Executing (default): ALTER TABLE `usage_logs` CHANGE `timestamp` `timestamp` DATETIME NOT NULL;
Executing (default): SHOW INDEX FROM `usage_logs` FROM `pdflab`
Executing (default): SELECT TABLE_NAME FROM INFORMATION_SCHEMA.TABLES WHERE TABLE_TYPE = 'BASE TABLE' AND TABLE_NAME = 'subscriptions' AND TABLE_SCHEMA = 'pdflab'
Executing (default): SHOW FULL COLUMNS FROM `subscriptions`;
Executing (default): SELECT CONSTRAINT_NAME as constraint_name,CONSTRAINT_NAME as constraintName,CONSTRAINT_SCHEMA as constraintSchema,CONSTRAINT_SCHEMA as constraintCatalog,TABLE_NAME as tableName,TABLE_SCHEMA as tableSchema,TABLE_SCHEMA as tableCatalog,COLUMN_NAME as columnName,REFERENCED_TABLE_SCHEMA as referencedTableSchema,REFERENCED_TABLE_SCHEMA as referencedTableCatalog,REFERENCED_TABLE_NAME as referencedTableName,REFERENCED_COLUMN_NAME as referencedColumnName FROM INFORMATION_SCHEMA.KEY_COLUMN_USAGE where TABLE_NAME = 'subscriptions' AND CONSTRAINT_NAME!='PRIMARY' AND CONSTRAINT_SCHEMA='pdflab' AND REFERENCED_TABLE_NAME IS NOT NULL;
Executing (default): SELECT CONSTRAINT_CATALOG AS constraintCatalog, CONSTRAINT_NAME AS constraintName, CONSTRAINT_SCHEMA AS constraintSchema, CONSTRAINT_TYPE AS constraintType, TABLE_NAME AS tableName, TABLE_SCHEMA AS tableSchema from INFORMATION_SCHEMA.TABLE_CONSTRAINTS WHERE table_name='subscriptions' AND constraint_name = 'subscriptions_ibfk_1' AND TABLE_SCHEMA = 'pdflab';
Executing (default): ALTER TABLE `subscriptions` DROP FOREIGN KEY `subscriptions_ibfk_1`;
Executing (default): ALTER TABLE `subscriptions` ADD FOREIGN KEY (`user_id`) REFERENCES `users` (`id`) ON DELETE CASCADE ON UPDATE CASCADE;
Executing (default): ALTER TABLE `subscriptions` CHANGE `plan` `plan` ENUM('free', 'starter', 'pro', 'enterprise') NOT NULL DEFAULT 'free';
Executing (default): ALTER TABLE `subscriptions` CHANGE `status` `status` ENUM('active', 'canceled', 'past_due', 'trialing', 'pending') NOT NULL DEFAULT 'pending';
Executing (default): ALTER TABLE `subscriptions` CHANGE `payfast_token` `payfast_token` VARCHAR(255) COMMENT 'PayFast subscription token for recurring payments';
Executing (default): ALTER TABLE `subscriptions` CHANGE `payfast_subscription_id` `payfast_subscription_id` VARCHAR(255) COMMENT 'PayFast subscription ID';
Executing (default): ALTER TABLE `subscriptions` CHANGE `amount` `amount` DECIMAL(10,2) NOT NULL COMMENT 'Subscription amount in currency';
Executing (default): ALTER TABLE `subscriptions` CHANGE `currency` `currency` VARCHAR(3) NOT NULL DEFAULT 'USD' COMMENT 'Currency code (USD for United States Dollar)';
Executing (default): ALTER TABLE `subscriptions` CHANGE `billing_date` `billing_date` DATETIME COMMENT 'First billing date';
Executing (default): ALTER TABLE `subscriptions` CHANGE `next_billing_date` `next_billing_date` DATETIME COMMENT 'Next billing date for recurring subscription';
Executing (default): ALTER TABLE `subscriptions` CHANGE `cancel_at` `cancel_at` DATETIME COMMENT 'Scheduled cancellation date';
Executing (default): ALTER TABLE `subscriptions` CHANGE `canceled_at` `canceled_at` DATETIME COMMENT 'Actual cancellation timestamp';
Executing (default): ALTER TABLE `subscriptions` CHANGE `trial_end` `trial_end` DATETIME COMMENT 'Trial period end date';
Executing (default): ALTER TABLE `subscriptions` CHANGE `started_at` `started_at` DATETIME NOT NULL COMMENT 'Subscription start date';
Executing (default): ALTER TABLE `subscriptions` CHANGE `ended_at` `ended_at` DATETIME COMMENT 'Subscription end date (if canceled)';
Executing (default): ALTER TABLE `subscriptions` CHANGE `created_at` `created_at` DATETIME NOT NULL;
Executing (default): ALTER TABLE `subscriptions` CHANGE `updated_at` `updated_at` DATETIME NOT NULL;
Executing (default): SHOW INDEX FROM `subscriptions` FROM `pdflab`
Executing (default): SELECT TABLE_NAME FROM INFORMATION_SCHEMA.TABLES WHERE TABLE_TYPE = 'BASE TABLE' AND TABLE_NAME = 'payment_logs' AND TABLE_SCHEMA = 'pdflab'
Executing (default): SHOW FULL COLUMNS FROM `payment_logs`;
Executing (default): SELECT CONSTRAINT_NAME as constraint_name,CONSTRAINT_NAME as constraintName,CONSTRAINT_SCHEMA as constraintSchema,CONSTRAINT_SCHEMA as constraintCatalog,TABLE_NAME as tableName,TABLE_SCHEMA as tableSchema,TABLE_SCHEMA as tableCatalog,COLUMN_NAME as columnName,REFERENCED_TABLE_SCHEMA as referencedTableSchema,REFERENCED_TABLE_SCHEMA as referencedTableCatalog,REFERENCED_TABLE_NAME as referencedTableName,REFERENCED_COLUMN_NAME as referencedColumnName FROM INFORMATION_SCHEMA.KEY_COLUMN_USAGE where TABLE_NAME = 'payment_logs' AND CONSTRAINT_NAME!='PRIMARY' AND CONSTRAINT_SCHEMA='pdflab' AND REFERENCED_TABLE_NAME IS NOT NULL;
Executing (default): SELECT CONSTRAINT_CATALOG AS constraintCatalog, CONSTRAINT_NAME AS constraintName, CONSTRAINT_SCHEMA AS constraintSchema, CONSTRAINT_TYPE AS constraintType, TABLE_NAME AS tableName, TABLE_SCHEMA AS tableSchema from INFORMATION_SCHEMA.TABLE_CONSTRAINTS WHERE table_name='payment_logs' AND constraint_name = 'payment_logs_ibfk_63' AND TABLE_SCHEMA = 'pdflab';
Executing (default): ALTER TABLE `payment_logs` DROP FOREIGN KEY `payment_logs_ibfk_63`;
Executing (default): ALTER TABLE `payment_logs` ADD FOREIGN KEY (`user_id`) REFERENCES `users` (`id`) ON DELETE CASCADE ON UPDATE CASCADE;
Executing (default): SELECT CONSTRAINT_CATALOG AS constraintCatalog, CONSTRAINT_NAME AS constraintName, CONSTRAINT_SCHEMA AS constraintSchema, CONSTRAINT_TYPE AS constraintType, TABLE_NAME AS tableName, TABLE_SCHEMA AS tableSchema from INFORMATION_SCHEMA.TABLE_CONSTRAINTS WHERE table_name='payment_logs' AND constraint_name = 'payment_logs_ibfk_64' AND TABLE_SCHEMA = 'pdflab';
Executing (default): ALTER TABLE `payment_logs` DROP FOREIGN KEY `payment_logs_ibfk_64`;
Executing (default): ALTER TABLE `payment_logs` ADD FOREIGN KEY (`subscription_id`) REFERENCES `subscriptions` (`id`) ON DELETE SET NULL ON UPDATE CASCADE;
Executing (default): ALTER TABLE `payment_logs` CHANGE `transaction_id` `transaction_id` VARCHAR(255) NOT NULL UNIQUE COMMENT 'Our internal transaction ID (m_payment_id)';
Executing (default): ALTER TABLE `payment_logs` CHANGE `payfast_payment_id` `payfast_payment_id` VARCHAR(255) COMMENT 'PayFast payment ID (pf_payment_id)';
Executing (default): ALTER TABLE `payment_logs` CHANGE `payment_type` `payment_type` ENUM('subscription', 'subscription_payment', 'one_time', 'refund') NOT NULL DEFAULT 'one_time';
Executing (default): ALTER TABLE `payment_logs` CHANGE `status` `status` ENUM('complete', 'failed', 'pending', 'cancelled') NOT NULL DEFAULT 'pending';
Executing (default): ALTER TABLE `payment_logs` CHANGE `amount_gross` `amount_gross` DECIMAL(10,2) NOT NULL COMMENT 'Gross amount before fees';
Executing (default): ALTER TABLE `payment_logs` CHANGE `amount_fee` `amount_fee` DECIMAL(10,2) NOT NULL DEFAULT 0 COMMENT 'PayFast processing fee';
Executing (default): ALTER TABLE `payment_logs` CHANGE `amount_net` `amount_net` DECIMAL(10,2) NOT NULL COMMENT 'Net amount after fees';
Executing (default): ALTER TABLE `payment_logs` CHANGE `currency` `currency` VARCHAR(3) NOT NULL DEFAULT 'USD';
Executing (default): ALTER TABLE `payment_logs` CHANGE `plan` `plan` VARCHAR(50) NOT NULL COMMENT 'Plan name (free, starter, pro, enterprise)';
Executing (default): ALTER TABLE `payment_logs` CHANGE `payment_method` `payment_method` VARCHAR(50) COMMENT 'Payment method used (eft, credit_card, etc.)';
Executing (default): ALTER TABLE `payment_logs` CHANGE `name_first` `name_first` VARCHAR(255) NOT NULL;
Executing (default): ALTER TABLE `payment_logs` CHANGE `name_last` `name_last` VARCHAR(255);
Executing (default): ALTER TABLE `payment_logs` CHANGE `email_address` `email_address` VARCHAR(255) NOT NULL;
Executing (default): ALTER TABLE `payment_logs` CHANGE `item_name` `item_name` VARCHAR(255) NOT NULL;
Executing (default): ALTER TABLE `payment_logs` CHANGE `item_description` `item_description` TEXT;
Executing (default): ALTER TABLE `payment_logs` CHANGE `custom_data` `custom_data` JSON COMMENT 'Custom data sent to PayFast';
Executing (default): ALTER TABLE `payment_logs` CHANGE `itn_data` `itn_data` JSON COMMENT 'Full ITN notification data from PayFast';
Executing (default): ALTER TABLE `payment_logs` CHANGE `error_message` `error_message` TEXT COMMENT 'Error message if payment failed';
Executing (default): ALTER TABLE `payment_logs` CHANGE `processed_at` `processed_at` DATETIME COMMENT 'When the payment was processed';
Executing (default): ALTER TABLE `payment_logs` CHANGE `created_at` `created_at` DATETIME NOT NULL;
Executing (default): ALTER TABLE `payment_logs` CHANGE `updated_at` `updated_at` DATETIME NOT NULL;
Executing (default): SHOW INDEX FROM `payment_logs` FROM `pdflab`
Executing (default): SELECT TABLE_NAME FROM INFORMATION_SCHEMA.TABLES WHERE TABLE_TYPE = 'BASE TABLE' AND TABLE_NAME = 'password_history' AND TABLE_SCHEMA = 'pdflab'
Executing (default): SHOW FULL COLUMNS FROM `password_history`;
Executing (default): SELECT CONSTRAINT_NAME as constraint_name,CONSTRAINT_NAME as constraintName,CONSTRAINT_SCHEMA as constraintSchema,CONSTRAINT_SCHEMA as constraintCatalog,TABLE_NAME as tableName,TABLE_SCHEMA as tableSchema,TABLE_SCHEMA as tableCatalog,COLUMN_NAME as columnName,REFERENCED_TABLE_SCHEMA as referencedTableSchema,REFERENCED_TABLE_SCHEMA as referencedTableCatalog,REFERENCED_TABLE_NAME as referencedTableName,REFERENCED_COLUMN_NAME as referencedColumnName FROM INFORMATION_SCHEMA.KEY_COLUMN_USAGE where TABLE_NAME = 'password_history' AND CONSTRAINT_NAME!='PRIMARY' AND CONSTRAINT_SCHEMA='pdflab' AND REFERENCED_TABLE_NAME IS NOT NULL;
Executing (default): SELECT CONSTRAINT_CATALOG AS constraintCatalog, CONSTRAINT_NAME AS constraintName, CONSTRAINT_SCHEMA AS constraintSchema, CONSTRAINT_TYPE AS constraintType, TABLE_NAME AS tableName, TABLE_SCHEMA AS tableSchema from INFORMATION_SCHEMA.TABLE_CONSTRAINTS WHERE table_name='password_history' AND constraint_name = 'password_history_ibfk_1' AND TABLE_SCHEMA = 'pdflab';
Executing (default): ALTER TABLE `password_history` DROP FOREIGN KEY `password_history_ibfk_1`;
Executing (default): ALTER TABLE `password_history` ADD FOREIGN KEY (`user_id`) REFERENCES `users` (`id`) ON DELETE CASCADE ON UPDATE CASCADE;
Executing (default): ALTER TABLE `password_history` CHANGE `password_hash` `password_hash` VARCHAR(255) NOT NULL;
Executing (default): ALTER TABLE `password_history` CHANGE `created_at` `created_at` DATETIME NOT NULL;
Executing (default): SHOW INDEX FROM `password_history` FROM `pdflab`
✓ Database synchronized successfully
✓ Redis client connected
🔧 Initializing Bull queues...
  Creating conversion queue...
  ✓ Conversion queue created
  Creating cleanup queue...
  ✓ Cleanup queue created
✓ Bull queues initialized
✓ Initializing conversion worker...
✓ Initializing cleanup worker...
✓ Job workers initialized
[Quota Reset] Initializing monthly quota reset cron job...
[Quota Reset] Schedule: 0 0 1 * * (1st of month at midnight)
✓ Quota reset cron job initialized and scheduled
✓ Next reset: 2025-12-01T00:00:00.000-05:00
✓ Monthly quota reset scheduled
✓ PDFLab API Server running
✓ Environment: development
✓ Port: 3006
✓ Health check: http://localhost:3006/health
✓ API endpoint: http://localhost:3006/api
21:14:22 [tsx] change in ./src\controllers\conversion.controller.ts Restarting...
c⚠ Email service not configured - missing SMTP credentials
  Emails will be logged to console only (development mode)
🚀 Starting PDFLab Backend API...
Executing (default): SELECT 1+1 AS result
✓ Database connection established successfully
Executing (default): SELECT TABLE_NAME FROM INFORMATION_SCHEMA.TABLES WHERE TABLE_TYPE = 'BASE TABLE' AND TABLE_NAME = 'users' AND TABLE_SCHEMA = 'pdflab'
Executing (default): SHOW FULL COLUMNS FROM `users`;
Executing (default): SELECT CONSTRAINT_NAME as constraint_name,CONSTRAINT_NAME as constraintName,CONSTRAINT_SCHEMA as constraintSchema,CONSTRAINT_SCHEMA as constraintCatalog,TABLE_NAME as tableName,TABLE_SCHEMA as tableSchema,TABLE_SCHEMA as tableCatalog,COLUMN_NAME as columnName,REFERENCED_TABLE_SCHEMA as referencedTableSchema,REFERENCED_TABLE_SCHEMA as referencedTableCatalog,REFERENCED_TABLE_NAME as referencedTableName,REFERENCED_COLUMN_NAME as referencedColumnName FROM INFORMATION_SCHEMA.KEY_COLUMN_USAGE where TABLE_NAME = 'users' AND CONSTRAINT_NAME!='PRIMARY' AND CONSTRAINT_SCHEMA='pdflab' AND REFERENCED_TABLE_NAME IS NOT NULL;
Executing (default): ALTER TABLE `users` CHANGE `email` `email` VARCHAR(255) NOT NULL UNIQUE;
Executing (default): ALTER TABLE `users` CHANGE `password_hash` `password_hash` VARCHAR(255) NOT NULL;
Executing (default): ALTER TABLE `users` CHANGE `name` `name` VARCHAR(255);
Executing (default): ALTER TABLE `users` CHANGE `role` `role` ENUM('user', 'support', 'finance', 'admin', 'super_admin') NOT NULL DEFAULT 'user';
Executing (default): ALTER TABLE `users` CHANGE `plan` `plan` ENUM('free', 'starter', 'pro', 'enterprise') NOT NULL DEFAULT 'free';
Executing (default): ALTER TABLE `users` CHANGE `conversions_used` `conversions_used` INTEGER NOT NULL DEFAULT 0;
Executing (default): ALTER TABLE `users` CHANGE `conversions_limit` `conversions_limit` INTEGER NOT NULL DEFAULT 3;
Executing (default): ALTER TABLE `users` CHANGE `stripe_customer_id` `stripe_customer_id` VARCHAR(255);
Executing (default): ALTER TABLE `users` CHANGE `subscription_id` `subscription_id` VARCHAR(255);
Executing (default): ALTER TABLE `users` CHANGE `subscription_status` `subscription_status` ENUM('active', 'canceled', 'past_due', 'trialing');
Executing (default): ALTER TABLE `users` CHANGE `subscription_end_date` `subscription_end_date` DATETIME;
Executing (default): ALTER TABLE `users` CHANGE `failed_reset_attempts` `failed_reset_attempts` INTEGER NOT NULL DEFAULT 0;
Executing (default): ALTER TABLE `users` CHANGE `reset_locked_until` `reset_locked_until` DATETIME;
Executing (default): ALTER TABLE `users` CHANGE `created_at` `created_at` DATETIME NOT NULL;
Executing (default): ALTER TABLE `users` CHANGE `updated_at` `updated_at` DATETIME NOT NULL;
Executing (default): ALTER TABLE `users` CHANGE `last_login` `last_login` DATETIME;
Executing (default): SHOW INDEX FROM `users` FROM `pdflab`
Executing (default): SELECT TABLE_NAME FROM INFORMATION_SCHEMA.TABLES WHERE TABLE_TYPE = 'BASE TABLE' AND TABLE_NAME = 'admin_audit_logs' AND TABLE_SCHEMA = 'pdflab'
Executing (default): SHOW FULL COLUMNS FROM `admin_audit_logs`;
Executing (default): SELECT CONSTRAINT_NAME as constraint_name,CONSTRAINT_NAME as constraintName,CONSTRAINT_SCHEMA as constraintSchema,CONSTRAINT_SCHEMA as constraintCatalog,TABLE_NAME as tableName,TABLE_SCHEMA as tableSchema,TABLE_SCHEMA as tableCatalog,COLUMN_NAME as columnName,REFERENCED_TABLE_SCHEMA as referencedTableSchema,REFERENCED_TABLE_SCHEMA as referencedTableCatalog,REFERENCED_TABLE_NAME as referencedTableName,REFERENCED_COLUMN_NAME as referencedColumnName FROM INFORMATION_SCHEMA.KEY_COLUMN_USAGE where TABLE_NAME = 'admin_audit_logs' AND CONSTRAINT_NAME!='PRIMARY' AND CONSTRAINT_SCHEMA='pdflab' AND REFERENCED_TABLE_NAME IS NOT NULL;
Executing (default): SELECT CONSTRAINT_CATALOG AS constraintCatalog, CONSTRAINT_NAME AS constraintName, CONSTRAINT_SCHEMA AS constraintSchema, CONSTRAINT_TYPE AS constraintType, TABLE_NAME AS tableName, TABLE_SCHEMA AS tableSchema from INFORMATION_SCHEMA.TABLE_CONSTRAINTS WHERE table_name='admin_audit_logs' AND constraint_name = 'admin_audit_logs_ibfk_1' AND TABLE_SCHEMA = 'pdflab';
Executing (default): ALTER TABLE `admin_audit_logs` DROP FOREIGN KEY `admin_audit_logs_ibfk_1`;
Executing (default): ALTER TABLE `admin_audit_logs` ADD FOREIGN KEY (`admin_user_id`) REFERENCES `users` (`id`) ON DELETE CASCADE ON UPDATE CASCADE;
Executing (default): ALTER TABLE `admin_audit_logs` CHANGE `action` `action` VARCHAR(100) NOT NULL;
Executing (default): ALTER TABLE `admin_audit_logs` CHANGE `entity_type` `entity_type` VARCHAR(50) NOT NULL;
Executing (default): ALTER TABLE `admin_audit_logs` CHANGE `entity_id` `entity_id` CHAR(36) BINARY;
Executing (default): ALTER TABLE `admin_audit_logs` CHANGE `changes` `changes` JSON;
Executing (default): ALTER TABLE `admin_audit_logs` CHANGE `ip_address` `ip_address` VARCHAR(45);
Executing (default): ALTER TABLE `admin_audit_logs` CHANGE `user_agent` `user_agent` TEXT;
Executing (default): ALTER TABLE `admin_audit_logs` CHANGE `severity` `severity` ENUM('info', 'warning', 'critical') NOT NULL DEFAULT 'info';
Executing (default): ALTER TABLE `admin_audit_logs` CHANGE `checksum` `checksum` VARCHAR(64);
Executing (default): ALTER TABLE `admin_audit_logs` CHANGE `created_at` `created_at` DATETIME NOT NULL;
Executing (default): SHOW INDEX FROM `admin_audit_logs` FROM `pdflab`
Executing (default): SELECT TABLE_NAME FROM INFORMATION_SCHEMA.TABLES WHERE TABLE_TYPE = 'BASE TABLE' AND TABLE_NAME = 'system_health_logs' AND TABLE_SCHEMA = 'pdflab'
Executing (default): SHOW FULL COLUMNS FROM `system_health_logs`;
Executing (default): SELECT CONSTRAINT_NAME as constraint_name,CONSTRAINT_NAME as constraintName,CONSTRAINT_SCHEMA as constraintSchema,CONSTRAINT_SCHEMA as constraintCatalog,TABLE_NAME as tableName,TABLE_SCHEMA as tableSchema,TABLE_SCHEMA as tableCatalog,COLUMN_NAME as columnName,REFERENCED_TABLE_SCHEMA as referencedTableSchema,REFERENCED_TABLE_SCHEMA as referencedTableCatalog,REFERENCED_TABLE_NAME as referencedTableName,REFERENCED_COLUMN_NAME as referencedColumnName FROM INFORMATION_SCHEMA.KEY_COLUMN_USAGE where TABLE_NAME = 'system_health_logs' AND CONSTRAINT_NAME!='PRIMARY' AND CONSTRAINT_SCHEMA='pdflab' AND REFERENCED_TABLE_NAME IS NOT NULL;
Executing (default): ALTER TABLE `system_health_logs` CHANGE `metric_name` `metric_name` VARCHAR(100) NOT NULL;
Executing (default): ALTER TABLE `system_health_logs` CHANGE `metric_value` `metric_value` DECIMAL(10,2);
Executing (default): ALTER TABLE `system_health_logs` CHANGE `status` `status` ENUM('healthy', 'warning', 'critical') NOT NULL DEFAULT 'healthy';
Executing (default): ALTER TABLE `system_health_logs` CHANGE `details` `details` JSON;
Executing (default): ALTER TABLE `system_health_logs` CHANGE `created_at` `created_at` DATETIME NOT NULL;
Executing (default): SHOW INDEX FROM `system_health_logs` FROM `pdflab`
Executing (default): SELECT TABLE_NAME FROM INFORMATION_SCHEMA.TABLES WHERE TABLE_TYPE = 'BASE TABLE' AND TABLE_NAME = 'conversion_jobs' AND TABLE_SCHEMA = 'pdflab'
Executing (default): SHOW FULL COLUMNS FROM `conversion_jobs`;
Executing (default): SELECT CONSTRAINT_NAME as constraint_name,CONSTRAINT_NAME as constraintName,CONSTRAINT_SCHEMA as constraintSchema,CONSTRAINT_SCHEMA as constraintCatalog,TABLE_NAME as tableName,TABLE_SCHEMA as tableSchema,TABLE_SCHEMA as tableCatalog,COLUMN_NAME as columnName,REFERENCED_TABLE_SCHEMA as referencedTableSchema,REFERENCED_TABLE_SCHEMA as referencedTableCatalog,REFERENCED_TABLE_NAME as referencedTableName,REFERENCED_COLUMN_NAME as referencedColumnName FROM INFORMATION_SCHEMA.KEY_COLUMN_USAGE where TABLE_NAME = 'conversion_jobs' AND CONSTRAINT_NAME!='PRIMARY' AND CONSTRAINT_SCHEMA='pdflab' AND REFERENCED_TABLE_NAME IS NOT NULL;
Executing (default): ALTER TABLE `conversion_jobs` CHANGE `user_id` `user_id` CHAR(36) BINARY;
Executing (default): ALTER TABLE `conversion_jobs` CHANGE `type` `type` ENUM('pdf_to_pptx', 'pdf_to_docx', 'pdf_to_xlsx', 'pdf_to_images', 'pdf_merge') NOT NULL;
Executing (default): ALTER TABLE `conversion_jobs` CHANGE `status` `status` ENUM('pending', 'queued', 'processing', 'completed', 'failed') NOT NULL DEFAULT 'pending';
Executing (default): ALTER TABLE `conversion_jobs` CHANGE `progress` `progress` INTEGER NOT NULL DEFAULT 0;
Executing (default): ALTER TABLE `conversion_jobs` CHANGE `input_file` `input_file` VARCHAR(500);
Executing (default): ALTER TABLE `conversion_jobs` CHANGE `output_file` `output_file` VARCHAR(500);
Executing (default): ALTER TABLE `conversion_jobs` CHANGE `file_name` `file_name` VARCHAR(255) NOT NULL;
Executing (default): ALTER TABLE `conversion_jobs` CHANGE `file_size` `file_size` BIGINT NOT NULL;
Executing (default): ALTER TABLE `conversion_jobs` CHANGE `cloudconvert_job_id` `cloudconvert_job_id` VARCHAR(255);
Executing (default): ALTER TABLE `conversion_jobs` CHANGE `error_message` `error_message` TEXT;
Executing (default): ALTER TABLE `conversion_jobs` CHANGE `estimated_time` `estimated_time` INTEGER COMMENT 'Estimated processing time in seconds';
Executing (default): ALTER TABLE `conversion_jobs` CHANGE `processing_started_at` `processing_started_at` DATETIME;
Executing (default): ALTER TABLE `conversion_jobs` CHANGE `processing_completed_at` `processing_completed_at` DATETIME;
Executing (default): ALTER TABLE `conversion_jobs` CHANGE `created_at` `created_at` DATETIME NOT NULL;
Executing (default): ALTER TABLE `conversion_jobs` CHANGE `updated_at` `updated_at` DATETIME NOT NULL;
Executing (default): ALTER TABLE `conversion_jobs` CHANGE `expires_at` `expires_at` DATETIME NOT NULL;
Executing (default): SHOW INDEX FROM `conversion_jobs` FROM `pdflab`
Executing (default): SELECT TABLE_NAME FROM INFORMATION_SCHEMA.TABLES WHERE TABLE_TYPE = 'BASE TABLE' AND TABLE_NAME = 'usage_logs' AND TABLE_SCHEMA = 'pdflab'
Executing (default): SHOW FULL COLUMNS FROM `usage_logs`;
Executing (default): SELECT CONSTRAINT_NAME as constraint_name,CONSTRAINT_NAME as constraintName,CONSTRAINT_SCHEMA as constraintSchema,CONSTRAINT_SCHEMA as constraintCatalog,TABLE_NAME as tableName,TABLE_SCHEMA as tableSchema,TABLE_SCHEMA as tableCatalog,COLUMN_NAME as columnName,REFERENCED_TABLE_SCHEMA as referencedTableSchema,REFERENCED_TABLE_SCHEMA as referencedTableCatalog,REFERENCED_TABLE_NAME as referencedTableName,REFERENCED_COLUMN_NAME as referencedColumnName FROM INFORMATION_SCHEMA.KEY_COLUMN_USAGE where TABLE_NAME = 'usage_logs' AND CONSTRAINT_NAME!='PRIMARY' AND CONSTRAINT_SCHEMA='pdflab' AND REFERENCED_TABLE_NAME IS NOT NULL;
Executing (default): SELECT CONSTRAINT_CATALOG AS constraintCatalog, CONSTRAINT_NAME AS constraintName, CONSTRAINT_SCHEMA AS constraintSchema, CONSTRAINT_TYPE AS constraintType, TABLE_NAME AS tableName, TABLE_SCHEMA AS tableSchema from INFORMATION_SCHEMA.TABLE_CONSTRAINTS WHERE table_name='usage_logs' AND constraint_name = 'usage_logs_ibfk_83' AND TABLE_SCHEMA = 'pdflab';
Executing (default): ALTER TABLE `usage_logs` DROP FOREIGN KEY `usage_logs_ibfk_83`;
Executing (default): ALTER TABLE `usage_logs` ADD FOREIGN KEY (`user_id`) REFERENCES `users` (`id`) ON DELETE CASCADE ON UPDATE CASCADE;
Executing (default): SELECT CONSTRAINT_CATALOG AS constraintCatalog, CONSTRAINT_NAME AS constraintName, CONSTRAINT_SCHEMA AS constraintSchema, CONSTRAINT_TYPE AS constraintType, TABLE_NAME AS tableName, TABLE_SCHEMA AS tableSchema from INFORMATION_SCHEMA.TABLE_CONSTRAINTS WHERE table_name='usage_logs' AND constraint_name = 'usage_logs_ibfk_84' AND TABLE_SCHEMA = 'pdflab';
Executing (default): ALTER TABLE `usage_logs` DROP FOREIGN KEY `usage_logs_ibfk_84`;
Executing (default): ALTER TABLE `usage_logs` ADD FOREIGN KEY (`job_id`) REFERENCES `conversion_jobs` (`id`) ON DELETE SET NULL ON UPDATE CASCADE;
Executing (default): ALTER TABLE `usage_logs` CHANGE `operation_type` `operation_type` VARCHAR(50) NOT NULL;
Executing (default): ALTER TABLE `usage_logs` CHANGE `success` `success` TINYINT(1) NOT NULL DEFAULT false;
Executing (default): ALTER TABLE `usage_logs` CHANGE `processing_time` `processing_time` INTEGER COMMENT 'Processing time in milliseconds';
Executing (default): ALTER TABLE `usage_logs` CHANGE `file_size` `file_size` BIGINT NOT NULL;
Executing (default): ALTER TABLE `usage_logs` CHANGE `error_code` `error_code` VARCHAR(50);
Executing (default): ALTER TABLE `usage_logs` CHANGE `timestamp` `timestamp` DATETIME NOT NULL;
Executing (default): SHOW INDEX FROM `usage_logs` FROM `pdflab`
Executing (default): SELECT TABLE_NAME FROM INFORMATION_SCHEMA.TABLES WHERE TABLE_TYPE = 'BASE TABLE' AND TABLE_NAME = 'subscriptions' AND TABLE_SCHEMA = 'pdflab'
Executing (default): SHOW FULL COLUMNS FROM `subscriptions`;
Executing (default): SELECT CONSTRAINT_NAME as constraint_name,CONSTRAINT_NAME as constraintName,CONSTRAINT_SCHEMA as constraintSchema,CONSTRAINT_SCHEMA as constraintCatalog,TABLE_NAME as tableName,TABLE_SCHEMA as tableSchema,TABLE_SCHEMA as tableCatalog,COLUMN_NAME as columnName,REFERENCED_TABLE_SCHEMA as referencedTableSchema,REFERENCED_TABLE_SCHEMA as referencedTableCatalog,REFERENCED_TABLE_NAME as referencedTableName,REFERENCED_COLUMN_NAME as referencedColumnName FROM INFORMATION_SCHEMA.KEY_COLUMN_USAGE where TABLE_NAME = 'subscriptions' AND CONSTRAINT_NAME!='PRIMARY' AND CONSTRAINT_SCHEMA='pdflab' AND REFERENCED_TABLE_NAME IS NOT NULL;
Executing (default): SELECT CONSTRAINT_CATALOG AS constraintCatalog, CONSTRAINT_NAME AS constraintName, CONSTRAINT_SCHEMA AS constraintSchema, CONSTRAINT_TYPE AS constraintType, TABLE_NAME AS tableName, TABLE_SCHEMA AS tableSchema from INFORMATION_SCHEMA.TABLE_CONSTRAINTS WHERE table_name='subscriptions' AND constraint_name = 'subscriptions_ibfk_1' AND TABLE_SCHEMA = 'pdflab';
Executing (default): ALTER TABLE `subscriptions` DROP FOREIGN KEY `subscriptions_ibfk_1`;
Executing (default): ALTER TABLE `subscriptions` ADD FOREIGN KEY (`user_id`) REFERENCES `users` (`id`) ON DELETE CASCADE ON UPDATE CASCADE;
Executing (default): ALTER TABLE `subscriptions` CHANGE `plan` `plan` ENUM('free', 'starter', 'pro', 'enterprise') NOT NULL DEFAULT 'free';
Executing (default): ALTER TABLE `subscriptions` CHANGE `status` `status` ENUM('active', 'canceled', 'past_due', 'trialing', 'pending') NOT NULL DEFAULT 'pending';
Executing (default): ALTER TABLE `subscriptions` CHANGE `payfast_token` `payfast_token` VARCHAR(255) COMMENT 'PayFast subscription token for recurring payments';
Executing (default): ALTER TABLE `subscriptions` CHANGE `payfast_subscription_id` `payfast_subscription_id` VARCHAR(255) COMMENT 'PayFast subscription ID';
Executing (default): ALTER TABLE `subscriptions` CHANGE `amount` `amount` DECIMAL(10,2) NOT NULL COMMENT 'Subscription amount in currency';
Executing (default): ALTER TABLE `subscriptions` CHANGE `currency` `currency` VARCHAR(3) NOT NULL DEFAULT 'USD' COMMENT 'Currency code (USD for United States Dollar)';
Executing (default): ALTER TABLE `subscriptions` CHANGE `billing_date` `billing_date` DATETIME COMMENT 'First billing date';
Executing (default): ALTER TABLE `subscriptions` CHANGE `next_billing_date` `next_billing_date` DATETIME COMMENT 'Next billing date for recurring subscription';
Executing (default): ALTER TABLE `subscriptions` CHANGE `cancel_at` `cancel_at` DATETIME COMMENT 'Scheduled cancellation date';
Executing (default): ALTER TABLE `subscriptions` CHANGE `canceled_at` `canceled_at` DATETIME COMMENT 'Actual cancellation timestamp';
Executing (default): ALTER TABLE `subscriptions` CHANGE `trial_end` `trial_end` DATETIME COMMENT 'Trial period end date';
Executing (default): ALTER TABLE `subscriptions` CHANGE `started_at` `started_at` DATETIME NOT NULL COMMENT 'Subscription start date';
Executing (default): ALTER TABLE `subscriptions` CHANGE `ended_at` `ended_at` DATETIME COMMENT 'Subscription end date (if canceled)';
Executing (default): ALTER TABLE `subscriptions` CHANGE `created_at` `created_at` DATETIME NOT NULL;
Executing (default): ALTER TABLE `subscriptions` CHANGE `updated_at` `updated_at` DATETIME NOT NULL;
Executing (default): SHOW INDEX FROM `subscriptions` FROM `pdflab`
Executing (default): SELECT TABLE_NAME FROM INFORMATION_SCHEMA.TABLES WHERE TABLE_TYPE = 'BASE TABLE' AND TABLE_NAME = 'payment_logs' AND TABLE_SCHEMA = 'pdflab'
Executing (default): SHOW FULL COLUMNS FROM `payment_logs`;
Executing (default): SELECT CONSTRAINT_NAME as constraint_name,CONSTRAINT_NAME as constraintName,CONSTRAINT_SCHEMA as constraintSchema,CONSTRAINT_SCHEMA as constraintCatalog,TABLE_NAME as tableName,TABLE_SCHEMA as tableSchema,TABLE_SCHEMA as tableCatalog,COLUMN_NAME as columnName,REFERENCED_TABLE_SCHEMA as referencedTableSchema,REFERENCED_TABLE_SCHEMA as referencedTableCatalog,REFERENCED_TABLE_NAME as referencedTableName,REFERENCED_COLUMN_NAME as referencedColumnName FROM INFORMATION_SCHEMA.KEY_COLUMN_USAGE where TABLE_NAME = 'payment_logs' AND CONSTRAINT_NAME!='PRIMARY' AND CONSTRAINT_SCHEMA='pdflab' AND REFERENCED_TABLE_NAME IS NOT NULL;
Executing (default): SELECT CONSTRAINT_CATALOG AS constraintCatalog, CONSTRAINT_NAME AS constraintName, CONSTRAINT_SCHEMA AS constraintSchema, CONSTRAINT_TYPE AS constraintType, TABLE_NAME AS tableName, TABLE_SCHEMA AS tableSchema from INFORMATION_SCHEMA.TABLE_CONSTRAINTS WHERE table_name='payment_logs' AND constraint_name = 'payment_logs_ibfk_65' AND TABLE_SCHEMA = 'pdflab';
Executing (default): ALTER TABLE `payment_logs` DROP FOREIGN KEY `payment_logs_ibfk_65`;
Executing (default): ALTER TABLE `payment_logs` ADD FOREIGN KEY (`user_id`) REFERENCES `users` (`id`) ON DELETE CASCADE ON UPDATE CASCADE;
Executing (default): SELECT CONSTRAINT_CATALOG AS constraintCatalog, CONSTRAINT_NAME AS constraintName, CONSTRAINT_SCHEMA AS constraintSchema, CONSTRAINT_TYPE AS constraintType, TABLE_NAME AS tableName, TABLE_SCHEMA AS tableSchema from INFORMATION_SCHEMA.TABLE_CONSTRAINTS WHERE table_name='payment_logs' AND constraint_name = 'payment_logs_ibfk_66' AND TABLE_SCHEMA = 'pdflab';
Executing (default): ALTER TABLE `payment_logs` DROP FOREIGN KEY `payment_logs_ibfk_66`;
Executing (default): ALTER TABLE `payment_logs` ADD FOREIGN KEY (`subscription_id`) REFERENCES `subscriptions` (`id`) ON DELETE SET NULL ON UPDATE CASCADE;
Executing (default): ALTER TABLE `payment_logs` CHANGE `transaction_id` `transaction_id` VARCHAR(255) NOT NULL UNIQUE COMMENT 'Our internal transaction ID (m_payment_id)';
Executing (default): ALTER TABLE `payment_logs` CHANGE `payfast_payment_id` `payfast_payment_id` VARCHAR(255) COMMENT 'PayFast payment ID (pf_payment_id)';
Executing (default): ALTER TABLE `payment_logs` CHANGE `payment_type` `payment_type` ENUM('subscription', 'subscription_payment', 'one_time', 'refund') NOT NULL DEFAULT 'one_time';
Executing (default): ALTER TABLE `payment_logs` CHANGE `status` `status` ENUM('complete', 'failed', 'pending', 'cancelled') NOT NULL DEFAULT 'pending';
Executing (default): ALTER TABLE `payment_logs` CHANGE `amount_gross` `amount_gross` DECIMAL(10,2) NOT NULL COMMENT 'Gross amount before fees';
Executing (default): ALTER TABLE `payment_logs` CHANGE `amount_fee` `amount_fee` DECIMAL(10,2) NOT NULL DEFAULT 0 COMMENT 'PayFast processing fee';
Executing (default): ALTER TABLE `payment_logs` CHANGE `amount_net` `amount_net` DECIMAL(10,2) NOT NULL COMMENT 'Net amount after fees';
Executing (default): ALTER TABLE `payment_logs` CHANGE `currency` `currency` VARCHAR(3) NOT NULL DEFAULT 'USD';
Executing (default): ALTER TABLE `payment_logs` CHANGE `plan` `plan` VARCHAR(50) NOT NULL COMMENT 'Plan name (free, starter, pro, enterprise)';
Executing (default): ALTER TABLE `payment_logs` CHANGE `payment_method` `payment_method` VARCHAR(50) COMMENT 'Payment method used (eft, credit_card, etc.)';
Executing (default): ALTER TABLE `payment_logs` CHANGE `name_first` `name_first` VARCHAR(255) NOT NULL;
Executing (default): ALTER TABLE `payment_logs` CHANGE `name_last` `name_last` VARCHAR(255);
Executing (default): ALTER TABLE `payment_logs` CHANGE `email_address` `email_address` VARCHAR(255) NOT NULL;
Executing (default): ALTER TABLE `payment_logs` CHANGE `item_name` `item_name` VARCHAR(255) NOT NULL;
Executing (default): ALTER TABLE `payment_logs` CHANGE `item_description` `item_description` TEXT;
Executing (default): ALTER TABLE `payment_logs` CHANGE `custom_data` `custom_data` JSON COMMENT 'Custom data sent to PayFast';
Executing (default): ALTER TABLE `payment_logs` CHANGE `itn_data` `itn_data` JSON COMMENT 'Full ITN notification data from PayFast';
Executing (default): ALTER TABLE `payment_logs` CHANGE `error_message` `error_message` TEXT COMMENT 'Error message if payment failed';
Executing (default): ALTER TABLE `payment_logs` CHANGE `processed_at` `processed_at` DATETIME COMMENT 'When the payment was processed';
Executing (default): ALTER TABLE `payment_logs` CHANGE `created_at` `created_at` DATETIME NOT NULL;
Executing (default): ALTER TABLE `payment_logs` CHANGE `updated_at` `updated_at` DATETIME NOT NULL;
Executing (default): SHOW INDEX FROM `payment_logs` FROM `pdflab`
Executing (default): SELECT TABLE_NAME FROM INFORMATION_SCHEMA.TABLES WHERE TABLE_TYPE = 'BASE TABLE' AND TABLE_NAME = 'password_history' AND TABLE_SCHEMA = 'pdflab'
Executing (default): SHOW FULL COLUMNS FROM `password_history`;
Executing (default): SELECT CONSTRAINT_NAME as constraint_name,CONSTRAINT_NAME as constraintName,CONSTRAINT_SCHEMA as constraintSchema,CONSTRAINT_SCHEMA as constraintCatalog,TABLE_NAME as tableName,TABLE_SCHEMA as tableSchema,TABLE_SCHEMA as tableCatalog,COLUMN_NAME as columnName,REFERENCED_TABLE_SCHEMA as referencedTableSchema,REFERENCED_TABLE_SCHEMA as referencedTableCatalog,REFERENCED_TABLE_NAME as referencedTableName,REFERENCED_COLUMN_NAME as referencedColumnName FROM INFORMATION_SCHEMA.KEY_COLUMN_USAGE where TABLE_NAME = 'password_history' AND CONSTRAINT_NAME!='PRIMARY' AND CONSTRAINT_SCHEMA='pdflab' AND REFERENCED_TABLE_NAME IS NOT NULL;
Executing (default): SELECT CONSTRAINT_CATALOG AS constraintCatalog, CONSTRAINT_NAME AS constraintName, CONSTRAINT_SCHEMA AS constraintSchema, CONSTRAINT_TYPE AS constraintType, TABLE_NAME AS tableName, TABLE_SCHEMA AS tableSchema from INFORMATION_SCHEMA.TABLE_CONSTRAINTS WHERE table_name='password_history' AND constraint_name = 'password_history_ibfk_1' AND TABLE_SCHEMA = 'pdflab';
Executing (default): ALTER TABLE `password_history` DROP FOREIGN KEY `password_history_ibfk_1`;
Executing (default): ALTER TABLE `password_history` ADD FOREIGN KEY (`user_id`) REFERENCES `users` (`id`) ON DELETE CASCADE ON UPDATE CASCADE;
Executing (default): ALTER TABLE `password_history` CHANGE `password_hash` `password_hash` VARCHAR(255) NOT NULL;
Executing (default): ALTER TABLE `password_history` CHANGE `created_at` `created_at` DATETIME NOT NULL;
Executing (default): SHOW INDEX FROM `password_history` FROM `pdflab`
✓ Database synchronized successfully
✓ Redis client connected
🔧 Initializing Bull queues...
  Creating conversion queue...
  ✓ Conversion queue created
  Creating cleanup queue...
  ✓ Cleanup queue created
✓ Bull queues initialized
✓ Initializing conversion worker...
✓ Initializing cleanup worker...
✓ Job workers initialized
[Quota Reset] Initializing monthly quota reset cron job...
[Quota Reset] Schedule: 0 0 1 * * (1st of month at midnight)
✓ Quota reset cron job initialized and scheduled
✓ Next reset: 2025-12-01T00:00:00.000-05:00
✓ Monthly quota reset scheduled
✓ PDFLab API Server running
✓ Environment: development
✓ Port: 3006
✓ Health check: http://localhost:3006/health
✓ API endpoint: http://localhost:3006/api
21:14:39 [tsx] change in ./src\middleware\guest.middleware.ts Restarting...
c⚠ Email service not configured - missing SMTP credentials
  Emails will be logged to console only (development mode)
🚀 Starting PDFLab Backend API...
Executing (default): SELECT 1+1 AS result
✓ Database connection established successfully
Executing (default): SELECT TABLE_NAME FROM INFORMATION_SCHEMA.TABLES WHERE TABLE_TYPE = 'BASE TABLE' AND TABLE_NAME = 'users' AND TABLE_SCHEMA = 'pdflab'
Executing (default): SHOW FULL COLUMNS FROM `users`;
Executing (default): SELECT CONSTRAINT_NAME as constraint_name,CONSTRAINT_NAME as constraintName,CONSTRAINT_SCHEMA as constraintSchema,CONSTRAINT_SCHEMA as constraintCatalog,TABLE_NAME as tableName,TABLE_SCHEMA as tableSchema,TABLE_SCHEMA as tableCatalog,COLUMN_NAME as columnName,REFERENCED_TABLE_SCHEMA as referencedTableSchema,REFERENCED_TABLE_SCHEMA as referencedTableCatalog,REFERENCED_TABLE_NAME as referencedTableName,REFERENCED_COLUMN_NAME as referencedColumnName FROM INFORMATION_SCHEMA.KEY_COLUMN_USAGE where TABLE_NAME = 'users' AND CONSTRAINT_NAME!='PRIMARY' AND CONSTRAINT_SCHEMA='pdflab' AND REFERENCED_TABLE_NAME IS NOT NULL;
Executing (default): ALTER TABLE `users` CHANGE `email` `email` VARCHAR(255) NOT NULL UNIQUE;
Executing (default): ALTER TABLE `users` CHANGE `password_hash` `password_hash` VARCHAR(255) NOT NULL;
Executing (default): ALTER TABLE `users` CHANGE `name` `name` VARCHAR(255);
Executing (default): ALTER TABLE `users` CHANGE `role` `role` ENUM('user', 'support', 'finance', 'admin', 'super_admin') NOT NULL DEFAULT 'user';
Executing (default): ALTER TABLE `users` CHANGE `plan` `plan` ENUM('free', 'starter', 'pro', 'enterprise') NOT NULL DEFAULT 'free';
Executing (default): ALTER TABLE `users` CHANGE `conversions_used` `conversions_used` INTEGER NOT NULL DEFAULT 0;
Executing (default): ALTER TABLE `users` CHANGE `conversions_limit` `conversions_limit` INTEGER NOT NULL DEFAULT 3;
Executing (default): ALTER TABLE `users` CHANGE `stripe_customer_id` `stripe_customer_id` VARCHAR(255);
Executing (default): ALTER TABLE `users` CHANGE `subscription_id` `subscription_id` VARCHAR(255);
Executing (default): ALTER TABLE `users` CHANGE `subscription_status` `subscription_status` ENUM('active', 'canceled', 'past_due', 'trialing');
Executing (default): ALTER TABLE `users` CHANGE `subscription_end_date` `subscription_end_date` DATETIME;
Executing (default): ALTER TABLE `users` CHANGE `failed_reset_attempts` `failed_reset_attempts` INTEGER NOT NULL DEFAULT 0;
Executing (default): ALTER TABLE `users` CHANGE `reset_locked_until` `reset_locked_until` DATETIME;
Executing (default): ALTER TABLE `users` CHANGE `created_at` `created_at` DATETIME NOT NULL;
Executing (default): ALTER TABLE `users` CHANGE `updated_at` `updated_at` DATETIME NOT NULL;
Executing (default): ALTER TABLE `users` CHANGE `last_login` `last_login` DATETIME;
Executing (default): SHOW INDEX FROM `users` FROM `pdflab`
Executing (default): SELECT TABLE_NAME FROM INFORMATION_SCHEMA.TABLES WHERE TABLE_TYPE = 'BASE TABLE' AND TABLE_NAME = 'admin_audit_logs' AND TABLE_SCHEMA = 'pdflab'
Executing (default): SHOW FULL COLUMNS FROM `admin_audit_logs`;
Executing (default): SELECT CONSTRAINT_NAME as constraint_name,CONSTRAINT_NAME as constraintName,CONSTRAINT_SCHEMA as constraintSchema,CONSTRAINT_SCHEMA as constraintCatalog,TABLE_NAME as tableName,TABLE_SCHEMA as tableSchema,TABLE_SCHEMA as tableCatalog,COLUMN_NAME as columnName,REFERENCED_TABLE_SCHEMA as referencedTableSchema,REFERENCED_TABLE_SCHEMA as referencedTableCatalog,REFERENCED_TABLE_NAME as referencedTableName,REFERENCED_COLUMN_NAME as referencedColumnName FROM INFORMATION_SCHEMA.KEY_COLUMN_USAGE where TABLE_NAME = 'admin_audit_logs' AND CONSTRAINT_NAME!='PRIMARY' AND CONSTRAINT_SCHEMA='pdflab' AND REFERENCED_TABLE_NAME IS NOT NULL;
Executing (default): SELECT CONSTRAINT_CATALOG AS constraintCatalog, CONSTRAINT_NAME AS constraintName, CONSTRAINT_SCHEMA AS constraintSchema, CONSTRAINT_TYPE AS constraintType, TABLE_NAME AS tableName, TABLE_SCHEMA AS tableSchema from INFORMATION_SCHEMA.TABLE_CONSTRAINTS WHERE table_name='admin_audit_logs' AND constraint_name = 'admin_audit_logs_ibfk_1' AND TABLE_SCHEMA = 'pdflab';
Executing (default): ALTER TABLE `admin_audit_logs` DROP FOREIGN KEY `admin_audit_logs_ibfk_1`;
Executing (default): ALTER TABLE `admin_audit_logs` ADD FOREIGN KEY (`admin_user_id`) REFERENCES `users` (`id`) ON DELETE CASCADE ON UPDATE CASCADE;
Executing (default): ALTER TABLE `admin_audit_logs` CHANGE `action` `action` VARCHAR(100) NOT NULL;
Executing (default): ALTER TABLE `admin_audit_logs` CHANGE `entity_type` `entity_type` VARCHAR(50) NOT NULL;
Executing (default): ALTER TABLE `admin_audit_logs` CHANGE `entity_id` `entity_id` CHAR(36) BINARY;
Executing (default): ALTER TABLE `admin_audit_logs` CHANGE `changes` `changes` JSON;
Executing (default): ALTER TABLE `admin_audit_logs` CHANGE `ip_address` `ip_address` VARCHAR(45);
Executing (default): ALTER TABLE `admin_audit_logs` CHANGE `user_agent` `user_agent` TEXT;
Executing (default): ALTER TABLE `admin_audit_logs` CHANGE `severity` `severity` ENUM('info', 'warning', 'critical') NOT NULL DEFAULT 'info';
Executing (default): ALTER TABLE `admin_audit_logs` CHANGE `checksum` `checksum` VARCHAR(64);
Executing (default): ALTER TABLE `admin_audit_logs` CHANGE `created_at` `created_at` DATETIME NOT NULL;
Executing (default): SHOW INDEX FROM `admin_audit_logs` FROM `pdflab`
Executing (default): SELECT TABLE_NAME FROM INFORMATION_SCHEMA.TABLES WHERE TABLE_TYPE = 'BASE TABLE' AND TABLE_NAME = 'system_health_logs' AND TABLE_SCHEMA = 'pdflab'
Executing (default): SHOW FULL COLUMNS FROM `system_health_logs`;
Executing (default): SELECT CONSTRAINT_NAME as constraint_name,CONSTRAINT_NAME as constraintName,CONSTRAINT_SCHEMA as constraintSchema,CONSTRAINT_SCHEMA as constraintCatalog,TABLE_NAME as tableName,TABLE_SCHEMA as tableSchema,TABLE_SCHEMA as tableCatalog,COLUMN_NAME as columnName,REFERENCED_TABLE_SCHEMA as referencedTableSchema,REFERENCED_TABLE_SCHEMA as referencedTableCatalog,REFERENCED_TABLE_NAME as referencedTableName,REFERENCED_COLUMN_NAME as referencedColumnName FROM INFORMATION_SCHEMA.KEY_COLUMN_USAGE where TABLE_NAME = 'system_health_logs' AND CONSTRAINT_NAME!='PRIMARY' AND CONSTRAINT_SCHEMA='pdflab' AND REFERENCED_TABLE_NAME IS NOT NULL;
Executing (default): ALTER TABLE `system_health_logs` CHANGE `metric_name` `metric_name` VARCHAR(100) NOT NULL;
Executing (default): ALTER TABLE `system_health_logs` CHANGE `metric_value` `metric_value` DECIMAL(10,2);
Executing (default): ALTER TABLE `system_health_logs` CHANGE `status` `status` ENUM('healthy', 'warning', 'critical') NOT NULL DEFAULT 'healthy';
Executing (default): ALTER TABLE `system_health_logs` CHANGE `details` `details` JSON;
Executing (default): ALTER TABLE `system_health_logs` CHANGE `created_at` `created_at` DATETIME NOT NULL;
Executing (default): SHOW INDEX FROM `system_health_logs` FROM `pdflab`
Executing (default): SELECT TABLE_NAME FROM INFORMATION_SCHEMA.TABLES WHERE TABLE_TYPE = 'BASE TABLE' AND TABLE_NAME = 'conversion_jobs' AND TABLE_SCHEMA = 'pdflab'
Executing (default): SHOW FULL COLUMNS FROM `conversion_jobs`;
Executing (default): SELECT CONSTRAINT_NAME as constraint_name,CONSTRAINT_NAME as constraintName,CONSTRAINT_SCHEMA as constraintSchema,CONSTRAINT_SCHEMA as constraintCatalog,TABLE_NAME as tableName,TABLE_SCHEMA as tableSchema,TABLE_SCHEMA as tableCatalog,COLUMN_NAME as columnName,REFERENCED_TABLE_SCHEMA as referencedTableSchema,REFERENCED_TABLE_SCHEMA as referencedTableCatalog,REFERENCED_TABLE_NAME as referencedTableName,REFERENCED_COLUMN_NAME as referencedColumnName FROM INFORMATION_SCHEMA.KEY_COLUMN_USAGE where TABLE_NAME = 'conversion_jobs' AND CONSTRAINT_NAME!='PRIMARY' AND CONSTRAINT_SCHEMA='pdflab' AND REFERENCED_TABLE_NAME IS NOT NULL;
Executing (default): ALTER TABLE `conversion_jobs` CHANGE `user_id` `user_id` CHAR(36) BINARY;
Executing (default): ALTER TABLE `conversion_jobs` CHANGE `type` `type` ENUM('pdf_to_pptx', 'pdf_to_docx', 'pdf_to_xlsx', 'pdf_to_images', 'pdf_merge') NOT NULL;
Executing (default): ALTER TABLE `conversion_jobs` CHANGE `status` `status` ENUM('pending', 'queued', 'processing', 'completed', 'failed') NOT NULL DEFAULT 'pending';
Executing (default): ALTER TABLE `conversion_jobs` CHANGE `progress` `progress` INTEGER NOT NULL DEFAULT 0;
Executing (default): ALTER TABLE `conversion_jobs` CHANGE `input_file` `input_file` VARCHAR(500);
Executing (default): ALTER TABLE `conversion_jobs` CHANGE `output_file` `output_file` VARCHAR(500);
Executing (default): ALTER TABLE `conversion_jobs` CHANGE `file_name` `file_name` VARCHAR(255) NOT NULL;
Executing (default): ALTER TABLE `conversion_jobs` CHANGE `file_size` `file_size` BIGINT NOT NULL;
Executing (default): ALTER TABLE `conversion_jobs` CHANGE `cloudconvert_job_id` `cloudconvert_job_id` VARCHAR(255);
Executing (default): ALTER TABLE `conversion_jobs` CHANGE `error_message` `error_message` TEXT;
Executing (default): ALTER TABLE `conversion_jobs` CHANGE `estimated_time` `estimated_time` INTEGER COMMENT 'Estimated processing time in seconds';
Executing (default): ALTER TABLE `conversion_jobs` CHANGE `processing_started_at` `processing_started_at` DATETIME;
Executing (default): ALTER TABLE `conversion_jobs` CHANGE `processing_completed_at` `processing_completed_at` DATETIME;
Executing (default): ALTER TABLE `conversion_jobs` CHANGE `created_at` `created_at` DATETIME NOT NULL;
Executing (default): ALTER TABLE `conversion_jobs` CHANGE `updated_at` `updated_at` DATETIME NOT NULL;
Executing (default): ALTER TABLE `conversion_jobs` CHANGE `expires_at` `expires_at` DATETIME NOT NULL;
Executing (default): SHOW INDEX FROM `conversion_jobs` FROM `pdflab`
Executing (default): SELECT TABLE_NAME FROM INFORMATION_SCHEMA.TABLES WHERE TABLE_TYPE = 'BASE TABLE' AND TABLE_NAME = 'usage_logs' AND TABLE_SCHEMA = 'pdflab'
Executing (default): SHOW FULL COLUMNS FROM `usage_logs`;
Executing (default): SELECT CONSTRAINT_NAME as constraint_name,CONSTRAINT_NAME as constraintName,CONSTRAINT_SCHEMA as constraintSchema,CONSTRAINT_SCHEMA as constraintCatalog,TABLE_NAME as tableName,TABLE_SCHEMA as tableSchema,TABLE_SCHEMA as tableCatalog,COLUMN_NAME as columnName,REFERENCED_TABLE_SCHEMA as referencedTableSchema,REFERENCED_TABLE_SCHEMA as referencedTableCatalog,REFERENCED_TABLE_NAME as referencedTableName,REFERENCED_COLUMN_NAME as referencedColumnName FROM INFORMATION_SCHEMA.KEY_COLUMN_USAGE where TABLE_NAME = 'usage_logs' AND CONSTRAINT_NAME!='PRIMARY' AND CONSTRAINT_SCHEMA='pdflab' AND REFERENCED_TABLE_NAME IS NOT NULL;
Executing (default): SELECT CONSTRAINT_CATALOG AS constraintCatalog, CONSTRAINT_NAME AS constraintName, CONSTRAINT_SCHEMA AS constraintSchema, CONSTRAINT_TYPE AS constraintType, TABLE_NAME AS tableName, TABLE_SCHEMA AS tableSchema from INFORMATION_SCHEMA.TABLE_CONSTRAINTS WHERE table_name='usage_logs' AND constraint_name = 'usage_logs_ibfk_85' AND TABLE_SCHEMA = 'pdflab';
Executing (default): ALTER TABLE `usage_logs` DROP FOREIGN KEY `usage_logs_ibfk_85`;
Executing (default): ALTER TABLE `usage_logs` ADD FOREIGN KEY (`user_id`) REFERENCES `users` (`id`) ON DELETE CASCADE ON UPDATE CASCADE;
Executing (default): SELECT CONSTRAINT_CATALOG AS constraintCatalog, CONSTRAINT_NAME AS constraintName, CONSTRAINT_SCHEMA AS constraintSchema, CONSTRAINT_TYPE AS constraintType, TABLE_NAME AS tableName, TABLE_SCHEMA AS tableSchema from INFORMATION_SCHEMA.TABLE_CONSTRAINTS WHERE table_name='usage_logs' AND constraint_name = 'usage_logs_ibfk_86' AND TABLE_SCHEMA = 'pdflab';
Executing (default): ALTER TABLE `usage_logs` DROP FOREIGN KEY `usage_logs_ibfk_86`;
Executing (default): ALTER TABLE `usage_logs` ADD FOREIGN KEY (`job_id`) REFERENCES `conversion_jobs` (`id`) ON DELETE SET NULL ON UPDATE CASCADE;
Executing (default): ALTER TABLE `usage_logs` CHANGE `operation_type` `operation_type` VARCHAR(50) NOT NULL;
Executing (default): ALTER TABLE `usage_logs` CHANGE `success` `success` TINYINT(1) NOT NULL DEFAULT false;
Executing (default): ALTER TABLE `usage_logs` CHANGE `processing_time` `processing_time` INTEGER COMMENT 'Processing time in milliseconds';
Executing (default): ALTER TABLE `usage_logs` CHANGE `file_size` `file_size` BIGINT NOT NULL;
Executing (default): ALTER TABLE `usage_logs` CHANGE `error_code` `error_code` VARCHAR(50);
Executing (default): ALTER TABLE `usage_logs` CHANGE `timestamp` `timestamp` DATETIME NOT NULL;
Executing (default): SHOW INDEX FROM `usage_logs` FROM `pdflab`
Executing (default): SELECT TABLE_NAME FROM INFORMATION_SCHEMA.TABLES WHERE TABLE_TYPE = 'BASE TABLE' AND TABLE_NAME = 'subscriptions' AND TABLE_SCHEMA = 'pdflab'
Executing (default): SHOW FULL COLUMNS FROM `subscriptions`;
Executing (default): SELECT CONSTRAINT_NAME as constraint_name,CONSTRAINT_NAME as constraintName,CONSTRAINT_SCHEMA as constraintSchema,CONSTRAINT_SCHEMA as constraintCatalog,TABLE_NAME as tableName,TABLE_SCHEMA as tableSchema,TABLE_SCHEMA as tableCatalog,COLUMN_NAME as columnName,REFERENCED_TABLE_SCHEMA as referencedTableSchema,REFERENCED_TABLE_SCHEMA as referencedTableCatalog,REFERENCED_TABLE_NAME as referencedTableName,REFERENCED_COLUMN_NAME as referencedColumnName FROM INFORMATION_SCHEMA.KEY_COLUMN_USAGE where TABLE_NAME = 'subscriptions' AND CONSTRAINT_NAME!='PRIMARY' AND CONSTRAINT_SCHEMA='pdflab' AND REFERENCED_TABLE_NAME IS NOT NULL;
Executing (default): SELECT CONSTRAINT_CATALOG AS constraintCatalog, CONSTRAINT_NAME AS constraintName, CONSTRAINT_SCHEMA AS constraintSchema, CONSTRAINT_TYPE AS constraintType, TABLE_NAME AS tableName, TABLE_SCHEMA AS tableSchema from INFORMATION_SCHEMA.TABLE_CONSTRAINTS WHERE table_name='subscriptions' AND constraint_name = 'subscriptions_ibfk_1' AND TABLE_SCHEMA = 'pdflab';
Executing (default): ALTER TABLE `subscriptions` DROP FOREIGN KEY `subscriptions_ibfk_1`;
Executing (default): ALTER TABLE `subscriptions` ADD FOREIGN KEY (`user_id`) REFERENCES `users` (`id`) ON DELETE CASCADE ON UPDATE CASCADE;
Executing (default): ALTER TABLE `subscriptions` CHANGE `plan` `plan` ENUM('free', 'starter', 'pro', 'enterprise') NOT NULL DEFAULT 'free';
Executing (default): ALTER TABLE `subscriptions` CHANGE `status` `status` ENUM('active', 'canceled', 'past_due', 'trialing', 'pending') NOT NULL DEFAULT 'pending';
Executing (default): ALTER TABLE `subscriptions` CHANGE `payfast_token` `payfast_token` VARCHAR(255) COMMENT 'PayFast subscription token for recurring payments';
Executing (default): ALTER TABLE `subscriptions` CHANGE `payfast_subscription_id` `payfast_subscription_id` VARCHAR(255) COMMENT 'PayFast subscription ID';
Executing (default): ALTER TABLE `subscriptions` CHANGE `amount` `amount` DECIMAL(10,2) NOT NULL COMMENT 'Subscription amount in currency';
Executing (default): ALTER TABLE `subscriptions` CHANGE `currency` `currency` VARCHAR(3) NOT NULL DEFAULT 'USD' COMMENT 'Currency code (USD for United States Dollar)';
Executing (default): ALTER TABLE `subscriptions` CHANGE `billing_date` `billing_date` DATETIME COMMENT 'First billing date';
Executing (default): ALTER TABLE `subscriptions` CHANGE `next_billing_date` `next_billing_date` DATETIME COMMENT 'Next billing date for recurring subscription';
Executing (default): ALTER TABLE `subscriptions` CHANGE `cancel_at` `cancel_at` DATETIME COMMENT 'Scheduled cancellation date';
Executing (default): ALTER TABLE `subscriptions` CHANGE `canceled_at` `canceled_at` DATETIME COMMENT 'Actual cancellation timestamp';
Executing (default): ALTER TABLE `subscriptions` CHANGE `trial_end` `trial_end` DATETIME COMMENT 'Trial period end date';
Executing (default): ALTER TABLE `subscriptions` CHANGE `started_at` `started_at` DATETIME NOT NULL COMMENT 'Subscription start date';
Executing (default): ALTER TABLE `subscriptions` CHANGE `ended_at` `ended_at` DATETIME COMMENT 'Subscription end date (if canceled)';
Executing (default): ALTER TABLE `subscriptions` CHANGE `created_at` `created_at` DATETIME NOT NULL;
Executing (default): ALTER TABLE `subscriptions` CHANGE `updated_at` `updated_at` DATETIME NOT NULL;
Executing (default): SHOW INDEX FROM `subscriptions` FROM `pdflab`
Executing (default): SELECT TABLE_NAME FROM INFORMATION_SCHEMA.TABLES WHERE TABLE_TYPE = 'BASE TABLE' AND TABLE_NAME = 'payment_logs' AND TABLE_SCHEMA = 'pdflab'
Executing (default): SHOW FULL COLUMNS FROM `payment_logs`;
Executing (default): SELECT CONSTRAINT_NAME as constraint_name,CONSTRAINT_NAME as constraintName,CONSTRAINT_SCHEMA as constraintSchema,CONSTRAINT_SCHEMA as constraintCatalog,TABLE_NAME as tableName,TABLE_SCHEMA as tableSchema,TABLE_SCHEMA as tableCatalog,COLUMN_NAME as columnName,REFERENCED_TABLE_SCHEMA as referencedTableSchema,REFERENCED_TABLE_SCHEMA as referencedTableCatalog,REFERENCED_TABLE_NAME as referencedTableName,REFERENCED_COLUMN_NAME as referencedColumnName FROM INFORMATION_SCHEMA.KEY_COLUMN_USAGE where TABLE_NAME = 'payment_logs' AND CONSTRAINT_NAME!='PRIMARY' AND CONSTRAINT_SCHEMA='pdflab' AND REFERENCED_TABLE_NAME IS NOT NULL;
Executing (default): SELECT CONSTRAINT_CATALOG AS constraintCatalog, CONSTRAINT_NAME AS constraintName, CONSTRAINT_SCHEMA AS constraintSchema, CONSTRAINT_TYPE AS constraintType, TABLE_NAME AS tableName, TABLE_SCHEMA AS tableSchema from INFORMATION_SCHEMA.TABLE_CONSTRAINTS WHERE table_name='payment_logs' AND constraint_name = 'payment_logs_ibfk_67' AND TABLE_SCHEMA = 'pdflab';
Executing (default): ALTER TABLE `payment_logs` DROP FOREIGN KEY `payment_logs_ibfk_67`;
Executing (default): ALTER TABLE `payment_logs` ADD FOREIGN KEY (`user_id`) REFERENCES `users` (`id`) ON DELETE CASCADE ON UPDATE CASCADE;
Executing (default): SELECT CONSTRAINT_CATALOG AS constraintCatalog, CONSTRAINT_NAME AS constraintName, CONSTRAINT_SCHEMA AS constraintSchema, CONSTRAINT_TYPE AS constraintType, TABLE_NAME AS tableName, TABLE_SCHEMA AS tableSchema from INFORMATION_SCHEMA.TABLE_CONSTRAINTS WHERE table_name='payment_logs' AND constraint_name = 'payment_logs_ibfk_68' AND TABLE_SCHEMA = 'pdflab';
Executing (default): ALTER TABLE `payment_logs` DROP FOREIGN KEY `payment_logs_ibfk_68`;
Executing (default): ALTER TABLE `payment_logs` ADD FOREIGN KEY (`subscription_id`) REFERENCES `subscriptions` (`id`) ON DELETE SET NULL ON UPDATE CASCADE;
Executing (default): ALTER TABLE `payment_logs` CHANGE `transaction_id` `transaction_id` VARCHAR(255) NOT NULL UNIQUE COMMENT 'Our internal transaction ID (m_payment_id)';
Executing (default): ALTER TABLE `payment_logs` CHANGE `payfast_payment_id` `payfast_payment_id` VARCHAR(255) COMMENT 'PayFast payment ID (pf_payment_id)';
Executing (default): ALTER TABLE `payment_logs` CHANGE `payment_type` `payment_type` ENUM('subscription', 'subscription_payment', 'one_time', 'refund') NOT NULL DEFAULT 'one_time';
Executing (default): ALTER TABLE `payment_logs` CHANGE `status` `status` ENUM('complete', 'failed', 'pending', 'cancelled') NOT NULL DEFAULT 'pending';
Executing (default): ALTER TABLE `payment_logs` CHANGE `amount_gross` `amount_gross` DECIMAL(10,2) NOT NULL COMMENT 'Gross amount before fees';
Executing (default): ALTER TABLE `payment_logs` CHANGE `amount_fee` `amount_fee` DECIMAL(10,2) NOT NULL DEFAULT 0 COMMENT 'PayFast processing fee';
Executing (default): ALTER TABLE `payment_logs` CHANGE `amount_net` `amount_net` DECIMAL(10,2) NOT NULL COMMENT 'Net amount after fees';
Executing (default): ALTER TABLE `payment_logs` CHANGE `currency` `currency` VARCHAR(3) NOT NULL DEFAULT 'USD';
Executing (default): ALTER TABLE `payment_logs` CHANGE `plan` `plan` VARCHAR(50) NOT NULL COMMENT 'Plan name (free, starter, pro, enterprise)';
Executing (default): ALTER TABLE `payment_logs` CHANGE `payment_method` `payment_method` VARCHAR(50) COMMENT 'Payment method used (eft, credit_card, etc.)';
Executing (default): ALTER TABLE `payment_logs` CHANGE `name_first` `name_first` VARCHAR(255) NOT NULL;
Executing (default): ALTER TABLE `payment_logs` CHANGE `name_last` `name_last` VARCHAR(255);
Executing (default): ALTER TABLE `payment_logs` CHANGE `email_address` `email_address` VARCHAR(255) NOT NULL;
Executing (default): ALTER TABLE `payment_logs` CHANGE `item_name` `item_name` VARCHAR(255) NOT NULL;
Executing (default): ALTER TABLE `payment_logs` CHANGE `item_description` `item_description` TEXT;
Executing (default): ALTER TABLE `payment_logs` CHANGE `custom_data` `custom_data` JSON COMMENT 'Custom data sent to PayFast';
Executing (default): ALTER TABLE `payment_logs` CHANGE `itn_data` `itn_data` JSON COMMENT 'Full ITN notification data from PayFast';
Executing (default): ALTER TABLE `payment_logs` CHANGE `error_message` `error_message` TEXT COMMENT 'Error message if payment failed';
Executing (default): ALTER TABLE `payment_logs` CHANGE `processed_at` `processed_at` DATETIME COMMENT 'When the payment was processed';
Executing (default): ALTER TABLE `payment_logs` CHANGE `created_at` `created_at` DATETIME NOT NULL;
Executing (default): ALTER TABLE `payment_logs` CHANGE `updated_at` `updated_at` DATETIME NOT NULL;
Executing (default): SHOW INDEX FROM `payment_logs` FROM `pdflab`
Executing (default): SELECT TABLE_NAME FROM INFORMATION_SCHEMA.TABLES WHERE TABLE_TYPE = 'BASE TABLE' AND TABLE_NAME = 'password_history' AND TABLE_SCHEMA = 'pdflab'
Executing (default): SHOW FULL COLUMNS FROM `password_history`;
Executing (default): SELECT CONSTRAINT_NAME as constraint_name,CONSTRAINT_NAME as constraintName,CONSTRAINT_SCHEMA as constraintSchema,CONSTRAINT_SCHEMA as constraintCatalog,TABLE_NAME as tableName,TABLE_SCHEMA as tableSchema,TABLE_SCHEMA as tableCatalog,COLUMN_NAME as columnName,REFERENCED_TABLE_SCHEMA as referencedTableSchema,REFERENCED_TABLE_SCHEMA as referencedTableCatalog,REFERENCED_TABLE_NAME as referencedTableName,REFERENCED_COLUMN_NAME as referencedColumnName FROM INFORMATION_SCHEMA.KEY_COLUMN_USAGE where TABLE_NAME = 'password_history' AND CONSTRAINT_NAME!='PRIMARY' AND CONSTRAINT_SCHEMA='pdflab' AND REFERENCED_TABLE_NAME IS NOT NULL;
Executing (default): SELECT CONSTRAINT_CATALOG AS constraintCatalog, CONSTRAINT_NAME AS constraintName, CONSTRAINT_SCHEMA AS constraintSchema, CONSTRAINT_TYPE AS constraintType, TABLE_NAME AS tableName, TABLE_SCHEMA AS tableSchema from INFORMATION_SCHEMA.TABLE_CONSTRAINTS WHERE table_name='password_history' AND constraint_name = 'password_history_ibfk_1' AND TABLE_SCHEMA = 'pdflab';
Executing (default): ALTER TABLE `password_history` DROP FOREIGN KEY `password_history_ibfk_1`;
Executing (default): ALTER TABLE `password_history` ADD FOREIGN KEY (`user_id`) REFERENCES `users` (`id`) ON DELETE CASCADE ON UPDATE CASCADE;
Executing (default): ALTER TABLE `password_history` CHANGE `password_hash` `password_hash` VARCHAR(255) NOT NULL;
Executing (default): ALTER TABLE `password_history` CHANGE `created_at` `created_at` DATETIME NOT NULL;
Executing (default): SHOW INDEX FROM `password_history` FROM `pdflab`
✓ Database synchronized successfully
✓ Redis client connected
🔧 Initializing Bull queues...
  Creating conversion queue...
  ✓ Conversion queue created
  Creating cleanup queue...
  ✓ Cleanup queue created
✓ Bull queues initialized
✓ Initializing conversion worker...
✓ Initializing cleanup worker...
✓ Job workers initialized
[Quota Reset] Initializing monthly quota reset cron job...
[Quota Reset] Schedule: 0 0 1 * * (1st of month at midnight)
✓ Quota reset cron job initialized and scheduled
✓ Next reset: 2025-12-01T00:00:00.000-05:00
✓ Monthly quota reset scheduled
✓ PDFLab API Server running
✓ Environment: development
✓ Port: 3006
✓ Health check: http://localhost:3006/health
✓ API endpoint: http://localhost:3006/api
21:15:02 [tsx] change in ./src\middleware\auth.middleware.ts Restarting...
c⚠ Email service not configured - missing SMTP credentials
  Emails will be logged to console only (development mode)
🚀 Starting PDFLab Backend API...
Executing (default): SELECT 1+1 AS result
✓ Database connection established successfully
Executing (default): SELECT TABLE_NAME FROM INFORMATION_SCHEMA.TABLES WHERE TABLE_TYPE = 'BASE TABLE' AND TABLE_NAME = 'users' AND TABLE_SCHEMA = 'pdflab'
Executing (default): SHOW FULL COLUMNS FROM `users`;
Executing (default): SELECT CONSTRAINT_NAME as constraint_name,CONSTRAINT_NAME as constraintName,CONSTRAINT_SCHEMA as constraintSchema,CONSTRAINT_SCHEMA as constraintCatalog,TABLE_NAME as tableName,TABLE_SCHEMA as tableSchema,TABLE_SCHEMA as tableCatalog,COLUMN_NAME as columnName,REFERENCED_TABLE_SCHEMA as referencedTableSchema,REFERENCED_TABLE_SCHEMA as referencedTableCatalog,REFERENCED_TABLE_NAME as referencedTableName,REFERENCED_COLUMN_NAME as referencedColumnName FROM INFORMATION_SCHEMA.KEY_COLUMN_USAGE where TABLE_NAME = 'users' AND CONSTRAINT_NAME!='PRIMARY' AND CONSTRAINT_SCHEMA='pdflab' AND REFERENCED_TABLE_NAME IS NOT NULL;
Executing (default): ALTER TABLE `users` CHANGE `email` `email` VARCHAR(255) NOT NULL UNIQUE;
Executing (default): ALTER TABLE `users` CHANGE `password_hash` `password_hash` VARCHAR(255) NOT NULL;
Executing (default): ALTER TABLE `users` CHANGE `name` `name` VARCHAR(255);
Executing (default): ALTER TABLE `users` CHANGE `role` `role` ENUM('user', 'support', 'finance', 'admin', 'super_admin') NOT NULL DEFAULT 'user';
Executing (default): ALTER TABLE `users` CHANGE `plan` `plan` ENUM('free', 'starter', 'pro', 'enterprise') NOT NULL DEFAULT 'free';
Executing (default): ALTER TABLE `users` CHANGE `conversions_used` `conversions_used` INTEGER NOT NULL DEFAULT 0;
Executing (default): ALTER TABLE `users` CHANGE `conversions_limit` `conversions_limit` INTEGER NOT NULL DEFAULT 3;
Executing (default): ALTER TABLE `users` CHANGE `stripe_customer_id` `stripe_customer_id` VARCHAR(255);
Executing (default): ALTER TABLE `users` CHANGE `subscription_id` `subscription_id` VARCHAR(255);
Executing (default): ALTER TABLE `users` CHANGE `subscription_status` `subscription_status` ENUM('active', 'canceled', 'past_due', 'trialing');
Executing (default): ALTER TABLE `users` CHANGE `subscription_end_date` `subscription_end_date` DATETIME;
Executing (default): ALTER TABLE `users` CHANGE `failed_reset_attempts` `failed_reset_attempts` INTEGER NOT NULL DEFAULT 0;
Executing (default): ALTER TABLE `users` CHANGE `reset_locked_until` `reset_locked_until` DATETIME;
Executing (default): ALTER TABLE `users` CHANGE `created_at` `created_at` DATETIME NOT NULL;
Executing (default): ALTER TABLE `users` CHANGE `updated_at` `updated_at` DATETIME NOT NULL;
Executing (default): ALTER TABLE `users` CHANGE `last_login` `last_login` DATETIME;
Executing (default): SHOW INDEX FROM `users` FROM `pdflab`
Executing (default): SELECT TABLE_NAME FROM INFORMATION_SCHEMA.TABLES WHERE TABLE_TYPE = 'BASE TABLE' AND TABLE_NAME = 'admin_audit_logs' AND TABLE_SCHEMA = 'pdflab'
Executing (default): SHOW FULL COLUMNS FROM `admin_audit_logs`;
Executing (default): SELECT CONSTRAINT_NAME as constraint_name,CONSTRAINT_NAME as constraintName,CONSTRAINT_SCHEMA as constraintSchema,CONSTRAINT_SCHEMA as constraintCatalog,TABLE_NAME as tableName,TABLE_SCHEMA as tableSchema,TABLE_SCHEMA as tableCatalog,COLUMN_NAME as columnName,REFERENCED_TABLE_SCHEMA as referencedTableSchema,REFERENCED_TABLE_SCHEMA as referencedTableCatalog,REFERENCED_TABLE_NAME as referencedTableName,REFERENCED_COLUMN_NAME as referencedColumnName FROM INFORMATION_SCHEMA.KEY_COLUMN_USAGE where TABLE_NAME = 'admin_audit_logs' AND CONSTRAINT_NAME!='PRIMARY' AND CONSTRAINT_SCHEMA='pdflab' AND REFERENCED_TABLE_NAME IS NOT NULL;
Executing (default): SELECT CONSTRAINT_CATALOG AS constraintCatalog, CONSTRAINT_NAME AS constraintName, CONSTRAINT_SCHEMA AS constraintSchema, CONSTRAINT_TYPE AS constraintType, TABLE_NAME AS tableName, TABLE_SCHEMA AS tableSchema from INFORMATION_SCHEMA.TABLE_CONSTRAINTS WHERE table_name='admin_audit_logs' AND constraint_name = 'admin_audit_logs_ibfk_1' AND TABLE_SCHEMA = 'pdflab';
Executing (default): ALTER TABLE `admin_audit_logs` DROP FOREIGN KEY `admin_audit_logs_ibfk_1`;
Executing (default): ALTER TABLE `admin_audit_logs` ADD FOREIGN KEY (`admin_user_id`) REFERENCES `users` (`id`) ON DELETE CASCADE ON UPDATE CASCADE;
Executing (default): ALTER TABLE `admin_audit_logs` CHANGE `action` `action` VARCHAR(100) NOT NULL;
Executing (default): ALTER TABLE `admin_audit_logs` CHANGE `entity_type` `entity_type` VARCHAR(50) NOT NULL;
Executing (default): ALTER TABLE `admin_audit_logs` CHANGE `entity_id` `entity_id` CHAR(36) BINARY;
Executing (default): ALTER TABLE `admin_audit_logs` CHANGE `changes` `changes` JSON;
Executing (default): ALTER TABLE `admin_audit_logs` CHANGE `ip_address` `ip_address` VARCHAR(45);
Executing (default): ALTER TABLE `admin_audit_logs` CHANGE `user_agent` `user_agent` TEXT;
Executing (default): ALTER TABLE `admin_audit_logs` CHANGE `severity` `severity` ENUM('info', 'warning', 'critical') NOT NULL DEFAULT 'info';
Executing (default): ALTER TABLE `admin_audit_logs` CHANGE `checksum` `checksum` VARCHAR(64);
Executing (default): ALTER TABLE `admin_audit_logs` CHANGE `created_at` `created_at` DATETIME NOT NULL;
Executing (default): SHOW INDEX FROM `admin_audit_logs` FROM `pdflab`
Executing (default): SELECT TABLE_NAME FROM INFORMATION_SCHEMA.TABLES WHERE TABLE_TYPE = 'BASE TABLE' AND TABLE_NAME = 'system_health_logs' AND TABLE_SCHEMA = 'pdflab'
Executing (default): SHOW FULL COLUMNS FROM `system_health_logs`;
Executing (default): SELECT CONSTRAINT_NAME as constraint_name,CONSTRAINT_NAME as constraintName,CONSTRAINT_SCHEMA as constraintSchema,CONSTRAINT_SCHEMA as constraintCatalog,TABLE_NAME as tableName,TABLE_SCHEMA as tableSchema,TABLE_SCHEMA as tableCatalog,COLUMN_NAME as columnName,REFERENCED_TABLE_SCHEMA as referencedTableSchema,REFERENCED_TABLE_SCHEMA as referencedTableCatalog,REFERENCED_TABLE_NAME as referencedTableName,REFERENCED_COLUMN_NAME as referencedColumnName FROM INFORMATION_SCHEMA.KEY_COLUMN_USAGE where TABLE_NAME = 'system_health_logs' AND CONSTRAINT_NAME!='PRIMARY' AND CONSTRAINT_SCHEMA='pdflab' AND REFERENCED_TABLE_NAME IS NOT NULL;
Executing (default): ALTER TABLE `system_health_logs` CHANGE `metric_name` `metric_name` VARCHAR(100) NOT NULL;
Executing (default): ALTER TABLE `system_health_logs` CHANGE `metric_value` `metric_value` DECIMAL(10,2);
Executing (default): ALTER TABLE `system_health_logs` CHANGE `status` `status` ENUM('healthy', 'warning', 'critical') NOT NULL DEFAULT 'healthy';
Executing (default): ALTER TABLE `system_health_logs` CHANGE `details` `details` JSON;
Executing (default): ALTER TABLE `system_health_logs` CHANGE `created_at` `created_at` DATETIME NOT NULL;
Executing (default): SHOW INDEX FROM `system_health_logs` FROM `pdflab`
Executing (default): SELECT TABLE_NAME FROM INFORMATION_SCHEMA.TABLES WHERE TABLE_TYPE = 'BASE TABLE' AND TABLE_NAME = 'conversion_jobs' AND TABLE_SCHEMA = 'pdflab'
Executing (default): SHOW FULL COLUMNS FROM `conversion_jobs`;
Executing (default): SELECT CONSTRAINT_NAME as constraint_name,CONSTRAINT_NAME as constraintName,CONSTRAINT_SCHEMA as constraintSchema,CONSTRAINT_SCHEMA as constraintCatalog,TABLE_NAME as tableName,TABLE_SCHEMA as tableSchema,TABLE_SCHEMA as tableCatalog,COLUMN_NAME as columnName,REFERENCED_TABLE_SCHEMA as referencedTableSchema,REFERENCED_TABLE_SCHEMA as referencedTableCatalog,REFERENCED_TABLE_NAME as referencedTableName,REFERENCED_COLUMN_NAME as referencedColumnName FROM INFORMATION_SCHEMA.KEY_COLUMN_USAGE where TABLE_NAME = 'conversion_jobs' AND CONSTRAINT_NAME!='PRIMARY' AND CONSTRAINT_SCHEMA='pdflab' AND REFERENCED_TABLE_NAME IS NOT NULL;
Executing (default): ALTER TABLE `conversion_jobs` CHANGE `user_id` `user_id` CHAR(36) BINARY;
Executing (default): ALTER TABLE `conversion_jobs` CHANGE `type` `type` ENUM('pdf_to_pptx', 'pdf_to_docx', 'pdf_to_xlsx', 'pdf_to_images', 'pdf_merge') NOT NULL;
Executing (default): ALTER TABLE `conversion_jobs` CHANGE `status` `status` ENUM('pending', 'queued', 'processing', 'completed', 'failed') NOT NULL DEFAULT 'pending';
Executing (default): ALTER TABLE `conversion_jobs` CHANGE `progress` `progress` INTEGER NOT NULL DEFAULT 0;
Executing (default): ALTER TABLE `conversion_jobs` CHANGE `input_file` `input_file` VARCHAR(500);
Executing (default): ALTER TABLE `conversion_jobs` CHANGE `output_file` `output_file` VARCHAR(500);
Executing (default): ALTER TABLE `conversion_jobs` CHANGE `file_name` `file_name` VARCHAR(255) NOT NULL;
Executing (default): ALTER TABLE `conversion_jobs` CHANGE `file_size` `file_size` BIGINT NOT NULL;
Executing (default): ALTER TABLE `conversion_jobs` CHANGE `cloudconvert_job_id` `cloudconvert_job_id` VARCHAR(255);
Executing (default): ALTER TABLE `conversion_jobs` CHANGE `error_message` `error_message` TEXT;
Executing (default): ALTER TABLE `conversion_jobs` CHANGE `estimated_time` `estimated_time` INTEGER COMMENT 'Estimated processing time in seconds';
Executing (default): ALTER TABLE `conversion_jobs` CHANGE `processing_started_at` `processing_started_at` DATETIME;
Executing (default): ALTER TABLE `conversion_jobs` CHANGE `processing_completed_at` `processing_completed_at` DATETIME;
Executing (default): ALTER TABLE `conversion_jobs` CHANGE `created_at` `created_at` DATETIME NOT NULL;
Executing (default): ALTER TABLE `conversion_jobs` CHANGE `updated_at` `updated_at` DATETIME NOT NULL;
Executing (default): ALTER TABLE `conversion_jobs` CHANGE `expires_at` `expires_at` DATETIME NOT NULL;
Executing (default): SHOW INDEX FROM `conversion_jobs` FROM `pdflab`
Executing (default): SELECT TABLE_NAME FROM INFORMATION_SCHEMA.TABLES WHERE TABLE_TYPE = 'BASE TABLE' AND TABLE_NAME = 'usage_logs' AND TABLE_SCHEMA = 'pdflab'
Executing (default): SHOW FULL COLUMNS FROM `usage_logs`;
Executing (default): SELECT CONSTRAINT_NAME as constraint_name,CONSTRAINT_NAME as constraintName,CONSTRAINT_SCHEMA as constraintSchema,CONSTRAINT_SCHEMA as constraintCatalog,TABLE_NAME as tableName,TABLE_SCHEMA as tableSchema,TABLE_SCHEMA as tableCatalog,COLUMN_NAME as columnName,REFERENCED_TABLE_SCHEMA as referencedTableSchema,REFERENCED_TABLE_SCHEMA as referencedTableCatalog,REFERENCED_TABLE_NAME as referencedTableName,REFERENCED_COLUMN_NAME as referencedColumnName FROM INFORMATION_SCHEMA.KEY_COLUMN_USAGE where TABLE_NAME = 'usage_logs' AND CONSTRAINT_NAME!='PRIMARY' AND CONSTRAINT_SCHEMA='pdflab' AND REFERENCED_TABLE_NAME IS NOT NULL;
Executing (default): SELECT CONSTRAINT_CATALOG AS constraintCatalog, CONSTRAINT_NAME AS constraintName, CONSTRAINT_SCHEMA AS constraintSchema, CONSTRAINT_TYPE AS constraintType, TABLE_NAME AS tableName, TABLE_SCHEMA AS tableSchema from INFORMATION_SCHEMA.TABLE_CONSTRAINTS WHERE table_name='usage_logs' AND constraint_name = 'usage_logs_ibfk_87' AND TABLE_SCHEMA = 'pdflab';
Executing (default): ALTER TABLE `usage_logs` DROP FOREIGN KEY `usage_logs_ibfk_87`;
Executing (default): ALTER TABLE `usage_logs` ADD FOREIGN KEY (`user_id`) REFERENCES `users` (`id`) ON DELETE CASCADE ON UPDATE CASCADE;
Executing (default): SELECT CONSTRAINT_CATALOG AS constraintCatalog, CONSTRAINT_NAME AS constraintName, CONSTRAINT_SCHEMA AS constraintSchema, CONSTRAINT_TYPE AS constraintType, TABLE_NAME AS tableName, TABLE_SCHEMA AS tableSchema from INFORMATION_SCHEMA.TABLE_CONSTRAINTS WHERE table_name='usage_logs' AND constraint_name = 'usage_logs_ibfk_88' AND TABLE_SCHEMA = 'pdflab';
Executing (default): ALTER TABLE `usage_logs` DROP FOREIGN KEY `usage_logs_ibfk_88`;
Executing (default): ALTER TABLE `usage_logs` ADD FOREIGN KEY (`job_id`) REFERENCES `conversion_jobs` (`id`) ON DELETE SET NULL ON UPDATE CASCADE;
Executing (default): ALTER TABLE `usage_logs` CHANGE `operation_type` `operation_type` VARCHAR(50) NOT NULL;
Executing (default): ALTER TABLE `usage_logs` CHANGE `success` `success` TINYINT(1) NOT NULL DEFAULT false;
Executing (default): ALTER TABLE `usage_logs` CHANGE `processing_time` `processing_time` INTEGER COMMENT 'Processing time in milliseconds';
Executing (default): ALTER TABLE `usage_logs` CHANGE `file_size` `file_size` BIGINT NOT NULL;
Executing (default): ALTER TABLE `usage_logs` CHANGE `error_code` `error_code` VARCHAR(50);
Executing (default): ALTER TABLE `usage_logs` CHANGE `timestamp` `timestamp` DATETIME NOT NULL;
Executing (default): SHOW INDEX FROM `usage_logs` FROM `pdflab`
Executing (default): SELECT TABLE_NAME FROM INFORMATION_SCHEMA.TABLES WHERE TABLE_TYPE = 'BASE TABLE' AND TABLE_NAME = 'subscriptions' AND TABLE_SCHEMA = 'pdflab'
Executing (default): SHOW FULL COLUMNS FROM `subscriptions`;
Executing (default): SELECT CONSTRAINT_NAME as constraint_name,CONSTRAINT_NAME as constraintName,CONSTRAINT_SCHEMA as constraintSchema,CONSTRAINT_SCHEMA as constraintCatalog,TABLE_NAME as tableName,TABLE_SCHEMA as tableSchema,TABLE_SCHEMA as tableCatalog,COLUMN_NAME as columnName,REFERENCED_TABLE_SCHEMA as referencedTableSchema,REFERENCED_TABLE_SCHEMA as referencedTableCatalog,REFERENCED_TABLE_NAME as referencedTableName,REFERENCED_COLUMN_NAME as referencedColumnName FROM INFORMATION_SCHEMA.KEY_COLUMN_USAGE where TABLE_NAME = 'subscriptions' AND CONSTRAINT_NAME!='PRIMARY' AND CONSTRAINT_SCHEMA='pdflab' AND REFERENCED_TABLE_NAME IS NOT NULL;
Executing (default): SELECT CONSTRAINT_CATALOG AS constraintCatalog, CONSTRAINT_NAME AS constraintName, CONSTRAINT_SCHEMA AS constraintSchema, CONSTRAINT_TYPE AS constraintType, TABLE_NAME AS tableName, TABLE_SCHEMA AS tableSchema from INFORMATION_SCHEMA.TABLE_CONSTRAINTS WHERE table_name='subscriptions' AND constraint_name = 'subscriptions_ibfk_1' AND TABLE_SCHEMA = 'pdflab';
Executing (default): ALTER TABLE `subscriptions` DROP FOREIGN KEY `subscriptions_ibfk_1`;
Executing (default): ALTER TABLE `subscriptions` ADD FOREIGN KEY (`user_id`) REFERENCES `users` (`id`) ON DELETE CASCADE ON UPDATE CASCADE;
Executing (default): ALTER TABLE `subscriptions` CHANGE `plan` `plan` ENUM('free', 'starter', 'pro', 'enterprise') NOT NULL DEFAULT 'free';
Executing (default): ALTER TABLE `subscriptions` CHANGE `status` `status` ENUM('active', 'canceled', 'past_due', 'trialing', 'pending') NOT NULL DEFAULT 'pending';
Executing (default): ALTER TABLE `subscriptions` CHANGE `payfast_token` `payfast_token` VARCHAR(255) COMMENT 'PayFast subscription token for recurring payments';
Executing (default): ALTER TABLE `subscriptions` CHANGE `payfast_subscription_id` `payfast_subscription_id` VARCHAR(255) COMMENT 'PayFast subscription ID';
Executing (default): ALTER TABLE `subscriptions` CHANGE `amount` `amount` DECIMAL(10,2) NOT NULL COMMENT 'Subscription amount in currency';
Executing (default): ALTER TABLE `subscriptions` CHANGE `currency` `currency` VARCHAR(3) NOT NULL DEFAULT 'USD' COMMENT 'Currency code (USD for United States Dollar)';
Executing (default): ALTER TABLE `subscriptions` CHANGE `billing_date` `billing_date` DATETIME COMMENT 'First billing date';
Executing (default): ALTER TABLE `subscriptions` CHANGE `next_billing_date` `next_billing_date` DATETIME COMMENT 'Next billing date for recurring subscription';
Executing (default): ALTER TABLE `subscriptions` CHANGE `cancel_at` `cancel_at` DATETIME COMMENT 'Scheduled cancellation date';
Executing (default): ALTER TABLE `subscriptions` CHANGE `canceled_at` `canceled_at` DATETIME COMMENT 'Actual cancellation timestamp';
Executing (default): ALTER TABLE `subscriptions` CHANGE `trial_end` `trial_end` DATETIME COMMENT 'Trial period end date';
Executing (default): ALTER TABLE `subscriptions` CHANGE `started_at` `started_at` DATETIME NOT NULL COMMENT 'Subscription start date';
Executing (default): ALTER TABLE `subscriptions` CHANGE `ended_at` `ended_at` DATETIME COMMENT 'Subscription end date (if canceled)';
Executing (default): ALTER TABLE `subscriptions` CHANGE `created_at` `created_at` DATETIME NOT NULL;
Executing (default): ALTER TABLE `subscriptions` CHANGE `updated_at` `updated_at` DATETIME NOT NULL;
Executing (default): SHOW INDEX FROM `subscriptions` FROM `pdflab`
Executing (default): SELECT TABLE_NAME FROM INFORMATION_SCHEMA.TABLES WHERE TABLE_TYPE = 'BASE TABLE' AND TABLE_NAME = 'payment_logs' AND TABLE_SCHEMA = 'pdflab'
Executing (default): SHOW FULL COLUMNS FROM `payment_logs`;
Executing (default): SELECT CONSTRAINT_NAME as constraint_name,CONSTRAINT_NAME as constraintName,CONSTRAINT_SCHEMA as constraintSchema,CONSTRAINT_SCHEMA as constraintCatalog,TABLE_NAME as tableName,TABLE_SCHEMA as tableSchema,TABLE_SCHEMA as tableCatalog,COLUMN_NAME as columnName,REFERENCED_TABLE_SCHEMA as referencedTableSchema,REFERENCED_TABLE_SCHEMA as referencedTableCatalog,REFERENCED_TABLE_NAME as referencedTableName,REFERENCED_COLUMN_NAME as referencedColumnName FROM INFORMATION_SCHEMA.KEY_COLUMN_USAGE where TABLE_NAME = 'payment_logs' AND CONSTRAINT_NAME!='PRIMARY' AND CONSTRAINT_SCHEMA='pdflab' AND REFERENCED_TABLE_NAME IS NOT NULL;
Executing (default): SELECT CONSTRAINT_CATALOG AS constraintCatalog, CONSTRAINT_NAME AS constraintName, CONSTRAINT_SCHEMA AS constraintSchema, CONSTRAINT_TYPE AS constraintType, TABLE_NAME AS tableName, TABLE_SCHEMA AS tableSchema from INFORMATION_SCHEMA.TABLE_CONSTRAINTS WHERE table_name='payment_logs' AND constraint_name = 'payment_logs_ibfk_69' AND TABLE_SCHEMA = 'pdflab';
Executing (default): ALTER TABLE `payment_logs` DROP FOREIGN KEY `payment_logs_ibfk_69`;
Executing (default): ALTER TABLE `payment_logs` ADD FOREIGN KEY (`user_id`) REFERENCES `users` (`id`) ON DELETE CASCADE ON UPDATE CASCADE;
Executing (default): SELECT CONSTRAINT_CATALOG AS constraintCatalog, CONSTRAINT_NAME AS constraintName, CONSTRAINT_SCHEMA AS constraintSchema, CONSTRAINT_TYPE AS constraintType, TABLE_NAME AS tableName, TABLE_SCHEMA AS tableSchema from INFORMATION_SCHEMA.TABLE_CONSTRAINTS WHERE table_name='payment_logs' AND constraint_name = 'payment_logs_ibfk_70' AND TABLE_SCHEMA = 'pdflab';
Executing (default): ALTER TABLE `payment_logs` DROP FOREIGN KEY `payment_logs_ibfk_70`;
Executing (default): ALTER TABLE `payment_logs` ADD FOREIGN KEY (`subscription_id`) REFERENCES `subscriptions` (`id`) ON DELETE SET NULL ON UPDATE CASCADE;
Executing (default): ALTER TABLE `payment_logs` CHANGE `transaction_id` `transaction_id` VARCHAR(255) NOT NULL UNIQUE COMMENT 'Our internal transaction ID (m_payment_id)';
Executing (default): ALTER TABLE `payment_logs` CHANGE `payfast_payment_id` `payfast_payment_id` VARCHAR(255) COMMENT 'PayFast payment ID (pf_payment_id)';
Executing (default): ALTER TABLE `payment_logs` CHANGE `payment_type` `payment_type` ENUM('subscription', 'subscription_payment', 'one_time', 'refund') NOT NULL DEFAULT 'one_time';
Executing (default): ALTER TABLE `payment_logs` CHANGE `status` `status` ENUM('complete', 'failed', 'pending', 'cancelled') NOT NULL DEFAULT 'pending';
Executing (default): ALTER TABLE `payment_logs` CHANGE `amount_gross` `amount_gross` DECIMAL(10,2) NOT NULL COMMENT 'Gross amount before fees';
Executing (default): ALTER TABLE `payment_logs` CHANGE `amount_fee` `amount_fee` DECIMAL(10,2) NOT NULL DEFAULT 0 COMMENT 'PayFast processing fee';
Executing (default): ALTER TABLE `payment_logs` CHANGE `amount_net` `amount_net` DECIMAL(10,2) NOT NULL COMMENT 'Net amount after fees';
Executing (default): ALTER TABLE `payment_logs` CHANGE `currency` `currency` VARCHAR(3) NOT NULL DEFAULT 'USD';
Executing (default): ALTER TABLE `payment_logs` CHANGE `plan` `plan` VARCHAR(50) NOT NULL COMMENT 'Plan name (free, starter, pro, enterprise)';
Executing (default): ALTER TABLE `payment_logs` CHANGE `payment_method` `payment_method` VARCHAR(50) COMMENT 'Payment method used (eft, credit_card, etc.)';
Executing (default): ALTER TABLE `payment_logs` CHANGE `name_first` `name_first` VARCHAR(255) NOT NULL;
Executing (default): ALTER TABLE `payment_logs` CHANGE `name_last` `name_last` VARCHAR(255);
Executing (default): ALTER TABLE `payment_logs` CHANGE `email_address` `email_address` VARCHAR(255) NOT NULL;
Executing (default): ALTER TABLE `payment_logs` CHANGE `item_name` `item_name` VARCHAR(255) NOT NULL;
Executing (default): ALTER TABLE `payment_logs` CHANGE `item_description` `item_description` TEXT;
Executing (default): ALTER TABLE `payment_logs` CHANGE `custom_data` `custom_data` JSON COMMENT 'Custom data sent to PayFast';
Executing (default): ALTER TABLE `payment_logs` CHANGE `itn_data` `itn_data` JSON COMMENT 'Full ITN notification data from PayFast';
Executing (default): ALTER TABLE `payment_logs` CHANGE `error_message` `error_message` TEXT COMMENT 'Error message if payment failed';
Executing (default): ALTER TABLE `payment_logs` CHANGE `processed_at` `processed_at` DATETIME COMMENT 'When the payment was processed';
Executing (default): ALTER TABLE `payment_logs` CHANGE `created_at` `created_at` DATETIME NOT NULL;
Executing (default): ALTER TABLE `payment_logs` CHANGE `updated_at` `updated_at` DATETIME NOT NULL;
Executing (default): SHOW INDEX FROM `payment_logs` FROM `pdflab`
Executing (default): SELECT TABLE_NAME FROM INFORMATION_SCHEMA.TABLES WHERE TABLE_TYPE = 'BASE TABLE' AND TABLE_NAME = 'password_history' AND TABLE_SCHEMA = 'pdflab'
Executing (default): SHOW FULL COLUMNS FROM `password_history`;
Executing (default): SELECT CONSTRAINT_NAME as constraint_name,CONSTRAINT_NAME as constraintName,CONSTRAINT_SCHEMA as constraintSchema,CONSTRAINT_SCHEMA as constraintCatalog,TABLE_NAME as tableName,TABLE_SCHEMA as tableSchema,TABLE_SCHEMA as tableCatalog,COLUMN_NAME as columnName,REFERENCED_TABLE_SCHEMA as referencedTableSchema,REFERENCED_TABLE_SCHEMA as referencedTableCatalog,REFERENCED_TABLE_NAME as referencedTableName,REFERENCED_COLUMN_NAME as referencedColumnName FROM INFORMATION_SCHEMA.KEY_COLUMN_USAGE where TABLE_NAME = 'password_history' AND CONSTRAINT_NAME!='PRIMARY' AND CONSTRAINT_SCHEMA='pdflab' AND REFERENCED_TABLE_NAME IS NOT NULL;
Executing (default): SELECT CONSTRAINT_CATALOG AS constraintCatalog, CONSTRAINT_NAME AS constraintName, CONSTRAINT_SCHEMA AS constraintSchema, CONSTRAINT_TYPE AS constraintType, TABLE_NAME AS tableName, TABLE_SCHEMA AS tableSchema from INFORMATION_SCHEMA.TABLE_CONSTRAINTS WHERE table_name='password_history' AND constraint_name = 'password_history_ibfk_1' AND TABLE_SCHEMA = 'pdflab';
Executing (default): ALTER TABLE `password_history` DROP FOREIGN KEY `password_history_ibfk_1`;
Executing (default): ALTER TABLE `password_history` ADD FOREIGN KEY (`user_id`) REFERENCES `users` (`id`) ON DELETE CASCADE ON UPDATE CASCADE;
Executing (default): ALTER TABLE `password_history` CHANGE `password_hash` `password_hash` VARCHAR(255) NOT NULL;
Executing (default): ALTER TABLE `password_history` CHANGE `created_at` `created_at` DATETIME NOT NULL;
Executing (default): SHOW INDEX FROM `password_history` FROM `pdflab`
✓ Database synchronized successfully
✓ Redis client connected
🔧 Initializing Bull queues...
  Creating conversion queue...
  ✓ Conversion queue created
  Creating cleanup queue...
  ✓ Cleanup queue created
✓ Bull queues initialized
✓ Initializing conversion worker...
✓ Initializing cleanup worker...
✓ Job workers initialized
[Quota Reset] Initializing monthly quota reset cron job...
[Quota Reset] Schedule: 0 0 1 * * (1st of month at midnight)
✓ Quota reset cron job initialized and scheduled
✓ Next reset: 2025-12-01T00:00:00.000-05:00
✓ Monthly quota reset scheduled
✓ PDFLab API Server running
✓ Environment: development
✓ Port: 3006
✓ Health check: http://localhost:3006/health
✓ API endpoint: http://localhost:3006/api
21:15:40 [tsx] change in ./src\controllers\conversion.controller.ts Restarting...
c⚠ Email service not configured - missing SMTP credentials
  Emails will be logged to console only (development mode)
🚀 Starting PDFLab Backend API...
Executing (default): SELECT 1+1 AS result
✓ Database connection established successfully
Executing (default): SELECT TABLE_NAME FROM INFORMATION_SCHEMA.TABLES WHERE TABLE_TYPE = 'BASE TABLE' AND TABLE_NAME = 'users' AND TABLE_SCHEMA = 'pdflab'
Executing (default): SHOW FULL COLUMNS FROM `users`;
Executing (default): SELECT CONSTRAINT_NAME as constraint_name,CONSTRAINT_NAME as constraintName,CONSTRAINT_SCHEMA as constraintSchema,CONSTRAINT_SCHEMA as constraintCatalog,TABLE_NAME as tableName,TABLE_SCHEMA as tableSchema,TABLE_SCHEMA as tableCatalog,COLUMN_NAME as columnName,REFERENCED_TABLE_SCHEMA as referencedTableSchema,REFERENCED_TABLE_SCHEMA as referencedTableCatalog,REFERENCED_TABLE_NAME as referencedTableName,REFERENCED_COLUMN_NAME as referencedColumnName FROM INFORMATION_SCHEMA.KEY_COLUMN_USAGE where TABLE_NAME = 'users' AND CONSTRAINT_NAME!='PRIMARY' AND CONSTRAINT_SCHEMA='pdflab' AND REFERENCED_TABLE_NAME IS NOT NULL;
Executing (default): ALTER TABLE `users` CHANGE `email` `email` VARCHAR(255) NOT NULL UNIQUE;
Executing (default): ALTER TABLE `users` CHANGE `password_hash` `password_hash` VARCHAR(255) NOT NULL;
Executing (default): ALTER TABLE `users` CHANGE `name` `name` VARCHAR(255);
Executing (default): ALTER TABLE `users` CHANGE `role` `role` ENUM('user', 'support', 'finance', 'admin', 'super_admin') NOT NULL DEFAULT 'user';
Executing (default): ALTER TABLE `users` CHANGE `plan` `plan` ENUM('free', 'starter', 'pro', 'enterprise') NOT NULL DEFAULT 'free';
Executing (default): ALTER TABLE `users` CHANGE `conversions_used` `conversions_used` INTEGER NOT NULL DEFAULT 0;
Executing (default): ALTER TABLE `users` CHANGE `conversions_limit` `conversions_limit` INTEGER NOT NULL DEFAULT 3;
Executing (default): ALTER TABLE `users` CHANGE `stripe_customer_id` `stripe_customer_id` VARCHAR(255);
Executing (default): ALTER TABLE `users` CHANGE `subscription_id` `subscription_id` VARCHAR(255);
Executing (default): ALTER TABLE `users` CHANGE `subscription_status` `subscription_status` ENUM('active', 'canceled', 'past_due', 'trialing');
Executing (default): ALTER TABLE `users` CHANGE `subscription_end_date` `subscription_end_date` DATETIME;
Executing (default): ALTER TABLE `users` CHANGE `failed_reset_attempts` `failed_reset_attempts` INTEGER NOT NULL DEFAULT 0;
Executing (default): ALTER TABLE `users` CHANGE `reset_locked_until` `reset_locked_until` DATETIME;
Executing (default): ALTER TABLE `users` CHANGE `created_at` `created_at` DATETIME NOT NULL;
Executing (default): ALTER TABLE `users` CHANGE `updated_at` `updated_at` DATETIME NOT NULL;
Executing (default): ALTER TABLE `users` CHANGE `last_login` `last_login` DATETIME;
Executing (default): SHOW INDEX FROM `users` FROM `pdflab`
Executing (default): SELECT TABLE_NAME FROM INFORMATION_SCHEMA.TABLES WHERE TABLE_TYPE = 'BASE TABLE' AND TABLE_NAME = 'admin_audit_logs' AND TABLE_SCHEMA = 'pdflab'
Executing (default): SHOW FULL COLUMNS FROM `admin_audit_logs`;
Executing (default): SELECT CONSTRAINT_NAME as constraint_name,CONSTRAINT_NAME as constraintName,CONSTRAINT_SCHEMA as constraintSchema,CONSTRAINT_SCHEMA as constraintCatalog,TABLE_NAME as tableName,TABLE_SCHEMA as tableSchema,TABLE_SCHEMA as tableCatalog,COLUMN_NAME as columnName,REFERENCED_TABLE_SCHEMA as referencedTableSchema,REFERENCED_TABLE_SCHEMA as referencedTableCatalog,REFERENCED_TABLE_NAME as referencedTableName,REFERENCED_COLUMN_NAME as referencedColumnName FROM INFORMATION_SCHEMA.KEY_COLUMN_USAGE where TABLE_NAME = 'admin_audit_logs' AND CONSTRAINT_NAME!='PRIMARY' AND CONSTRAINT_SCHEMA='pdflab' AND REFERENCED_TABLE_NAME IS NOT NULL;
Executing (default): SELECT CONSTRAINT_CATALOG AS constraintCatalog, CONSTRAINT_NAME AS constraintName, CONSTRAINT_SCHEMA AS constraintSchema, CONSTRAINT_TYPE AS constraintType, TABLE_NAME AS tableName, TABLE_SCHEMA AS tableSchema from INFORMATION_SCHEMA.TABLE_CONSTRAINTS WHERE table_name='admin_audit_logs' AND constraint_name = 'admin_audit_logs_ibfk_1' AND TABLE_SCHEMA = 'pdflab';
Executing (default): ALTER TABLE `admin_audit_logs` DROP FOREIGN KEY `admin_audit_logs_ibfk_1`;
Executing (default): ALTER TABLE `admin_audit_logs` ADD FOREIGN KEY (`admin_user_id`) REFERENCES `users` (`id`) ON DELETE CASCADE ON UPDATE CASCADE;
Executing (default): ALTER TABLE `admin_audit_logs` CHANGE `action` `action` VARCHAR(100) NOT NULL;
Executing (default): ALTER TABLE `admin_audit_logs` CHANGE `entity_type` `entity_type` VARCHAR(50) NOT NULL;
Executing (default): ALTER TABLE `admin_audit_logs` CHANGE `entity_id` `entity_id` CHAR(36) BINARY;
Executing (default): ALTER TABLE `admin_audit_logs` CHANGE `changes` `changes` JSON;
Executing (default): ALTER TABLE `admin_audit_logs` CHANGE `ip_address` `ip_address` VARCHAR(45);
Executing (default): ALTER TABLE `admin_audit_logs` CHANGE `user_agent` `user_agent` TEXT;
Executing (default): ALTER TABLE `admin_audit_logs` CHANGE `severity` `severity` ENUM('info', 'warning', 'critical') NOT NULL DEFAULT 'info';
Executing (default): ALTER TABLE `admin_audit_logs` CHANGE `checksum` `checksum` VARCHAR(64);
Executing (default): ALTER TABLE `admin_audit_logs` CHANGE `created_at` `created_at` DATETIME NOT NULL;
Executing (default): SHOW INDEX FROM `admin_audit_logs` FROM `pdflab`
Executing (default): SELECT TABLE_NAME FROM INFORMATION_SCHEMA.TABLES WHERE TABLE_TYPE = 'BASE TABLE' AND TABLE_NAME = 'system_health_logs' AND TABLE_SCHEMA = 'pdflab'
Executing (default): SHOW FULL COLUMNS FROM `system_health_logs`;
Executing (default): SELECT CONSTRAINT_NAME as constraint_name,CONSTRAINT_NAME as constraintName,CONSTRAINT_SCHEMA as constraintSchema,CONSTRAINT_SCHEMA as constraintCatalog,TABLE_NAME as tableName,TABLE_SCHEMA as tableSchema,TABLE_SCHEMA as tableCatalog,COLUMN_NAME as columnName,REFERENCED_TABLE_SCHEMA as referencedTableSchema,REFERENCED_TABLE_SCHEMA as referencedTableCatalog,REFERENCED_TABLE_NAME as referencedTableName,REFERENCED_COLUMN_NAME as referencedColumnName FROM INFORMATION_SCHEMA.KEY_COLUMN_USAGE where TABLE_NAME = 'system_health_logs' AND CONSTRAINT_NAME!='PRIMARY' AND CONSTRAINT_SCHEMA='pdflab' AND REFERENCED_TABLE_NAME IS NOT NULL;
Executing (default): ALTER TABLE `system_health_logs` CHANGE `metric_name` `metric_name` VARCHAR(100) NOT NULL;
Executing (default): ALTER TABLE `system_health_logs` CHANGE `metric_value` `metric_value` DECIMAL(10,2);
Executing (default): ALTER TABLE `system_health_logs` CHANGE `status` `status` ENUM('healthy', 'warning', 'critical') NOT NULL DEFAULT 'healthy';
Executing (default): ALTER TABLE `system_health_logs` CHANGE `details` `details` JSON;
Executing (default): ALTER TABLE `system_health_logs` CHANGE `created_at` `created_at` DATETIME NOT NULL;
Executing (default): SHOW INDEX FROM `system_health_logs` FROM `pdflab`
Executing (default): SELECT TABLE_NAME FROM INFORMATION_SCHEMA.TABLES WHERE TABLE_TYPE = 'BASE TABLE' AND TABLE_NAME = 'conversion_jobs' AND TABLE_SCHEMA = 'pdflab'
Executing (default): SHOW FULL COLUMNS FROM `conversion_jobs`;
Executing (default): SELECT CONSTRAINT_NAME as constraint_name,CONSTRAINT_NAME as constraintName,CONSTRAINT_SCHEMA as constraintSchema,CONSTRAINT_SCHEMA as constraintCatalog,TABLE_NAME as tableName,TABLE_SCHEMA as tableSchema,TABLE_SCHEMA as tableCatalog,COLUMN_NAME as columnName,REFERENCED_TABLE_SCHEMA as referencedTableSchema,REFERENCED_TABLE_SCHEMA as referencedTableCatalog,REFERENCED_TABLE_NAME as referencedTableName,REFERENCED_COLUMN_NAME as referencedColumnName FROM INFORMATION_SCHEMA.KEY_COLUMN_USAGE where TABLE_NAME = 'conversion_jobs' AND CONSTRAINT_NAME!='PRIMARY' AND CONSTRAINT_SCHEMA='pdflab' AND REFERENCED_TABLE_NAME IS NOT NULL;
Executing (default): ALTER TABLE `conversion_jobs` CHANGE `user_id` `user_id` CHAR(36) BINARY;
Executing (default): ALTER TABLE `conversion_jobs` CHANGE `type` `type` ENUM('pdf_to_pptx', 'pdf_to_docx', 'pdf_to_xlsx', 'pdf_to_images', 'pdf_merge') NOT NULL;
Executing (default): ALTER TABLE `conversion_jobs` CHANGE `status` `status` ENUM('pending', 'queued', 'processing', 'completed', 'failed') NOT NULL DEFAULT 'pending';
Executing (default): ALTER TABLE `conversion_jobs` CHANGE `progress` `progress` INTEGER NOT NULL DEFAULT 0;
Executing (default): ALTER TABLE `conversion_jobs` CHANGE `input_file` `input_file` VARCHAR(500);
Executing (default): ALTER TABLE `conversion_jobs` CHANGE `output_file` `output_file` VARCHAR(500);
Executing (default): ALTER TABLE `conversion_jobs` CHANGE `file_name` `file_name` VARCHAR(255) NOT NULL;
Executing (default): ALTER TABLE `conversion_jobs` CHANGE `file_size` `file_size` BIGINT NOT NULL;
Executing (default): ALTER TABLE `conversion_jobs` CHANGE `cloudconvert_job_id` `cloudconvert_job_id` VARCHAR(255);
Executing (default): ALTER TABLE `conversion_jobs` CHANGE `error_message` `error_message` TEXT;
Executing (default): ALTER TABLE `conversion_jobs` CHANGE `estimated_time` `estimated_time` INTEGER COMMENT 'Estimated processing time in seconds';
Executing (default): ALTER TABLE `conversion_jobs` CHANGE `processing_started_at` `processing_started_at` DATETIME;
Executing (default): ALTER TABLE `conversion_jobs` CHANGE `processing_completed_at` `processing_completed_at` DATETIME;
Executing (default): ALTER TABLE `conversion_jobs` CHANGE `created_at` `created_at` DATETIME NOT NULL;
Executing (default): ALTER TABLE `conversion_jobs` CHANGE `updated_at` `updated_at` DATETIME NOT NULL;
Executing (default): ALTER TABLE `conversion_jobs` CHANGE `expires_at` `expires_at` DATETIME NOT NULL;
Executing (default): SHOW INDEX FROM `conversion_jobs` FROM `pdflab`
Executing (default): SELECT TABLE_NAME FROM INFORMATION_SCHEMA.TABLES WHERE TABLE_TYPE = 'BASE TABLE' AND TABLE_NAME = 'usage_logs' AND TABLE_SCHEMA = 'pdflab'
Executing (default): SHOW FULL COLUMNS FROM `usage_logs`;
Executing (default): SELECT CONSTRAINT_NAME as constraint_name,CONSTRAINT_NAME as constraintName,CONSTRAINT_SCHEMA as constraintSchema,CONSTRAINT_SCHEMA as constraintCatalog,TABLE_NAME as tableName,TABLE_SCHEMA as tableSchema,TABLE_SCHEMA as tableCatalog,COLUMN_NAME as columnName,REFERENCED_TABLE_SCHEMA as referencedTableSchema,REFERENCED_TABLE_SCHEMA as referencedTableCatalog,REFERENCED_TABLE_NAME as referencedTableName,REFERENCED_COLUMN_NAME as referencedColumnName FROM INFORMATION_SCHEMA.KEY_COLUMN_USAGE where TABLE_NAME = 'usage_logs' AND CONSTRAINT_NAME!='PRIMARY' AND CONSTRAINT_SCHEMA='pdflab' AND REFERENCED_TABLE_NAME IS NOT NULL;
Executing (default): SELECT CONSTRAINT_CATALOG AS constraintCatalog, CONSTRAINT_NAME AS constraintName, CONSTRAINT_SCHEMA AS constraintSchema, CONSTRAINT_TYPE AS constraintType, TABLE_NAME AS tableName, TABLE_SCHEMA AS tableSchema from INFORMATION_SCHEMA.TABLE_CONSTRAINTS WHERE table_name='usage_logs' AND constraint_name = 'usage_logs_ibfk_89' AND TABLE_SCHEMA = 'pdflab';
Executing (default): ALTER TABLE `usage_logs` DROP FOREIGN KEY `usage_logs_ibfk_89`;
Executing (default): ALTER TABLE `usage_logs` ADD FOREIGN KEY (`user_id`) REFERENCES `users` (`id`) ON DELETE CASCADE ON UPDATE CASCADE;
Executing (default): SELECT CONSTRAINT_CATALOG AS constraintCatalog, CONSTRAINT_NAME AS constraintName, CONSTRAINT_SCHEMA AS constraintSchema, CONSTRAINT_TYPE AS constraintType, TABLE_NAME AS tableName, TABLE_SCHEMA AS tableSchema from INFORMATION_SCHEMA.TABLE_CONSTRAINTS WHERE table_name='usage_logs' AND constraint_name = 'usage_logs_ibfk_90' AND TABLE_SCHEMA = 'pdflab';
Executing (default): ALTER TABLE `usage_logs` DROP FOREIGN KEY `usage_logs_ibfk_90`;
Executing (default): ALTER TABLE `usage_logs` ADD FOREIGN KEY (`job_id`) REFERENCES `conversion_jobs` (`id`) ON DELETE SET NULL ON UPDATE CASCADE;
Executing (default): ALTER TABLE `usage_logs` CHANGE `operation_type` `operation_type` VARCHAR(50) NOT NULL;
Executing (default): ALTER TABLE `usage_logs` CHANGE `success` `success` TINYINT(1) NOT NULL DEFAULT false;
Executing (default): ALTER TABLE `usage_logs` CHANGE `processing_time` `processing_time` INTEGER COMMENT 'Processing time in milliseconds';
Executing (default): ALTER TABLE `usage_logs` CHANGE `file_size` `file_size` BIGINT NOT NULL;
Executing (default): ALTER TABLE `usage_logs` CHANGE `error_code` `error_code` VARCHAR(50);
Executing (default): ALTER TABLE `usage_logs` CHANGE `timestamp` `timestamp` DATETIME NOT NULL;
Executing (default): SHOW INDEX FROM `usage_logs` FROM `pdflab`
Executing (default): SELECT TABLE_NAME FROM INFORMATION_SCHEMA.TABLES WHERE TABLE_TYPE = 'BASE TABLE' AND TABLE_NAME = 'subscriptions' AND TABLE_SCHEMA = 'pdflab'
Executing (default): SHOW FULL COLUMNS FROM `subscriptions`;
Executing (default): SELECT CONSTRAINT_NAME as constraint_name,CONSTRAINT_NAME as constraintName,CONSTRAINT_SCHEMA as constraintSchema,CONSTRAINT_SCHEMA as constraintCatalog,TABLE_NAME as tableName,TABLE_SCHEMA as tableSchema,TABLE_SCHEMA as tableCatalog,COLUMN_NAME as columnName,REFERENCED_TABLE_SCHEMA as referencedTableSchema,REFERENCED_TABLE_SCHEMA as referencedTableCatalog,REFERENCED_TABLE_NAME as referencedTableName,REFERENCED_COLUMN_NAME as referencedColumnName FROM INFORMATION_SCHEMA.KEY_COLUMN_USAGE where TABLE_NAME = 'subscriptions' AND CONSTRAINT_NAME!='PRIMARY' AND CONSTRAINT_SCHEMA='pdflab' AND REFERENCED_TABLE_NAME IS NOT NULL;
Executing (default): SELECT CONSTRAINT_CATALOG AS constraintCatalog, CONSTRAINT_NAME AS constraintName, CONSTRAINT_SCHEMA AS constraintSchema, CONSTRAINT_TYPE AS constraintType, TABLE_NAME AS tableName, TABLE_SCHEMA AS tableSchema from INFORMATION_SCHEMA.TABLE_CONSTRAINTS WHERE table_name='subscriptions' AND constraint_name = 'subscriptions_ibfk_1' AND TABLE_SCHEMA = 'pdflab';
Executing (default): ALTER TABLE `subscriptions` DROP FOREIGN KEY `subscriptions_ibfk_1`;
Executing (default): ALTER TABLE `subscriptions` ADD FOREIGN KEY (`user_id`) REFERENCES `users` (`id`) ON DELETE CASCADE ON UPDATE CASCADE;
Executing (default): ALTER TABLE `subscriptions` CHANGE `plan` `plan` ENUM('free', 'starter', 'pro', 'enterprise') NOT NULL DEFAULT 'free';
21:15:48 [tsx] change in ./src\controllers\conversion.controller.ts Restarting...
c⚠ Email service not configured - missing SMTP credentials
  Emails will be logged to console only (development mode)
🚀 Starting PDFLab Backend API...
Executing (default): SELECT 1+1 AS result
✓ Database connection established successfully
Executing (default): SELECT TABLE_NAME FROM INFORMATION_SCHEMA.TABLES WHERE TABLE_TYPE = 'BASE TABLE' AND TABLE_NAME = 'users' AND TABLE_SCHEMA = 'pdflab'
Executing (default): SHOW FULL COLUMNS FROM `users`;
Executing (default): SELECT CONSTRAINT_NAME as constraint_name,CONSTRAINT_NAME as constraintName,CONSTRAINT_SCHEMA as constraintSchema,CONSTRAINT_SCHEMA as constraintCatalog,TABLE_NAME as tableName,TABLE_SCHEMA as tableSchema,TABLE_SCHEMA as tableCatalog,COLUMN_NAME as columnName,REFERENCED_TABLE_SCHEMA as referencedTableSchema,REFERENCED_TABLE_SCHEMA as referencedTableCatalog,REFERENCED_TABLE_NAME as referencedTableName,REFERENCED_COLUMN_NAME as referencedColumnName FROM INFORMATION_SCHEMA.KEY_COLUMN_USAGE where TABLE_NAME = 'users' AND CONSTRAINT_NAME!='PRIMARY' AND CONSTRAINT_SCHEMA='pdflab' AND REFERENCED_TABLE_NAME IS NOT NULL;
Executing (default): ALTER TABLE `users` CHANGE `email` `email` VARCHAR(255) NOT NULL UNIQUE;
Executing (default): ALTER TABLE `users` CHANGE `password_hash` `password_hash` VARCHAR(255) NOT NULL;
Executing (default): ALTER TABLE `users` CHANGE `name` `name` VARCHAR(255);
Executing (default): ALTER TABLE `users` CHANGE `role` `role` ENUM('user', 'support', 'finance', 'admin', 'super_admin') NOT NULL DEFAULT 'user';
Executing (default): ALTER TABLE `users` CHANGE `plan` `plan` ENUM('free', 'starter', 'pro', 'enterprise') NOT NULL DEFAULT 'free';
Executing (default): ALTER TABLE `users` CHANGE `conversions_used` `conversions_used` INTEGER NOT NULL DEFAULT 0;
Executing (default): ALTER TABLE `users` CHANGE `conversions_limit` `conversions_limit` INTEGER NOT NULL DEFAULT 3;
Executing (default): ALTER TABLE `users` CHANGE `stripe_customer_id` `stripe_customer_id` VARCHAR(255);
Executing (default): ALTER TABLE `users` CHANGE `subscription_id` `subscription_id` VARCHAR(255);
Executing (default): ALTER TABLE `users` CHANGE `subscription_status` `subscription_status` ENUM('active', 'canceled', 'past_due', 'trialing');
Executing (default): ALTER TABLE `users` CHANGE `subscription_end_date` `subscription_end_date` DATETIME;
Executing (default): ALTER TABLE `users` CHANGE `failed_reset_attempts` `failed_reset_attempts` INTEGER NOT NULL DEFAULT 0;
Executing (default): ALTER TABLE `users` CHANGE `reset_locked_until` `reset_locked_until` DATETIME;
Executing (default): ALTER TABLE `users` CHANGE `created_at` `created_at` DATETIME NOT NULL;
Executing (default): ALTER TABLE `users` CHANGE `updated_at` `updated_at` DATETIME NOT NULL;
Executing (default): ALTER TABLE `users` CHANGE `last_login` `last_login` DATETIME;
Executing (default): SHOW INDEX FROM `users` FROM `pdflab`
Executing (default): SELECT TABLE_NAME FROM INFORMATION_SCHEMA.TABLES WHERE TABLE_TYPE = 'BASE TABLE' AND TABLE_NAME = 'admin_audit_logs' AND TABLE_SCHEMA = 'pdflab'
Executing (default): SHOW FULL COLUMNS FROM `admin_audit_logs`;
Executing (default): SELECT CONSTRAINT_NAME as constraint_name,CONSTRAINT_NAME as constraintName,CONSTRAINT_SCHEMA as constraintSchema,CONSTRAINT_SCHEMA as constraintCatalog,TABLE_NAME as tableName,TABLE_SCHEMA as tableSchema,TABLE_SCHEMA as tableCatalog,COLUMN_NAME as columnName,REFERENCED_TABLE_SCHEMA as referencedTableSchema,REFERENCED_TABLE_SCHEMA as referencedTableCatalog,REFERENCED_TABLE_NAME as referencedTableName,REFERENCED_COLUMN_NAME as referencedColumnName FROM INFORMATION_SCHEMA.KEY_COLUMN_USAGE where TABLE_NAME = 'admin_audit_logs' AND CONSTRAINT_NAME!='PRIMARY' AND CONSTRAINT_SCHEMA='pdflab' AND REFERENCED_TABLE_NAME IS NOT NULL;
Executing (default): SELECT CONSTRAINT_CATALOG AS constraintCatalog, CONSTRAINT_NAME AS constraintName, CONSTRAINT_SCHEMA AS constraintSchema, CONSTRAINT_TYPE AS constraintType, TABLE_NAME AS tableName, TABLE_SCHEMA AS tableSchema from INFORMATION_SCHEMA.TABLE_CONSTRAINTS WHERE table_name='admin_audit_logs' AND constraint_name = 'admin_audit_logs_ibfk_1' AND TABLE_SCHEMA = 'pdflab';
Executing (default): ALTER TABLE `admin_audit_logs` DROP FOREIGN KEY `admin_audit_logs_ibfk_1`;
Executing (default): ALTER TABLE `admin_audit_logs` ADD FOREIGN KEY (`admin_user_id`) REFERENCES `users` (`id`) ON DELETE CASCADE ON UPDATE CASCADE;
Executing (default): ALTER TABLE `admin_audit_logs` CHANGE `action` `action` VARCHAR(100) NOT NULL;
Executing (default): ALTER TABLE `admin_audit_logs` CHANGE `entity_type` `entity_type` VARCHAR(50) NOT NULL;
Executing (default): ALTER TABLE `admin_audit_logs` CHANGE `entity_id` `entity_id` CHAR(36) BINARY;
Executing (default): ALTER TABLE `admin_audit_logs` CHANGE `changes` `changes` JSON;
Executing (default): ALTER TABLE `admin_audit_logs` CHANGE `ip_address` `ip_address` VARCHAR(45);
Executing (default): ALTER TABLE `admin_audit_logs` CHANGE `user_agent` `user_agent` TEXT;
Executing (default): ALTER TABLE `admin_audit_logs` CHANGE `severity` `severity` ENUM('info', 'warning', 'critical') NOT NULL DEFAULT 'info';
Executing (default): ALTER TABLE `admin_audit_logs` CHANGE `checksum` `checksum` VARCHAR(64);
Executing (default): ALTER TABLE `admin_audit_logs` CHANGE `created_at` `created_at` DATETIME NOT NULL;
Executing (default): SHOW INDEX FROM `admin_audit_logs` FROM `pdflab`
Executing (default): SELECT TABLE_NAME FROM INFORMATION_SCHEMA.TABLES WHERE TABLE_TYPE = 'BASE TABLE' AND TABLE_NAME = 'system_health_logs' AND TABLE_SCHEMA = 'pdflab'
Executing (default): SHOW FULL COLUMNS FROM `system_health_logs`;
Executing (default): SELECT CONSTRAINT_NAME as constraint_name,CONSTRAINT_NAME as constraintName,CONSTRAINT_SCHEMA as constraintSchema,CONSTRAINT_SCHEMA as constraintCatalog,TABLE_NAME as tableName,TABLE_SCHEMA as tableSchema,TABLE_SCHEMA as tableCatalog,COLUMN_NAME as columnName,REFERENCED_TABLE_SCHEMA as referencedTableSchema,REFERENCED_TABLE_SCHEMA as referencedTableCatalog,REFERENCED_TABLE_NAME as referencedTableName,REFERENCED_COLUMN_NAME as referencedColumnName FROM INFORMATION_SCHEMA.KEY_COLUMN_USAGE where TABLE_NAME = 'system_health_logs' AND CONSTRAINT_NAME!='PRIMARY' AND CONSTRAINT_SCHEMA='pdflab' AND REFERENCED_TABLE_NAME IS NOT NULL;
Executing (default): ALTER TABLE `system_health_logs` CHANGE `metric_name` `metric_name` VARCHAR(100) NOT NULL;
Executing (default): ALTER TABLE `system_health_logs` CHANGE `metric_value` `metric_value` DECIMAL(10,2);
Executing (default): ALTER TABLE `system_health_logs` CHANGE `status` `status` ENUM('healthy', 'warning', 'critical') NOT NULL DEFAULT 'healthy';
Executing (default): ALTER TABLE `system_health_logs` CHANGE `details` `details` JSON;
Executing (default): ALTER TABLE `system_health_logs` CHANGE `created_at` `created_at` DATETIME NOT NULL;
Executing (default): SHOW INDEX FROM `system_health_logs` FROM `pdflab`
Executing (default): SELECT TABLE_NAME FROM INFORMATION_SCHEMA.TABLES WHERE TABLE_TYPE = 'BASE TABLE' AND TABLE_NAME = 'conversion_jobs' AND TABLE_SCHEMA = 'pdflab'
Executing (default): SHOW FULL COLUMNS FROM `conversion_jobs`;
Executing (default): SELECT CONSTRAINT_NAME as constraint_name,CONSTRAINT_NAME as constraintName,CONSTRAINT_SCHEMA as constraintSchema,CONSTRAINT_SCHEMA as constraintCatalog,TABLE_NAME as tableName,TABLE_SCHEMA as tableSchema,TABLE_SCHEMA as tableCatalog,COLUMN_NAME as columnName,REFERENCED_TABLE_SCHEMA as referencedTableSchema,REFERENCED_TABLE_SCHEMA as referencedTableCatalog,REFERENCED_TABLE_NAME as referencedTableName,REFERENCED_COLUMN_NAME as referencedColumnName FROM INFORMATION_SCHEMA.KEY_COLUMN_USAGE where TABLE_NAME = 'conversion_jobs' AND CONSTRAINT_NAME!='PRIMARY' AND CONSTRAINT_SCHEMA='pdflab' AND REFERENCED_TABLE_NAME IS NOT NULL;
Executing (default): ALTER TABLE `conversion_jobs` CHANGE `user_id` `user_id` CHAR(36) BINARY;
Executing (default): ALTER TABLE `conversion_jobs` CHANGE `type` `type` ENUM('pdf_to_pptx', 'pdf_to_docx', 'pdf_to_xlsx', 'pdf_to_images', 'pdf_merge') NOT NULL;
Executing (default): ALTER TABLE `conversion_jobs` CHANGE `status` `status` ENUM('pending', 'queued', 'processing', 'completed', 'failed') NOT NULL DEFAULT 'pending';
Executing (default): ALTER TABLE `conversion_jobs` CHANGE `progress` `progress` INTEGER NOT NULL DEFAULT 0;
Executing (default): ALTER TABLE `conversion_jobs` CHANGE `input_file` `input_file` VARCHAR(500);
Executing (default): ALTER TABLE `conversion_jobs` CHANGE `output_file` `output_file` VARCHAR(500);
Executing (default): ALTER TABLE `conversion_jobs` CHANGE `file_name` `file_name` VARCHAR(255) NOT NULL;
Executing (default): ALTER TABLE `conversion_jobs` CHANGE `file_size` `file_size` BIGINT NOT NULL;
Executing (default): ALTER TABLE `conversion_jobs` CHANGE `cloudconvert_job_id` `cloudconvert_job_id` VARCHAR(255);
Executing (default): ALTER TABLE `conversion_jobs` CHANGE `error_message` `error_message` TEXT;
Executing (default): ALTER TABLE `conversion_jobs` CHANGE `estimated_time` `estimated_time` INTEGER COMMENT 'Estimated processing time in seconds';
Executing (default): ALTER TABLE `conversion_jobs` CHANGE `processing_started_at` `processing_started_at` DATETIME;
Executing (default): ALTER TABLE `conversion_jobs` CHANGE `processing_completed_at` `processing_completed_at` DATETIME;
Executing (default): ALTER TABLE `conversion_jobs` CHANGE `created_at` `created_at` DATETIME NOT NULL;
Executing (default): ALTER TABLE `conversion_jobs` CHANGE `updated_at` `updated_at` DATETIME NOT NULL;
Executing (default): ALTER TABLE `conversion_jobs` CHANGE `expires_at` `expires_at` DATETIME NOT NULL;
Executing (default): SHOW INDEX FROM `conversion_jobs` FROM `pdflab`
Executing (default): SELECT TABLE_NAME FROM INFORMATION_SCHEMA.TABLES WHERE TABLE_TYPE = 'BASE TABLE' AND TABLE_NAME = 'usage_logs' AND TABLE_SCHEMA = 'pdflab'
Executing (default): SHOW FULL COLUMNS FROM `usage_logs`;
Executing (default): SELECT CONSTRAINT_NAME as constraint_name,CONSTRAINT_NAME as constraintName,CONSTRAINT_SCHEMA as constraintSchema,CONSTRAINT_SCHEMA as constraintCatalog,TABLE_NAME as tableName,TABLE_SCHEMA as tableSchema,TABLE_SCHEMA as tableCatalog,COLUMN_NAME as columnName,REFERENCED_TABLE_SCHEMA as referencedTableSchema,REFERENCED_TABLE_SCHEMA as referencedTableCatalog,REFERENCED_TABLE_NAME as referencedTableName,REFERENCED_COLUMN_NAME as referencedColumnName FROM INFORMATION_SCHEMA.KEY_COLUMN_USAGE where TABLE_NAME = 'usage_logs' AND CONSTRAINT_NAME!='PRIMARY' AND CONSTRAINT_SCHEMA='pdflab' AND REFERENCED_TABLE_NAME IS NOT NULL;
Executing (default): SELECT CONSTRAINT_CATALOG AS constraintCatalog, CONSTRAINT_NAME AS constraintName, CONSTRAINT_SCHEMA AS constraintSchema, CONSTRAINT_TYPE AS constraintType, TABLE_NAME AS tableName, TABLE_SCHEMA AS tableSchema from INFORMATION_SCHEMA.TABLE_CONSTRAINTS WHERE table_name='usage_logs' AND constraint_name = 'usage_logs_ibfk_91' AND TABLE_SCHEMA = 'pdflab';
Executing (default): ALTER TABLE `usage_logs` DROP FOREIGN KEY `usage_logs_ibfk_91`;
Executing (default): ALTER TABLE `usage_logs` ADD FOREIGN KEY (`user_id`) REFERENCES `users` (`id`) ON DELETE CASCADE ON UPDATE CASCADE;
Executing (default): SELECT CONSTRAINT_CATALOG AS constraintCatalog, CONSTRAINT_NAME AS constraintName, CONSTRAINT_SCHEMA AS constraintSchema, CONSTRAINT_TYPE AS constraintType, TABLE_NAME AS tableName, TABLE_SCHEMA AS tableSchema from INFORMATION_SCHEMA.TABLE_CONSTRAINTS WHERE table_name='usage_logs' AND constraint_name = 'usage_logs_ibfk_92' AND TABLE_SCHEMA = 'pdflab';
Executing (default): ALTER TABLE `usage_logs` DROP FOREIGN KEY `usage_logs_ibfk_92`;
Executing (default): ALTER TABLE `usage_logs` ADD FOREIGN KEY (`job_id`) REFERENCES `conversion_jobs` (`id`) ON DELETE SET NULL ON UPDATE CASCADE;
Executing (default): ALTER TABLE `usage_logs` CHANGE `operation_type` `operation_type` VARCHAR(50) NOT NULL;
Executing (default): ALTER TABLE `usage_logs` CHANGE `success` `success` TINYINT(1) NOT NULL DEFAULT false;
Executing (default): ALTER TABLE `usage_logs` CHANGE `processing_time` `processing_time` INTEGER COMMENT 'Processing time in milliseconds';
Executing (default): ALTER TABLE `usage_logs` CHANGE `file_size` `file_size` BIGINT NOT NULL;
Executing (default): ALTER TABLE `usage_logs` CHANGE `error_code` `error_code` VARCHAR(50);
Executing (default): ALTER TABLE `usage_logs` CHANGE `timestamp` `timestamp` DATETIME NOT NULL;
Executing (default): SHOW INDEX FROM `usage_logs` FROM `pdflab`
Executing (default): SELECT TABLE_NAME FROM INFORMATION_SCHEMA.TABLES WHERE TABLE_TYPE = 'BASE TABLE' AND TABLE_NAME = 'subscriptions' AND TABLE_SCHEMA = 'pdflab'
Executing (default): SHOW FULL COLUMNS FROM `subscriptions`;
Executing (default): SELECT CONSTRAINT_NAME as constraint_name,CONSTRAINT_NAME as constraintName,CONSTRAINT_SCHEMA as constraintSchema,CONSTRAINT_SCHEMA as constraintCatalog,TABLE_NAME as tableName,TABLE_SCHEMA as tableSchema,TABLE_SCHEMA as tableCatalog,COLUMN_NAME as columnName,REFERENCED_TABLE_SCHEMA as referencedTableSchema,REFERENCED_TABLE_SCHEMA as referencedTableCatalog,REFERENCED_TABLE_NAME as referencedTableName,REFERENCED_COLUMN_NAME as referencedColumnName FROM INFORMATION_SCHEMA.KEY_COLUMN_USAGE where TABLE_NAME = 'subscriptions' AND CONSTRAINT_NAME!='PRIMARY' AND CONSTRAINT_SCHEMA='pdflab' AND REFERENCED_TABLE_NAME IS NOT NULL;
Executing (default): SELECT CONSTRAINT_CATALOG AS constraintCatalog, CONSTRAINT_NAME AS constraintName, CONSTRAINT_SCHEMA AS constraintSchema, CONSTRAINT_TYPE AS constraintType, TABLE_NAME AS tableName, TABLE_SCHEMA AS tableSchema from INFORMATION_SCHEMA.TABLE_CONSTRAINTS WHERE table_name='subscriptions' AND constraint_name = 'subscriptions_ibfk_1' AND TABLE_SCHEMA = 'pdflab';
Executing (default): ALTER TABLE `subscriptions` DROP FOREIGN KEY `subscriptions_ibfk_1`;
Executing (default): ALTER TABLE `subscriptions` ADD FOREIGN KEY (`user_id`) REFERENCES `users` (`id`) ON DELETE CASCADE ON UPDATE CASCADE;
Executing (default): ALTER TABLE `subscriptions` CHANGE `plan` `plan` ENUM('free', 'starter', 'pro', 'enterprise') NOT NULL DEFAULT 'free';
Executing (default): ALTER TABLE `subscriptions` CHANGE `status` `status` ENUM('active', 'canceled', 'past_due', 'trialing', 'pending') NOT NULL DEFAULT 'pending';
Executing (default): ALTER TABLE `subscriptions` CHANGE `payfast_token` `payfast_token` VARCHAR(255) COMMENT 'PayFast subscription token for recurring payments';
Executing (default): ALTER TABLE `subscriptions` CHANGE `payfast_subscription_id` `payfast_subscription_id` VARCHAR(255) COMMENT 'PayFast subscription ID';
Executing (default): ALTER TABLE `subscriptions` CHANGE `amount` `amount` DECIMAL(10,2) NOT NULL COMMENT 'Subscription amount in currency';
Executing (default): ALTER TABLE `subscriptions` CHANGE `currency` `currency` VARCHAR(3) NOT NULL DEFAULT 'USD' COMMENT 'Currency code (USD for United States Dollar)';
Executing (default): ALTER TABLE `subscriptions` CHANGE `billing_date` `billing_date` DATETIME COMMENT 'First billing date';
Executing (default): ALTER TABLE `subscriptions` CHANGE `next_billing_date` `next_billing_date` DATETIME COMMENT 'Next billing date for recurring subscription';
Executing (default): ALTER TABLE `subscriptions` CHANGE `cancel_at` `cancel_at` DATETIME COMMENT 'Scheduled cancellation date';
Executing (default): ALTER TABLE `subscriptions` CHANGE `canceled_at` `canceled_at` DATETIME COMMENT 'Actual cancellation timestamp';
Executing (default): ALTER TABLE `subscriptions` CHANGE `trial_end` `trial_end` DATETIME COMMENT 'Trial period end date';
Executing (default): ALTER TABLE `subscriptions` CHANGE `started_at` `started_at` DATETIME NOT NULL COMMENT 'Subscription start date';
Executing (default): ALTER TABLE `subscriptions` CHANGE `ended_at` `ended_at` DATETIME COMMENT 'Subscription end date (if canceled)';
Executing (default): ALTER TABLE `subscriptions` CHANGE `created_at` `created_at` DATETIME NOT NULL;
Executing (default): ALTER TABLE `subscriptions` CHANGE `updated_at` `updated_at` DATETIME NOT NULL;
Executing (default): SHOW INDEX FROM `subscriptions` FROM `pdflab`
Executing (default): SELECT TABLE_NAME FROM INFORMATION_SCHEMA.TABLES WHERE TABLE_TYPE = 'BASE TABLE' AND TABLE_NAME = 'payment_logs' AND TABLE_SCHEMA = 'pdflab'
Executing (default): SHOW FULL COLUMNS FROM `payment_logs`;
Executing (default): SELECT CONSTRAINT_NAME as constraint_name,CONSTRAINT_NAME as constraintName,CONSTRAINT_SCHEMA as constraintSchema,CONSTRAINT_SCHEMA as constraintCatalog,TABLE_NAME as tableName,TABLE_SCHEMA as tableSchema,TABLE_SCHEMA as tableCatalog,COLUMN_NAME as columnName,REFERENCED_TABLE_SCHEMA as referencedTableSchema,REFERENCED_TABLE_SCHEMA as referencedTableCatalog,REFERENCED_TABLE_NAME as referencedTableName,REFERENCED_COLUMN_NAME as referencedColumnName FROM INFORMATION_SCHEMA.KEY_COLUMN_USAGE where TABLE_NAME = 'payment_logs' AND CONSTRAINT_NAME!='PRIMARY' AND CONSTRAINT_SCHEMA='pdflab' AND REFERENCED_TABLE_NAME IS NOT NULL;
Executing (default): SELECT CONSTRAINT_CATALOG AS constraintCatalog, CONSTRAINT_NAME AS constraintName, CONSTRAINT_SCHEMA AS constraintSchema, CONSTRAINT_TYPE AS constraintType, TABLE_NAME AS tableName, TABLE_SCHEMA AS tableSchema from INFORMATION_SCHEMA.TABLE_CONSTRAINTS WHERE table_name='payment_logs' AND constraint_name = 'payment_logs_ibfk_71' AND TABLE_SCHEMA = 'pdflab';
Executing (default): ALTER TABLE `payment_logs` DROP FOREIGN KEY `payment_logs_ibfk_71`;
Executing (default): ALTER TABLE `payment_logs` ADD FOREIGN KEY (`user_id`) REFERENCES `users` (`id`) ON DELETE CASCADE ON UPDATE CASCADE;
21:15:58 [tsx] change in ./src\controllers\conversion.controller.ts Restarting...
c⚠ Email service not configured - missing SMTP credentials
  Emails will be logged to console only (development mode)
🚀 Starting PDFLab Backend API...
Executing (default): SELECT 1+1 AS result
✓ Database connection established successfully
Executing (default): SELECT TABLE_NAME FROM INFORMATION_SCHEMA.TABLES WHERE TABLE_TYPE = 'BASE TABLE' AND TABLE_NAME = 'users' AND TABLE_SCHEMA = 'pdflab'
Executing (default): SHOW FULL COLUMNS FROM `users`;
Executing (default): SELECT CONSTRAINT_NAME as constraint_name,CONSTRAINT_NAME as constraintName,CONSTRAINT_SCHEMA as constraintSchema,CONSTRAINT_SCHEMA as constraintCatalog,TABLE_NAME as tableName,TABLE_SCHEMA as tableSchema,TABLE_SCHEMA as tableCatalog,COLUMN_NAME as columnName,REFERENCED_TABLE_SCHEMA as referencedTableSchema,REFERENCED_TABLE_SCHEMA as referencedTableCatalog,REFERENCED_TABLE_NAME as referencedTableName,REFERENCED_COLUMN_NAME as referencedColumnName FROM INFORMATION_SCHEMA.KEY_COLUMN_USAGE where TABLE_NAME = 'users' AND CONSTRAINT_NAME!='PRIMARY' AND CONSTRAINT_SCHEMA='pdflab' AND REFERENCED_TABLE_NAME IS NOT NULL;
Executing (default): ALTER TABLE `users` CHANGE `email` `email` VARCHAR(255) NOT NULL UNIQUE;
Executing (default): ALTER TABLE `users` CHANGE `password_hash` `password_hash` VARCHAR(255) NOT NULL;
Executing (default): ALTER TABLE `users` CHANGE `name` `name` VARCHAR(255);
Executing (default): ALTER TABLE `users` CHANGE `role` `role` ENUM('user', 'support', 'finance', 'admin', 'super_admin') NOT NULL DEFAULT 'user';
Executing (default): ALTER TABLE `users` CHANGE `plan` `plan` ENUM('free', 'starter', 'pro', 'enterprise') NOT NULL DEFAULT 'free';
Executing (default): ALTER TABLE `users` CHANGE `conversions_used` `conversions_used` INTEGER NOT NULL DEFAULT 0;
Executing (default): ALTER TABLE `users` CHANGE `conversions_limit` `conversions_limit` INTEGER NOT NULL DEFAULT 3;
Executing (default): ALTER TABLE `users` CHANGE `stripe_customer_id` `stripe_customer_id` VARCHAR(255);
Executing (default): ALTER TABLE `users` CHANGE `subscription_id` `subscription_id` VARCHAR(255);
Executing (default): ALTER TABLE `users` CHANGE `subscription_status` `subscription_status` ENUM('active', 'canceled', 'past_due', 'trialing');
Executing (default): ALTER TABLE `users` CHANGE `subscription_end_date` `subscription_end_date` DATETIME;
Executing (default): ALTER TABLE `users` CHANGE `failed_reset_attempts` `failed_reset_attempts` INTEGER NOT NULL DEFAULT 0;
Executing (default): ALTER TABLE `users` CHANGE `reset_locked_until` `reset_locked_until` DATETIME;
Executing (default): ALTER TABLE `users` CHANGE `created_at` `created_at` DATETIME NOT NULL;
Executing (default): ALTER TABLE `users` CHANGE `updated_at` `updated_at` DATETIME NOT NULL;
Executing (default): ALTER TABLE `users` CHANGE `last_login` `last_login` DATETIME;
Executing (default): SHOW INDEX FROM `users` FROM `pdflab`
Executing (default): SELECT TABLE_NAME FROM INFORMATION_SCHEMA.TABLES WHERE TABLE_TYPE = 'BASE TABLE' AND TABLE_NAME = 'admin_audit_logs' AND TABLE_SCHEMA = 'pdflab'
Executing (default): SHOW FULL COLUMNS FROM `admin_audit_logs`;
Executing (default): SELECT CONSTRAINT_NAME as constraint_name,CONSTRAINT_NAME as constraintName,CONSTRAINT_SCHEMA as constraintSchema,CONSTRAINT_SCHEMA as constraintCatalog,TABLE_NAME as tableName,TABLE_SCHEMA as tableSchema,TABLE_SCHEMA as tableCatalog,COLUMN_NAME as columnName,REFERENCED_TABLE_SCHEMA as referencedTableSchema,REFERENCED_TABLE_SCHEMA as referencedTableCatalog,REFERENCED_TABLE_NAME as referencedTableName,REFERENCED_COLUMN_NAME as referencedColumnName FROM INFORMATION_SCHEMA.KEY_COLUMN_USAGE where TABLE_NAME = 'admin_audit_logs' AND CONSTRAINT_NAME!='PRIMARY' AND CONSTRAINT_SCHEMA='pdflab' AND REFERENCED_TABLE_NAME IS NOT NULL;
Executing (default): SELECT CONSTRAINT_CATALOG AS constraintCatalog, CONSTRAINT_NAME AS constraintName, CONSTRAINT_SCHEMA AS constraintSchema, CONSTRAINT_TYPE AS constraintType, TABLE_NAME AS tableName, TABLE_SCHEMA AS tableSchema from INFORMATION_SCHEMA.TABLE_CONSTRAINTS WHERE table_name='admin_audit_logs' AND constraint_name = 'admin_audit_logs_ibfk_1' AND TABLE_SCHEMA = 'pdflab';
Executing (default): ALTER TABLE `admin_audit_logs` DROP FOREIGN KEY `admin_audit_logs_ibfk_1`;
Executing (default): ALTER TABLE `admin_audit_logs` ADD FOREIGN KEY (`admin_user_id`) REFERENCES `users` (`id`) ON DELETE CASCADE ON UPDATE CASCADE;
Executing (default): ALTER TABLE `admin_audit_logs` CHANGE `action` `action` VARCHAR(100) NOT NULL;
Executing (default): ALTER TABLE `admin_audit_logs` CHANGE `entity_type` `entity_type` VARCHAR(50) NOT NULL;
Executing (default): ALTER TABLE `admin_audit_logs` CHANGE `entity_id` `entity_id` CHAR(36) BINARY;
Executing (default): ALTER TABLE `admin_audit_logs` CHANGE `changes` `changes` JSON;
Executing (default): ALTER TABLE `admin_audit_logs` CHANGE `ip_address` `ip_address` VARCHAR(45);
Executing (default): ALTER TABLE `admin_audit_logs` CHANGE `user_agent` `user_agent` TEXT;
Executing (default): ALTER TABLE `admin_audit_logs` CHANGE `severity` `severity` ENUM('info', 'warning', 'critical') NOT NULL DEFAULT 'info';
Executing (default): ALTER TABLE `admin_audit_logs` CHANGE `checksum` `checksum` VARCHAR(64);
Executing (default): ALTER TABLE `admin_audit_logs` CHANGE `created_at` `created_at` DATETIME NOT NULL;
Executing (default): SHOW INDEX FROM `admin_audit_logs` FROM `pdflab`
Executing (default): SELECT TABLE_NAME FROM INFORMATION_SCHEMA.TABLES WHERE TABLE_TYPE = 'BASE TABLE' AND TABLE_NAME = 'system_health_logs' AND TABLE_SCHEMA = 'pdflab'
Executing (default): SHOW FULL COLUMNS FROM `system_health_logs`;
Executing (default): SELECT CONSTRAINT_NAME as constraint_name,CONSTRAINT_NAME as constraintName,CONSTRAINT_SCHEMA as constraintSchema,CONSTRAINT_SCHEMA as constraintCatalog,TABLE_NAME as tableName,TABLE_SCHEMA as tableSchema,TABLE_SCHEMA as tableCatalog,COLUMN_NAME as columnName,REFERENCED_TABLE_SCHEMA as referencedTableSchema,REFERENCED_TABLE_SCHEMA as referencedTableCatalog,REFERENCED_TABLE_NAME as referencedTableName,REFERENCED_COLUMN_NAME as referencedColumnName FROM INFORMATION_SCHEMA.KEY_COLUMN_USAGE where TABLE_NAME = 'system_health_logs' AND CONSTRAINT_NAME!='PRIMARY' AND CONSTRAINT_SCHEMA='pdflab' AND REFERENCED_TABLE_NAME IS NOT NULL;
Executing (default): ALTER TABLE `system_health_logs` CHANGE `metric_name` `metric_name` VARCHAR(100) NOT NULL;
Executing (default): ALTER TABLE `system_health_logs` CHANGE `metric_value` `metric_value` DECIMAL(10,2);
Executing (default): ALTER TABLE `system_health_logs` CHANGE `status` `status` ENUM('healthy', 'warning', 'critical') NOT NULL DEFAULT 'healthy';
Executing (default): ALTER TABLE `system_health_logs` CHANGE `details` `details` JSON;
Executing (default): ALTER TABLE `system_health_logs` CHANGE `created_at` `created_at` DATETIME NOT NULL;
Executing (default): SHOW INDEX FROM `system_health_logs` FROM `pdflab`
Executing (default): SELECT TABLE_NAME FROM INFORMATION_SCHEMA.TABLES WHERE TABLE_TYPE = 'BASE TABLE' AND TABLE_NAME = 'conversion_jobs' AND TABLE_SCHEMA = 'pdflab'
Executing (default): SHOW FULL COLUMNS FROM `conversion_jobs`;
Executing (default): SELECT CONSTRAINT_NAME as constraint_name,CONSTRAINT_NAME as constraintName,CONSTRAINT_SCHEMA as constraintSchema,CONSTRAINT_SCHEMA as constraintCatalog,TABLE_NAME as tableName,TABLE_SCHEMA as tableSchema,TABLE_SCHEMA as tableCatalog,COLUMN_NAME as columnName,REFERENCED_TABLE_SCHEMA as referencedTableSchema,REFERENCED_TABLE_SCHEMA as referencedTableCatalog,REFERENCED_TABLE_NAME as referencedTableName,REFERENCED_COLUMN_NAME as referencedColumnName FROM INFORMATION_SCHEMA.KEY_COLUMN_USAGE where TABLE_NAME = 'conversion_jobs' AND CONSTRAINT_NAME!='PRIMARY' AND CONSTRAINT_SCHEMA='pdflab' AND REFERENCED_TABLE_NAME IS NOT NULL;
Executing (default): ALTER TABLE `conversion_jobs` CHANGE `user_id` `user_id` CHAR(36) BINARY;
Executing (default): ALTER TABLE `conversion_jobs` CHANGE `type` `type` ENUM('pdf_to_pptx', 'pdf_to_docx', 'pdf_to_xlsx', 'pdf_to_images', 'pdf_merge') NOT NULL;
Executing (default): ALTER TABLE `conversion_jobs` CHANGE `status` `status` ENUM('pending', 'queued', 'processing', 'completed', 'failed') NOT NULL DEFAULT 'pending';
Executing (default): ALTER TABLE `conversion_jobs` CHANGE `progress` `progress` INTEGER NOT NULL DEFAULT 0;
Executing (default): ALTER TABLE `conversion_jobs` CHANGE `input_file` `input_file` VARCHAR(500);
Executing (default): ALTER TABLE `conversion_jobs` CHANGE `output_file` `output_file` VARCHAR(500);
Executing (default): ALTER TABLE `conversion_jobs` CHANGE `file_name` `file_name` VARCHAR(255) NOT NULL;
Executing (default): ALTER TABLE `conversion_jobs` CHANGE `file_size` `file_size` BIGINT NOT NULL;
Executing (default): ALTER TABLE `conversion_jobs` CHANGE `cloudconvert_job_id` `cloudconvert_job_id` VARCHAR(255);
Executing (default): ALTER TABLE `conversion_jobs` CHANGE `error_message` `error_message` TEXT;
Executing (default): ALTER TABLE `conversion_jobs` CHANGE `estimated_time` `estimated_time` INTEGER COMMENT 'Estimated processing time in seconds';
Executing (default): ALTER TABLE `conversion_jobs` CHANGE `processing_started_at` `processing_started_at` DATETIME;
Executing (default): ALTER TABLE `conversion_jobs` CHANGE `processing_completed_at` `processing_completed_at` DATETIME;
Executing (default): ALTER TABLE `conversion_jobs` CHANGE `created_at` `created_at` DATETIME NOT NULL;
Executing (default): ALTER TABLE `conversion_jobs` CHANGE `updated_at` `updated_at` DATETIME NOT NULL;
Executing (default): ALTER TABLE `conversion_jobs` CHANGE `expires_at` `expires_at` DATETIME NOT NULL;
Executing (default): SHOW INDEX FROM `conversion_jobs` FROM `pdflab`
Executing (default): SELECT TABLE_NAME FROM INFORMATION_SCHEMA.TABLES WHERE TABLE_TYPE = 'BASE TABLE' AND TABLE_NAME = 'usage_logs' AND TABLE_SCHEMA = 'pdflab'
Executing (default): SHOW FULL COLUMNS FROM `usage_logs`;
Executing (default): SELECT CONSTRAINT_NAME as constraint_name,CONSTRAINT_NAME as constraintName,CONSTRAINT_SCHEMA as constraintSchema,CONSTRAINT_SCHEMA as constraintCatalog,TABLE_NAME as tableName,TABLE_SCHEMA as tableSchema,TABLE_SCHEMA as tableCatalog,COLUMN_NAME as columnName,REFERENCED_TABLE_SCHEMA as referencedTableSchema,REFERENCED_TABLE_SCHEMA as referencedTableCatalog,REFERENCED_TABLE_NAME as referencedTableName,REFERENCED_COLUMN_NAME as referencedColumnName FROM INFORMATION_SCHEMA.KEY_COLUMN_USAGE where TABLE_NAME = 'usage_logs' AND CONSTRAINT_NAME!='PRIMARY' AND CONSTRAINT_SCHEMA='pdflab' AND REFERENCED_TABLE_NAME IS NOT NULL;
Executing (default): SELECT CONSTRAINT_CATALOG AS constraintCatalog, CONSTRAINT_NAME AS constraintName, CONSTRAINT_SCHEMA AS constraintSchema, CONSTRAINT_TYPE AS constraintType, TABLE_NAME AS tableName, TABLE_SCHEMA AS tableSchema from INFORMATION_SCHEMA.TABLE_CONSTRAINTS WHERE table_name='usage_logs' AND constraint_name = 'usage_logs_ibfk_93' AND TABLE_SCHEMA = 'pdflab';
Executing (default): ALTER TABLE `usage_logs` DROP FOREIGN KEY `usage_logs_ibfk_93`;
Executing (default): ALTER TABLE `usage_logs` ADD FOREIGN KEY (`user_id`) REFERENCES `users` (`id`) ON DELETE CASCADE ON UPDATE CASCADE;
Executing (default): SELECT CONSTRAINT_CATALOG AS constraintCatalog, CONSTRAINT_NAME AS constraintName, CONSTRAINT_SCHEMA AS constraintSchema, CONSTRAINT_TYPE AS constraintType, TABLE_NAME AS tableName, TABLE_SCHEMA AS tableSchema from INFORMATION_SCHEMA.TABLE_CONSTRAINTS WHERE table_name='usage_logs' AND constraint_name = 'usage_logs_ibfk_94' AND TABLE_SCHEMA = 'pdflab';
Executing (default): ALTER TABLE `usage_logs` DROP FOREIGN KEY `usage_logs_ibfk_94`;
Executing (default): ALTER TABLE `usage_logs` ADD FOREIGN KEY (`job_id`) REFERENCES `conversion_jobs` (`id`) ON DELETE SET NULL ON UPDATE CASCADE;
21:16:06 [tsx] change in ./src\controllers\conversion.controller.ts Restarting...
c⚠ Email service not configured - missing SMTP credentials
  Emails will be logged to console only (development mode)
🚀 Starting PDFLab Backend API...
Executing (default): SELECT 1+1 AS result
✓ Database connection established successfully
Executing (default): SELECT TABLE_NAME FROM INFORMATION_SCHEMA.TABLES WHERE TABLE_TYPE = 'BASE TABLE' AND TABLE_NAME = 'users' AND TABLE_SCHEMA = 'pdflab'
Executing (default): SHOW FULL COLUMNS FROM `users`;
Executing (default): SELECT CONSTRAINT_NAME as constraint_name,CONSTRAINT_NAME as constraintName,CONSTRAINT_SCHEMA as constraintSchema,CONSTRAINT_SCHEMA as constraintCatalog,TABLE_NAME as tableName,TABLE_SCHEMA as tableSchema,TABLE_SCHEMA as tableCatalog,COLUMN_NAME as columnName,REFERENCED_TABLE_SCHEMA as referencedTableSchema,REFERENCED_TABLE_SCHEMA as referencedTableCatalog,REFERENCED_TABLE_NAME as referencedTableName,REFERENCED_COLUMN_NAME as referencedColumnName FROM INFORMATION_SCHEMA.KEY_COLUMN_USAGE where TABLE_NAME = 'users' AND CONSTRAINT_NAME!='PRIMARY' AND CONSTRAINT_SCHEMA='pdflab' AND REFERENCED_TABLE_NAME IS NOT NULL;
Executing (default): ALTER TABLE `users` CHANGE `email` `email` VARCHAR(255) NOT NULL UNIQUE;
Executing (default): ALTER TABLE `users` CHANGE `password_hash` `password_hash` VARCHAR(255) NOT NULL;
Executing (default): ALTER TABLE `users` CHANGE `name` `name` VARCHAR(255);
Executing (default): ALTER TABLE `users` CHANGE `role` `role` ENUM('user', 'support', 'finance', 'admin', 'super_admin') NOT NULL DEFAULT 'user';
Executing (default): ALTER TABLE `users` CHANGE `plan` `plan` ENUM('free', 'starter', 'pro', 'enterprise') NOT NULL DEFAULT 'free';
Executing (default): ALTER TABLE `users` CHANGE `conversions_used` `conversions_used` INTEGER NOT NULL DEFAULT 0;
Executing (default): ALTER TABLE `users` CHANGE `conversions_limit` `conversions_limit` INTEGER NOT NULL DEFAULT 3;
Executing (default): ALTER TABLE `users` CHANGE `stripe_customer_id` `stripe_customer_id` VARCHAR(255);
Executing (default): ALTER TABLE `users` CHANGE `subscription_id` `subscription_id` VARCHAR(255);
Executing (default): ALTER TABLE `users` CHANGE `subscription_status` `subscription_status` ENUM('active', 'canceled', 'past_due', 'trialing');
Executing (default): ALTER TABLE `users` CHANGE `subscription_end_date` `subscription_end_date` DATETIME;
Executing (default): ALTER TABLE `users` CHANGE `failed_reset_attempts` `failed_reset_attempts` INTEGER NOT NULL DEFAULT 0;
Executing (default): ALTER TABLE `users` CHANGE `reset_locked_until` `reset_locked_until` DATETIME;
Executing (default): ALTER TABLE `users` CHANGE `created_at` `created_at` DATETIME NOT NULL;
Executing (default): ALTER TABLE `users` CHANGE `updated_at` `updated_at` DATETIME NOT NULL;
Executing (default): ALTER TABLE `users` CHANGE `last_login` `last_login` DATETIME;
Executing (default): SHOW INDEX FROM `users` FROM `pdflab`
Executing (default): SELECT TABLE_NAME FROM INFORMATION_SCHEMA.TABLES WHERE TABLE_TYPE = 'BASE TABLE' AND TABLE_NAME = 'admin_audit_logs' AND TABLE_SCHEMA = 'pdflab'
Executing (default): SHOW FULL COLUMNS FROM `admin_audit_logs`;
Executing (default): SELECT CONSTRAINT_NAME as constraint_name,CONSTRAINT_NAME as constraintName,CONSTRAINT_SCHEMA as constraintSchema,CONSTRAINT_SCHEMA as constraintCatalog,TABLE_NAME as tableName,TABLE_SCHEMA as tableSchema,TABLE_SCHEMA as tableCatalog,COLUMN_NAME as columnName,REFERENCED_TABLE_SCHEMA as referencedTableSchema,REFERENCED_TABLE_SCHEMA as referencedTableCatalog,REFERENCED_TABLE_NAME as referencedTableName,REFERENCED_COLUMN_NAME as referencedColumnName FROM INFORMATION_SCHEMA.KEY_COLUMN_USAGE where TABLE_NAME = 'admin_audit_logs' AND CONSTRAINT_NAME!='PRIMARY' AND CONSTRAINT_SCHEMA='pdflab' AND REFERENCED_TABLE_NAME IS NOT NULL;
Executing (default): SELECT CONSTRAINT_CATALOG AS constraintCatalog, CONSTRAINT_NAME AS constraintName, CONSTRAINT_SCHEMA AS constraintSchema, CONSTRAINT_TYPE AS constraintType, TABLE_NAME AS tableName, TABLE_SCHEMA AS tableSchema from INFORMATION_SCHEMA.TABLE_CONSTRAINTS WHERE table_name='admin_audit_logs' AND constraint_name = 'admin_audit_logs_ibfk_1' AND TABLE_SCHEMA = 'pdflab';
Executing (default): ALTER TABLE `admin_audit_logs` DROP FOREIGN KEY `admin_audit_logs_ibfk_1`;
Executing (default): ALTER TABLE `admin_audit_logs` ADD FOREIGN KEY (`admin_user_id`) REFERENCES `users` (`id`) ON DELETE CASCADE ON UPDATE CASCADE;
Executing (default): ALTER TABLE `admin_audit_logs` CHANGE `action` `action` VARCHAR(100) NOT NULL;
Executing (default): ALTER TABLE `admin_audit_logs` CHANGE `entity_type` `entity_type` VARCHAR(50) NOT NULL;
Executing (default): ALTER TABLE `admin_audit_logs` CHANGE `entity_id` `entity_id` CHAR(36) BINARY;
Executing (default): ALTER TABLE `admin_audit_logs` CHANGE `changes` `changes` JSON;
Executing (default): ALTER TABLE `admin_audit_logs` CHANGE `ip_address` `ip_address` VARCHAR(45);
Executing (default): ALTER TABLE `admin_audit_logs` CHANGE `user_agent` `user_agent` TEXT;
Executing (default): ALTER TABLE `admin_audit_logs` CHANGE `severity` `severity` ENUM('info', 'warning', 'critical') NOT NULL DEFAULT 'info';
Executing (default): ALTER TABLE `admin_audit_logs` CHANGE `checksum` `checksum` VARCHAR(64);
Executing (default): ALTER TABLE `admin_audit_logs` CHANGE `created_at` `created_at` DATETIME NOT NULL;
Executing (default): SHOW INDEX FROM `admin_audit_logs` FROM `pdflab`
Executing (default): SELECT TABLE_NAME FROM INFORMATION_SCHEMA.TABLES WHERE TABLE_TYPE = 'BASE TABLE' AND TABLE_NAME = 'system_health_logs' AND TABLE_SCHEMA = 'pdflab'
Executing (default): SHOW FULL COLUMNS FROM `system_health_logs`;
Executing (default): SELECT CONSTRAINT_NAME as constraint_name,CONSTRAINT_NAME as constraintName,CONSTRAINT_SCHEMA as constraintSchema,CONSTRAINT_SCHEMA as constraintCatalog,TABLE_NAME as tableName,TABLE_SCHEMA as tableSchema,TABLE_SCHEMA as tableCatalog,COLUMN_NAME as columnName,REFERENCED_TABLE_SCHEMA as referencedTableSchema,REFERENCED_TABLE_SCHEMA as referencedTableCatalog,REFERENCED_TABLE_NAME as referencedTableName,REFERENCED_COLUMN_NAME as referencedColumnName FROM INFORMATION_SCHEMA.KEY_COLUMN_USAGE where TABLE_NAME = 'system_health_logs' AND CONSTRAINT_NAME!='PRIMARY' AND CONSTRAINT_SCHEMA='pdflab' AND REFERENCED_TABLE_NAME IS NOT NULL;
Executing (default): ALTER TABLE `system_health_logs` CHANGE `metric_name` `metric_name` VARCHAR(100) NOT NULL;
Executing (default): ALTER TABLE `system_health_logs` CHANGE `metric_value` `metric_value` DECIMAL(10,2);
Executing (default): ALTER TABLE `system_health_logs` CHANGE `status` `status` ENUM('healthy', 'warning', 'critical') NOT NULL DEFAULT 'healthy';
Executing (default): ALTER TABLE `system_health_logs` CHANGE `details` `details` JSON;
Executing (default): ALTER TABLE `system_health_logs` CHANGE `created_at` `created_at` DATETIME NOT NULL;
Executing (default): SHOW INDEX FROM `system_health_logs` FROM `pdflab`
Executing (default): SELECT TABLE_NAME FROM INFORMATION_SCHEMA.TABLES WHERE TABLE_TYPE = 'BASE TABLE' AND TABLE_NAME = 'conversion_jobs' AND TABLE_SCHEMA = 'pdflab'
Executing (default): SHOW FULL COLUMNS FROM `conversion_jobs`;
Executing (default): SELECT CONSTRAINT_NAME as constraint_name,CONSTRAINT_NAME as constraintName,CONSTRAINT_SCHEMA as constraintSchema,CONSTRAINT_SCHEMA as constraintCatalog,TABLE_NAME as tableName,TABLE_SCHEMA as tableSchema,TABLE_SCHEMA as tableCatalog,COLUMN_NAME as columnName,REFERENCED_TABLE_SCHEMA as referencedTableSchema,REFERENCED_TABLE_SCHEMA as referencedTableCatalog,REFERENCED_TABLE_NAME as referencedTableName,REFERENCED_COLUMN_NAME as referencedColumnName FROM INFORMATION_SCHEMA.KEY_COLUMN_USAGE where TABLE_NAME = 'conversion_jobs' AND CONSTRAINT_NAME!='PRIMARY' AND CONSTRAINT_SCHEMA='pdflab' AND REFERENCED_TABLE_NAME IS NOT NULL;
Executing (default): ALTER TABLE `conversion_jobs` CHANGE `user_id` `user_id` CHAR(36) BINARY;
Executing (default): ALTER TABLE `conversion_jobs` CHANGE `type` `type` ENUM('pdf_to_pptx', 'pdf_to_docx', 'pdf_to_xlsx', 'pdf_to_images', 'pdf_merge') NOT NULL;
Executing (default): ALTER TABLE `conversion_jobs` CHANGE `status` `status` ENUM('pending', 'queued', 'processing', 'completed', 'failed') NOT NULL DEFAULT 'pending';
Executing (default): ALTER TABLE `conversion_jobs` CHANGE `progress` `progress` INTEGER NOT NULL DEFAULT 0;
Executing (default): ALTER TABLE `conversion_jobs` CHANGE `input_file` `input_file` VARCHAR(500);
Executing (default): ALTER TABLE `conversion_jobs` CHANGE `output_file` `output_file` VARCHAR(500);
Executing (default): ALTER TABLE `conversion_jobs` CHANGE `file_name` `file_name` VARCHAR(255) NOT NULL;
Executing (default): ALTER TABLE `conversion_jobs` CHANGE `file_size` `file_size` BIGINT NOT NULL;
Executing (default): ALTER TABLE `conversion_jobs` CHANGE `cloudconvert_job_id` `cloudconvert_job_id` VARCHAR(255);
Executing (default): ALTER TABLE `conversion_jobs` CHANGE `error_message` `error_message` TEXT;
Executing (default): ALTER TABLE `conversion_jobs` CHANGE `estimated_time` `estimated_time` INTEGER COMMENT 'Estimated processing time in seconds';
Executing (default): ALTER TABLE `conversion_jobs` CHANGE `processing_started_at` `processing_started_at` DATETIME;
Executing (default): ALTER TABLE `conversion_jobs` CHANGE `processing_completed_at` `processing_completed_at` DATETIME;
Executing (default): ALTER TABLE `conversion_jobs` CHANGE `created_at` `created_at` DATETIME NOT NULL;
Executing (default): ALTER TABLE `conversion_jobs` CHANGE `updated_at` `updated_at` DATETIME NOT NULL;
Executing (default): ALTER TABLE `conversion_jobs` CHANGE `expires_at` `expires_at` DATETIME NOT NULL;
Executing (default): SHOW INDEX FROM `conversion_jobs` FROM `pdflab`
Executing (default): SELECT TABLE_NAME FROM INFORMATION_SCHEMA.TABLES WHERE TABLE_TYPE = 'BASE TABLE' AND TABLE_NAME = 'usage_logs' AND TABLE_SCHEMA = 'pdflab'
Executing (default): SHOW FULL COLUMNS FROM `usage_logs`;
Executing (default): SELECT CONSTRAINT_NAME as constraint_name,CONSTRAINT_NAME as constraintName,CONSTRAINT_SCHEMA as constraintSchema,CONSTRAINT_SCHEMA as constraintCatalog,TABLE_NAME as tableName,TABLE_SCHEMA as tableSchema,TABLE_SCHEMA as tableCatalog,COLUMN_NAME as columnName,REFERENCED_TABLE_SCHEMA as referencedTableSchema,REFERENCED_TABLE_SCHEMA as referencedTableCatalog,REFERENCED_TABLE_NAME as referencedTableName,REFERENCED_COLUMN_NAME as referencedColumnName FROM INFORMATION_SCHEMA.KEY_COLUMN_USAGE where TABLE_NAME = 'usage_logs' AND CONSTRAINT_NAME!='PRIMARY' AND CONSTRAINT_SCHEMA='pdflab' AND REFERENCED_TABLE_NAME IS NOT NULL;
Executing (default): SELECT CONSTRAINT_CATALOG AS constraintCatalog, CONSTRAINT_NAME AS constraintName, CONSTRAINT_SCHEMA AS constraintSchema, CONSTRAINT_TYPE AS constraintType, TABLE_NAME AS tableName, TABLE_SCHEMA AS tableSchema from INFORMATION_SCHEMA.TABLE_CONSTRAINTS WHERE table_name='usage_logs' AND constraint_name = 'usage_logs_ibfk_95' AND TABLE_SCHEMA = 'pdflab';
Executing (default): ALTER TABLE `usage_logs` DROP FOREIGN KEY `usage_logs_ibfk_95`;
Executing (default): ALTER TABLE `usage_logs` ADD FOREIGN KEY (`user_id`) REFERENCES `users` (`id`) ON DELETE CASCADE ON UPDATE CASCADE;
Executing (default): SELECT CONSTRAINT_CATALOG AS constraintCatalog, CONSTRAINT_NAME AS constraintName, CONSTRAINT_SCHEMA AS constraintSchema, CONSTRAINT_TYPE AS constraintType, TABLE_NAME AS tableName, TABLE_SCHEMA AS tableSchema from INFORMATION_SCHEMA.TABLE_CONSTRAINTS WHERE table_name='usage_logs' AND constraint_name = 'usage_logs_ibfk_96' AND TABLE_SCHEMA = 'pdflab';
Executing (default): ALTER TABLE `usage_logs` DROP FOREIGN KEY `usage_logs_ibfk_96`;
Executing (default): ALTER TABLE `usage_logs` ADD FOREIGN KEY (`job_id`) REFERENCES `conversion_jobs` (`id`) ON DELETE SET NULL ON UPDATE CASCADE;
Executing (default): ALTER TABLE `usage_logs` CHANGE `operation_type` `operation_type` VARCHAR(50) NOT NULL;
Executing (default): ALTER TABLE `usage_logs` CHANGE `success` `success` TINYINT(1) NOT NULL DEFAULT false;
Executing (default): ALTER TABLE `usage_logs` CHANGE `processing_time` `processing_time` INTEGER COMMENT 'Processing time in milliseconds';
Executing (default): ALTER TABLE `usage_logs` CHANGE `file_size` `file_size` BIGINT NOT NULL;
Executing (default): ALTER TABLE `usage_logs` CHANGE `error_code` `error_code` VARCHAR(50);
Executing (default): ALTER TABLE `usage_logs` CHANGE `timestamp` `timestamp` DATETIME NOT NULL;
Executing (default): SHOW INDEX FROM `usage_logs` FROM `pdflab`
Executing (default): SELECT TABLE_NAME FROM INFORMATION_SCHEMA.TABLES WHERE TABLE_TYPE = 'BASE TABLE' AND TABLE_NAME = 'subscriptions' AND TABLE_SCHEMA = 'pdflab'
Executing (default): SHOW FULL COLUMNS FROM `subscriptions`;
Executing (default): SELECT CONSTRAINT_NAME as constraint_name,CONSTRAINT_NAME as constraintName,CONSTRAINT_SCHEMA as constraintSchema,CONSTRAINT_SCHEMA as constraintCatalog,TABLE_NAME as tableName,TABLE_SCHEMA as tableSchema,TABLE_SCHEMA as tableCatalog,COLUMN_NAME as columnName,REFERENCED_TABLE_SCHEMA as referencedTableSchema,REFERENCED_TABLE_SCHEMA as referencedTableCatalog,REFERENCED_TABLE_NAME as referencedTableName,REFERENCED_COLUMN_NAME as referencedColumnName FROM INFORMATION_SCHEMA.KEY_COLUMN_USAGE where TABLE_NAME = 'subscriptions' AND CONSTRAINT_NAME!='PRIMARY' AND CONSTRAINT_SCHEMA='pdflab' AND REFERENCED_TABLE_NAME IS NOT NULL;
Executing (default): SELECT CONSTRAINT_CATALOG AS constraintCatalog, CONSTRAINT_NAME AS constraintName, CONSTRAINT_SCHEMA AS constraintSchema, CONSTRAINT_TYPE AS constraintType, TABLE_NAME AS tableName, TABLE_SCHEMA AS tableSchema from INFORMATION_SCHEMA.TABLE_CONSTRAINTS WHERE table_name='subscriptions' AND constraint_name = 'subscriptions_ibfk_1' AND TABLE_SCHEMA = 'pdflab';
Executing (default): ALTER TABLE `subscriptions` DROP FOREIGN KEY `subscriptions_ibfk_1`;
Executing (default): ALTER TABLE `subscriptions` ADD FOREIGN KEY (`user_id`) REFERENCES `users` (`id`) ON DELETE CASCADE ON UPDATE CASCADE;
21:16:15 [tsx] change in ./src\controllers\conversion.controller.ts Restarting...
c⚠ Email service not configured - missing SMTP credentials
  Emails will be logged to console only (development mode)
🚀 Starting PDFLab Backend API...
Executing (default): SELECT 1+1 AS result
✓ Database connection established successfully
Executing (default): SELECT TABLE_NAME FROM INFORMATION_SCHEMA.TABLES WHERE TABLE_TYPE = 'BASE TABLE' AND TABLE_NAME = 'users' AND TABLE_SCHEMA = 'pdflab'
Executing (default): SHOW FULL COLUMNS FROM `users`;
Executing (default): SELECT CONSTRAINT_NAME as constraint_name,CONSTRAINT_NAME as constraintName,CONSTRAINT_SCHEMA as constraintSchema,CONSTRAINT_SCHEMA as constraintCatalog,TABLE_NAME as tableName,TABLE_SCHEMA as tableSchema,TABLE_SCHEMA as tableCatalog,COLUMN_NAME as columnName,REFERENCED_TABLE_SCHEMA as referencedTableSchema,REFERENCED_TABLE_SCHEMA as referencedTableCatalog,REFERENCED_TABLE_NAME as referencedTableName,REFERENCED_COLUMN_NAME as referencedColumnName FROM INFORMATION_SCHEMA.KEY_COLUMN_USAGE where TABLE_NAME = 'users' AND CONSTRAINT_NAME!='PRIMARY' AND CONSTRAINT_SCHEMA='pdflab' AND REFERENCED_TABLE_NAME IS NOT NULL;
Executing (default): ALTER TABLE `users` CHANGE `email` `email` VARCHAR(255) NOT NULL UNIQUE;
Executing (default): ALTER TABLE `users` CHANGE `password_hash` `password_hash` VARCHAR(255) NOT NULL;
Executing (default): ALTER TABLE `users` CHANGE `name` `name` VARCHAR(255);
Executing (default): ALTER TABLE `users` CHANGE `role` `role` ENUM('user', 'support', 'finance', 'admin', 'super_admin') NOT NULL DEFAULT 'user';
Executing (default): ALTER TABLE `users` CHANGE `plan` `plan` ENUM('free', 'starter', 'pro', 'enterprise') NOT NULL DEFAULT 'free';
Executing (default): ALTER TABLE `users` CHANGE `conversions_used` `conversions_used` INTEGER NOT NULL DEFAULT 0;
Executing (default): ALTER TABLE `users` CHANGE `conversions_limit` `conversions_limit` INTEGER NOT NULL DEFAULT 3;
Executing (default): ALTER TABLE `users` CHANGE `stripe_customer_id` `stripe_customer_id` VARCHAR(255);
Executing (default): ALTER TABLE `users` CHANGE `subscription_id` `subscription_id` VARCHAR(255);
Executing (default): ALTER TABLE `users` CHANGE `subscription_status` `subscription_status` ENUM('active', 'canceled', 'past_due', 'trialing');
Executing (default): ALTER TABLE `users` CHANGE `subscription_end_date` `subscription_end_date` DATETIME;
Executing (default): ALTER TABLE `users` CHANGE `failed_reset_attempts` `failed_reset_attempts` INTEGER NOT NULL DEFAULT 0;
Executing (default): ALTER TABLE `users` CHANGE `reset_locked_until` `reset_locked_until` DATETIME;
Executing (default): ALTER TABLE `users` CHANGE `created_at` `created_at` DATETIME NOT NULL;
Executing (default): ALTER TABLE `users` CHANGE `updated_at` `updated_at` DATETIME NOT NULL;
Executing (default): ALTER TABLE `users` CHANGE `last_login` `last_login` DATETIME;
Executing (default): SHOW INDEX FROM `users` FROM `pdflab`
Executing (default): SELECT TABLE_NAME FROM INFORMATION_SCHEMA.TABLES WHERE TABLE_TYPE = 'BASE TABLE' AND TABLE_NAME = 'admin_audit_logs' AND TABLE_SCHEMA = 'pdflab'
Executing (default): SHOW FULL COLUMNS FROM `admin_audit_logs`;
Executing (default): SELECT CONSTRAINT_NAME as constraint_name,CONSTRAINT_NAME as constraintName,CONSTRAINT_SCHEMA as constraintSchema,CONSTRAINT_SCHEMA as constraintCatalog,TABLE_NAME as tableName,TABLE_SCHEMA as tableSchema,TABLE_SCHEMA as tableCatalog,COLUMN_NAME as columnName,REFERENCED_TABLE_SCHEMA as referencedTableSchema,REFERENCED_TABLE_SCHEMA as referencedTableCatalog,REFERENCED_TABLE_NAME as referencedTableName,REFERENCED_COLUMN_NAME as referencedColumnName FROM INFORMATION_SCHEMA.KEY_COLUMN_USAGE where TABLE_NAME = 'admin_audit_logs' AND CONSTRAINT_NAME!='PRIMARY' AND CONSTRAINT_SCHEMA='pdflab' AND REFERENCED_TABLE_NAME IS NOT NULL;
Executing (default): SELECT CONSTRAINT_CATALOG AS constraintCatalog, CONSTRAINT_NAME AS constraintName, CONSTRAINT_SCHEMA AS constraintSchema, CONSTRAINT_TYPE AS constraintType, TABLE_NAME AS tableName, TABLE_SCHEMA AS tableSchema from INFORMATION_SCHEMA.TABLE_CONSTRAINTS WHERE table_name='admin_audit_logs' AND constraint_name = 'admin_audit_logs_ibfk_1' AND TABLE_SCHEMA = 'pdflab';
Executing (default): ALTER TABLE `admin_audit_logs` DROP FOREIGN KEY `admin_audit_logs_ibfk_1`;
Executing (default): ALTER TABLE `admin_audit_logs` ADD FOREIGN KEY (`admin_user_id`) REFERENCES `users` (`id`) ON DELETE CASCADE ON UPDATE CASCADE;
Executing (default): ALTER TABLE `admin_audit_logs` CHANGE `action` `action` VARCHAR(100) NOT NULL;
Executing (default): ALTER TABLE `admin_audit_logs` CHANGE `entity_type` `entity_type` VARCHAR(50) NOT NULL;
Executing (default): ALTER TABLE `admin_audit_logs` CHANGE `entity_id` `entity_id` CHAR(36) BINARY;
Executing (default): ALTER TABLE `admin_audit_logs` CHANGE `changes` `changes` JSON;
Executing (default): ALTER TABLE `admin_audit_logs` CHANGE `ip_address` `ip_address` VARCHAR(45);
Executing (default): ALTER TABLE `admin_audit_logs` CHANGE `user_agent` `user_agent` TEXT;
Executing (default): ALTER TABLE `admin_audit_logs` CHANGE `severity` `severity` ENUM('info', 'warning', 'critical') NOT NULL DEFAULT 'info';
Executing (default): ALTER TABLE `admin_audit_logs` CHANGE `checksum` `checksum` VARCHAR(64);
Executing (default): ALTER TABLE `admin_audit_logs` CHANGE `created_at` `created_at` DATETIME NOT NULL;
Executing (default): SHOW INDEX FROM `admin_audit_logs` FROM `pdflab`
Executing (default): SELECT TABLE_NAME FROM INFORMATION_SCHEMA.TABLES WHERE TABLE_TYPE = 'BASE TABLE' AND TABLE_NAME = 'system_health_logs' AND TABLE_SCHEMA = 'pdflab'
Executing (default): SHOW FULL COLUMNS FROM `system_health_logs`;
Executing (default): SELECT CONSTRAINT_NAME as constraint_name,CONSTRAINT_NAME as constraintName,CONSTRAINT_SCHEMA as constraintSchema,CONSTRAINT_SCHEMA as constraintCatalog,TABLE_NAME as tableName,TABLE_SCHEMA as tableSchema,TABLE_SCHEMA as tableCatalog,COLUMN_NAME as columnName,REFERENCED_TABLE_SCHEMA as referencedTableSchema,REFERENCED_TABLE_SCHEMA as referencedTableCatalog,REFERENCED_TABLE_NAME as referencedTableName,REFERENCED_COLUMN_NAME as referencedColumnName FROM INFORMATION_SCHEMA.KEY_COLUMN_USAGE where TABLE_NAME = 'system_health_logs' AND CONSTRAINT_NAME!='PRIMARY' AND CONSTRAINT_SCHEMA='pdflab' AND REFERENCED_TABLE_NAME IS NOT NULL;
Executing (default): ALTER TABLE `system_health_logs` CHANGE `metric_name` `metric_name` VARCHAR(100) NOT NULL;
Executing (default): ALTER TABLE `system_health_logs` CHANGE `metric_value` `metric_value` DECIMAL(10,2);
Executing (default): ALTER TABLE `system_health_logs` CHANGE `status` `status` ENUM('healthy', 'warning', 'critical') NOT NULL DEFAULT 'healthy';
Executing (default): ALTER TABLE `system_health_logs` CHANGE `details` `details` JSON;
Executing (default): ALTER TABLE `system_health_logs` CHANGE `created_at` `created_at` DATETIME NOT NULL;
Executing (default): SHOW INDEX FROM `system_health_logs` FROM `pdflab`
Executing (default): SELECT TABLE_NAME FROM INFORMATION_SCHEMA.TABLES WHERE TABLE_TYPE = 'BASE TABLE' AND TABLE_NAME = 'conversion_jobs' AND TABLE_SCHEMA = 'pdflab'
Executing (default): SHOW FULL COLUMNS FROM `conversion_jobs`;
Executing (default): SELECT CONSTRAINT_NAME as constraint_name,CONSTRAINT_NAME as constraintName,CONSTRAINT_SCHEMA as constraintSchema,CONSTRAINT_SCHEMA as constraintCatalog,TABLE_NAME as tableName,TABLE_SCHEMA as tableSchema,TABLE_SCHEMA as tableCatalog,COLUMN_NAME as columnName,REFERENCED_TABLE_SCHEMA as referencedTableSchema,REFERENCED_TABLE_SCHEMA as referencedTableCatalog,REFERENCED_TABLE_NAME as referencedTableName,REFERENCED_COLUMN_NAME as referencedColumnName FROM INFORMATION_SCHEMA.KEY_COLUMN_USAGE where TABLE_NAME = 'conversion_jobs' AND CONSTRAINT_NAME!='PRIMARY' AND CONSTRAINT_SCHEMA='pdflab' AND REFERENCED_TABLE_NAME IS NOT NULL;
Executing (default): ALTER TABLE `conversion_jobs` CHANGE `user_id` `user_id` CHAR(36) BINARY;
Executing (default): ALTER TABLE `conversion_jobs` CHANGE `type` `type` ENUM('pdf_to_pptx', 'pdf_to_docx', 'pdf_to_xlsx', 'pdf_to_images', 'pdf_merge') NOT NULL;
Executing (default): ALTER TABLE `conversion_jobs` CHANGE `status` `status` ENUM('pending', 'queued', 'processing', 'completed', 'failed') NOT NULL DEFAULT 'pending';
Executing (default): ALTER TABLE `conversion_jobs` CHANGE `progress` `progress` INTEGER NOT NULL DEFAULT 0;
Executing (default): ALTER TABLE `conversion_jobs` CHANGE `input_file` `input_file` VARCHAR(500);
Executing (default): ALTER TABLE `conversion_jobs` CHANGE `output_file` `output_file` VARCHAR(500);
Executing (default): ALTER TABLE `conversion_jobs` CHANGE `file_name` `file_name` VARCHAR(255) NOT NULL;
Executing (default): ALTER TABLE `conversion_jobs` CHANGE `file_size` `file_size` BIGINT NOT NULL;
Executing (default): ALTER TABLE `conversion_jobs` CHANGE `cloudconvert_job_id` `cloudconvert_job_id` VARCHAR(255);
Executing (default): ALTER TABLE `conversion_jobs` CHANGE `error_message` `error_message` TEXT;
Executing (default): ALTER TABLE `conversion_jobs` CHANGE `estimated_time` `estimated_time` INTEGER COMMENT 'Estimated processing time in seconds';
Executing (default): ALTER TABLE `conversion_jobs` CHANGE `processing_started_at` `processing_started_at` DATETIME;
Executing (default): ALTER TABLE `conversion_jobs` CHANGE `processing_completed_at` `processing_completed_at` DATETIME;
Executing (default): ALTER TABLE `conversion_jobs` CHANGE `created_at` `created_at` DATETIME NOT NULL;
Executing (default): ALTER TABLE `conversion_jobs` CHANGE `updated_at` `updated_at` DATETIME NOT NULL;
Executing (default): ALTER TABLE `conversion_jobs` CHANGE `expires_at` `expires_at` DATETIME NOT NULL;
Executing (default): SHOW INDEX FROM `conversion_jobs` FROM `pdflab`
Executing (default): SELECT TABLE_NAME FROM INFORMATION_SCHEMA.TABLES WHERE TABLE_TYPE = 'BASE TABLE' AND TABLE_NAME = 'usage_logs' AND TABLE_SCHEMA = 'pdflab'
Executing (default): SHOW FULL COLUMNS FROM `usage_logs`;
Executing (default): SELECT CONSTRAINT_NAME as constraint_name,CONSTRAINT_NAME as constraintName,CONSTRAINT_SCHEMA as constraintSchema,CONSTRAINT_SCHEMA as constraintCatalog,TABLE_NAME as tableName,TABLE_SCHEMA as tableSchema,TABLE_SCHEMA as tableCatalog,COLUMN_NAME as columnName,REFERENCED_TABLE_SCHEMA as referencedTableSchema,REFERENCED_TABLE_SCHEMA as referencedTableCatalog,REFERENCED_TABLE_NAME as referencedTableName,REFERENCED_COLUMN_NAME as referencedColumnName FROM INFORMATION_SCHEMA.KEY_COLUMN_USAGE where TABLE_NAME = 'usage_logs' AND CONSTRAINT_NAME!='PRIMARY' AND CONSTRAINT_SCHEMA='pdflab' AND REFERENCED_TABLE_NAME IS NOT NULL;
Executing (default): SELECT CONSTRAINT_CATALOG AS constraintCatalog, CONSTRAINT_NAME AS constraintName, CONSTRAINT_SCHEMA AS constraintSchema, CONSTRAINT_TYPE AS constraintType, TABLE_NAME AS tableName, TABLE_SCHEMA AS tableSchema from INFORMATION_SCHEMA.TABLE_CONSTRAINTS WHERE table_name='usage_logs' AND constraint_name = 'usage_logs_ibfk_97' AND TABLE_SCHEMA = 'pdflab';
Executing (default): ALTER TABLE `usage_logs` DROP FOREIGN KEY `usage_logs_ibfk_97`;
Executing (default): ALTER TABLE `usage_logs` ADD FOREIGN KEY (`user_id`) REFERENCES `users` (`id`) ON DELETE CASCADE ON UPDATE CASCADE;
Executing (default): SELECT CONSTRAINT_CATALOG AS constraintCatalog, CONSTRAINT_NAME AS constraintName, CONSTRAINT_SCHEMA AS constraintSchema, CONSTRAINT_TYPE AS constraintType, TABLE_NAME AS tableName, TABLE_SCHEMA AS tableSchema from INFORMATION_SCHEMA.TABLE_CONSTRAINTS WHERE table_name='usage_logs' AND constraint_name = 'usage_logs_ibfk_98' AND TABLE_SCHEMA = 'pdflab';
Executing (default): ALTER TABLE `usage_logs` DROP FOREIGN KEY `usage_logs_ibfk_98`;
Executing (default): ALTER TABLE `usage_logs` ADD FOREIGN KEY (`job_id`) REFERENCES `conversion_jobs` (`id`) ON DELETE SET NULL ON UPDATE CASCADE;
Executing (default): ALTER TABLE `usage_logs` CHANGE `operation_type` `operation_type` VARCHAR(50) NOT NULL;
Executing (default): ALTER TABLE `usage_logs` CHANGE `success` `success` TINYINT(1) NOT NULL DEFAULT false;
Executing (default): ALTER TABLE `usage_logs` CHANGE `processing_time` `processing_time` INTEGER COMMENT 'Processing time in milliseconds';
Executing (default): ALTER TABLE `usage_logs` CHANGE `file_size` `file_size` BIGINT NOT NULL;
Executing (default): ALTER TABLE `usage_logs` CHANGE `error_code` `error_code` VARCHAR(50);
Executing (default): ALTER TABLE `usage_logs` CHANGE `timestamp` `timestamp` DATETIME NOT NULL;
Executing (default): SHOW INDEX FROM `usage_logs` FROM `pdflab`
Executing (default): SELECT TABLE_NAME FROM INFORMATION_SCHEMA.TABLES WHERE TABLE_TYPE = 'BASE TABLE' AND TABLE_NAME = 'subscriptions' AND TABLE_SCHEMA = 'pdflab'
Executing (default): SHOW FULL COLUMNS FROM `subscriptions`;
Executing (default): SELECT CONSTRAINT_NAME as constraint_name,CONSTRAINT_NAME as constraintName,CONSTRAINT_SCHEMA as constraintSchema,CONSTRAINT_SCHEMA as constraintCatalog,TABLE_NAME as tableName,TABLE_SCHEMA as tableSchema,TABLE_SCHEMA as tableCatalog,COLUMN_NAME as columnName,REFERENCED_TABLE_SCHEMA as referencedTableSchema,REFERENCED_TABLE_SCHEMA as referencedTableCatalog,REFERENCED_TABLE_NAME as referencedTableName,REFERENCED_COLUMN_NAME as referencedColumnName FROM INFORMATION_SCHEMA.KEY_COLUMN_USAGE where TABLE_NAME = 'subscriptions' AND CONSTRAINT_NAME!='PRIMARY' AND CONSTRAINT_SCHEMA='pdflab' AND REFERENCED_TABLE_NAME IS NOT NULL;
Executing (default): SELECT CONSTRAINT_CATALOG AS constraintCatalog, CONSTRAINT_NAME AS constraintName, CONSTRAINT_SCHEMA AS constraintSchema, CONSTRAINT_TYPE AS constraintType, TABLE_NAME AS tableName, TABLE_SCHEMA AS tableSchema from INFORMATION_SCHEMA.TABLE_CONSTRAINTS WHERE table_name='subscriptions' AND constraint_name = 'subscriptions_ibfk_1' AND TABLE_SCHEMA = 'pdflab';
Executing (default): ALTER TABLE `subscriptions` DROP FOREIGN KEY `subscriptions_ibfk_1`;
Executing (default): ALTER TABLE `subscriptions` ADD FOREIGN KEY (`user_id`) REFERENCES `users` (`id`) ON DELETE CASCADE ON UPDATE CASCADE;
Executing (default): ALTER TABLE `subscriptions` CHANGE `plan` `plan` ENUM('free', 'starter', 'pro', 'enterprise') NOT NULL DEFAULT 'free';
Executing (default): ALTER TABLE `subscriptions` CHANGE `status` `status` ENUM('active', 'canceled', 'past_due', 'trialing', 'pending') NOT NULL DEFAULT 'pending';
Executing (default): ALTER TABLE `subscriptions` CHANGE `payfast_token` `payfast_token` VARCHAR(255) COMMENT 'PayFast subscription token for recurring payments';
Executing (default): ALTER TABLE `subscriptions` CHANGE `payfast_subscription_id` `payfast_subscription_id` VARCHAR(255) COMMENT 'PayFast subscription ID';
Executing (default): ALTER TABLE `subscriptions` CHANGE `amount` `amount` DECIMAL(10,2) NOT NULL COMMENT 'Subscription amount in currency';
Executing (default): ALTER TABLE `subscriptions` CHANGE `currency` `currency` VARCHAR(3) NOT NULL DEFAULT 'USD' COMMENT 'Currency code (USD for United States Dollar)';
Executing (default): ALTER TABLE `subscriptions` CHANGE `billing_date` `billing_date` DATETIME COMMENT 'First billing date';
Executing (default): ALTER TABLE `subscriptions` CHANGE `next_billing_date` `next_billing_date` DATETIME COMMENT 'Next billing date for recurring subscription';
Executing (default): ALTER TABLE `subscriptions` CHANGE `cancel_at` `cancel_at` DATETIME COMMENT 'Scheduled cancellation date';
Executing (default): ALTER TABLE `subscriptions` CHANGE `canceled_at` `canceled_at` DATETIME COMMENT 'Actual cancellation timestamp';
Executing (default): ALTER TABLE `subscriptions` CHANGE `trial_end` `trial_end` DATETIME COMMENT 'Trial period end date';
Executing (default): ALTER TABLE `subscriptions` CHANGE `started_at` `started_at` DATETIME NOT NULL COMMENT 'Subscription start date';
Executing (default): ALTER TABLE `subscriptions` CHANGE `ended_at` `ended_at` DATETIME COMMENT 'Subscription end date (if canceled)';
Executing (default): ALTER TABLE `subscriptions` CHANGE `created_at` `created_at` DATETIME NOT NULL;
Executing (default): ALTER TABLE `subscriptions` CHANGE `updated_at` `updated_at` DATETIME NOT NULL;
Executing (default): SHOW INDEX FROM `subscriptions` FROM `pdflab`
Executing (default): SELECT TABLE_NAME FROM INFORMATION_SCHEMA.TABLES WHERE TABLE_TYPE = 'BASE TABLE' AND TABLE_NAME = 'payment_logs' AND TABLE_SCHEMA = 'pdflab'
Executing (default): SHOW FULL COLUMNS FROM `payment_logs`;
Executing (default): SELECT CONSTRAINT_NAME as constraint_name,CONSTRAINT_NAME as constraintName,CONSTRAINT_SCHEMA as constraintSchema,CONSTRAINT_SCHEMA as constraintCatalog,TABLE_NAME as tableName,TABLE_SCHEMA as tableSchema,TABLE_SCHEMA as tableCatalog,COLUMN_NAME as columnName,REFERENCED_TABLE_SCHEMA as referencedTableSchema,REFERENCED_TABLE_SCHEMA as referencedTableCatalog,REFERENCED_TABLE_NAME as referencedTableName,REFERENCED_COLUMN_NAME as referencedColumnName FROM INFORMATION_SCHEMA.KEY_COLUMN_USAGE where TABLE_NAME = 'payment_logs' AND CONSTRAINT_NAME!='PRIMARY' AND CONSTRAINT_SCHEMA='pdflab' AND REFERENCED_TABLE_NAME IS NOT NULL;
Executing (default): SELECT CONSTRAINT_CATALOG AS constraintCatalog, CONSTRAINT_NAME AS constraintName, CONSTRAINT_SCHEMA AS constraintSchema, CONSTRAINT_TYPE AS constraintType, TABLE_NAME AS tableName, TABLE_SCHEMA AS tableSchema from INFORMATION_SCHEMA.TABLE_CONSTRAINTS WHERE table_name='payment_logs' AND constraint_name = 'payment_logs_ibfk_73' AND TABLE_SCHEMA = 'pdflab';
Executing (default): ALTER TABLE `payment_logs` DROP FOREIGN KEY `payment_logs_ibfk_73`;
Executing (default): ALTER TABLE `payment_logs` ADD FOREIGN KEY (`user_id`) REFERENCES `users` (`id`) ON DELETE CASCADE ON UPDATE CASCADE;
Executing (default): SELECT CONSTRAINT_CATALOG AS constraintCatalog, CONSTRAINT_NAME AS constraintName, CONSTRAINT_SCHEMA AS constraintSchema, CONSTRAINT_TYPE AS constraintType, TABLE_NAME AS tableName, TABLE_SCHEMA AS tableSchema from INFORMATION_SCHEMA.TABLE_CONSTRAINTS WHERE table_name='payment_logs' AND constraint_name = 'payment_logs_ibfk_72' AND TABLE_SCHEMA = 'pdflab';
Executing (default): ALTER TABLE `payment_logs` DROP FOREIGN KEY `payment_logs_ibfk_72`;
Executing (default): ALTER TABLE `payment_logs` ADD FOREIGN KEY (`subscription_id`) REFERENCES `subscriptions` (`id`) ON DELETE SET NULL ON UPDATE CASCADE;
Executing (default): ALTER TABLE `payment_logs` CHANGE `transaction_id` `transaction_id` VARCHAR(255) NOT NULL UNIQUE COMMENT 'Our internal transaction ID (m_payment_id)';
Executing (default): ALTER TABLE `payment_logs` CHANGE `payfast_payment_id` `payfast_payment_id` VARCHAR(255) COMMENT 'PayFast payment ID (pf_payment_id)';
Executing (default): ALTER TABLE `payment_logs` CHANGE `payment_type` `payment_type` ENUM('subscription', 'subscription_payment', 'one_time', 'refund') NOT NULL DEFAULT 'one_time';
Executing (default): ALTER TABLE `payment_logs` CHANGE `status` `status` ENUM('complete', 'failed', 'pending', 'cancelled') NOT NULL DEFAULT 'pending';
Executing (default): ALTER TABLE `payment_logs` CHANGE `amount_gross` `amount_gross` DECIMAL(10,2) NOT NULL COMMENT 'Gross amount before fees';
Executing (default): ALTER TABLE `payment_logs` CHANGE `amount_fee` `amount_fee` DECIMAL(10,2) NOT NULL DEFAULT 0 COMMENT 'PayFast processing fee';
Executing (default): ALTER TABLE `payment_logs` CHANGE `amount_net` `amount_net` DECIMAL(10,2) NOT NULL COMMENT 'Net amount after fees';
Executing (default): ALTER TABLE `payment_logs` CHANGE `currency` `currency` VARCHAR(3) NOT NULL DEFAULT 'USD';
Executing (default): ALTER TABLE `payment_logs` CHANGE `plan` `plan` VARCHAR(50) NOT NULL COMMENT 'Plan name (free, starter, pro, enterprise)';
Executing (default): ALTER TABLE `payment_logs` CHANGE `payment_method` `payment_method` VARCHAR(50) COMMENT 'Payment method used (eft, credit_card, etc.)';
Executing (default): ALTER TABLE `payment_logs` CHANGE `name_first` `name_first` VARCHAR(255) NOT NULL;
Executing (default): ALTER TABLE `payment_logs` CHANGE `name_last` `name_last` VARCHAR(255);
Executing (default): ALTER TABLE `payment_logs` CHANGE `email_address` `email_address` VARCHAR(255) NOT NULL;
Executing (default): ALTER TABLE `payment_logs` CHANGE `item_name` `item_name` VARCHAR(255) NOT NULL;
Executing (default): ALTER TABLE `payment_logs` CHANGE `item_description` `item_description` TEXT;
Executing (default): ALTER TABLE `payment_logs` CHANGE `custom_data` `custom_data` JSON COMMENT 'Custom data sent to PayFast';
Executing (default): ALTER TABLE `payment_logs` CHANGE `itn_data` `itn_data` JSON COMMENT 'Full ITN notification data from PayFast';
Executing (default): ALTER TABLE `payment_logs` CHANGE `error_message` `error_message` TEXT COMMENT 'Error message if payment failed';
Executing (default): ALTER TABLE `payment_logs` CHANGE `processed_at` `processed_at` DATETIME COMMENT 'When the payment was processed';
Executing (default): ALTER TABLE `payment_logs` CHANGE `created_at` `created_at` DATETIME NOT NULL;
Executing (default): ALTER TABLE `payment_logs` CHANGE `updated_at` `updated_at` DATETIME NOT NULL;
Executing (default): SHOW INDEX FROM `payment_logs` FROM `pdflab`
Executing (default): SELECT TABLE_NAME FROM INFORMATION_SCHEMA.TABLES WHERE TABLE_TYPE = 'BASE TABLE' AND TABLE_NAME = 'password_history' AND TABLE_SCHEMA = 'pdflab'
Executing (default): SHOW FULL COLUMNS FROM `password_history`;
Executing (default): SELECT CONSTRAINT_NAME as constraint_name,CONSTRAINT_NAME as constraintName,CONSTRAINT_SCHEMA as constraintSchema,CONSTRAINT_SCHEMA as constraintCatalog,TABLE_NAME as tableName,TABLE_SCHEMA as tableSchema,TABLE_SCHEMA as tableCatalog,COLUMN_NAME as columnName,REFERENCED_TABLE_SCHEMA as referencedTableSchema,REFERENCED_TABLE_SCHEMA as referencedTableCatalog,REFERENCED_TABLE_NAME as referencedTableName,REFERENCED_COLUMN_NAME as referencedColumnName FROM INFORMATION_SCHEMA.KEY_COLUMN_USAGE where TABLE_NAME = 'password_history' AND CONSTRAINT_NAME!='PRIMARY' AND CONSTRAINT_SCHEMA='pdflab' AND REFERENCED_TABLE_NAME IS NOT NULL;
Executing (default): SELECT CONSTRAINT_CATALOG AS constraintCatalog, CONSTRAINT_NAME AS constraintName, CONSTRAINT_SCHEMA AS constraintSchema, CONSTRAINT_TYPE AS constraintType, TABLE_NAME AS tableName, TABLE_SCHEMA AS tableSchema from INFORMATION_SCHEMA.TABLE_CONSTRAINTS WHERE table_name='password_history' AND constraint_name = 'password_history_ibfk_1' AND TABLE_SCHEMA = 'pdflab';
Executing (default): ALTER TABLE `password_history` DROP FOREIGN KEY `password_history_ibfk_1`;
Executing (default): ALTER TABLE `password_history` ADD FOREIGN KEY (`user_id`) REFERENCES `users` (`id`) ON DELETE CASCADE ON UPDATE CASCADE;
Executing (default): ALTER TABLE `password_history` CHANGE `password_hash` `password_hash` VARCHAR(255) NOT NULL;
Executing (default): ALTER TABLE `password_history` CHANGE `created_at` `created_at` DATETIME NOT NULL;
Executing (default): SHOW INDEX FROM `password_history` FROM `pdflab`
✓ Database synchronized successfully
✓ Redis client connected
🔧 Initializing Bull queues...
  Creating conversion queue...
  ✓ Conversion queue created
  Creating cleanup queue...
  ✓ Cleanup queue created
✓ Bull queues initialized
✓ Initializing conversion worker...
✓ Initializing cleanup worker...
✓ Job workers initialized
[Quota Reset] Initializing monthly quota reset cron job...
[Quota Reset] Schedule: 0 0 1 * * (1st of month at midnight)
✓ Quota reset cron job initialized and scheduled
✓ Next reset: 2025-12-01T00:00:00.000-05:00
✓ Monthly quota reset scheduled
✓ PDFLab API Server running
✓ Environment: development
✓ Port: 3006
✓ Health check: http://localhost:3006/health
✓ API endpoint: http://localhost:3006/api
Executing (default): SELECT 1+1 AS result
✓ Database connection established successfully
[0mGET /health [32m200[0m 14.395 ms - 11747[0m
[Guest Quota] Validating: {
  sessionId: 'guest_1496bcd5-8fa2-4d17-ab45-7eb22be04f40',
  ipAddress: '::1'
}
[Guest Quota] Validation result: {
  allowed: true,
  session: {
    sessionId: 'guest_1496bcd5-8fa2-4d17-ab45-7eb22be04f40',
    createdAt: 2025-11-03T19:17:19.870Z,
    conversionsUsed: 0,
    ipAddress: '::1'
  }
}
[Guest Quota] Allowed - proceeding
[Upload] user: none
[Upload] guestSession: exists
[Upload] isGuest: true
[0mPOST /api/upload [33m403[0m 20.443 ms - 423[0m
[0mGET /api/history [33m401[0m 1.193 ms - 123[0m
Executing (default): SELECT `id`, `user_id`, `type`, `status`, `progress`, `input_file`, `output_file`, `file_name`, `file_size`, `cloudconvert_job_id`, `error_message`, `estimated_time`, `processing_started_at`, `processing_completed_at`, `created_at`, `updated_at`, `expires_at`, `created_at` AS `createdAt`, `updated_at` AS `updatedAt` FROM `conversion_jobs` AS `ConversionJob` WHERE `ConversionJob`.`id` = 'nonexistent-job-id';
[0mGET /api/status/nonexistent-job-id [33m404[0m 22.219 ms - 67[0m
[0mGET /api/auth/profile [33m401[0m 3.289 ms - 123[0m
Executing (default): SELECT `id`, `email`, `password_hash`, `name`, `role`, `plan`, `conversions_used`, `conversions_limit`, `stripe_customer_id`, `subscription_id`, `subscription_status`, `subscription_end_date`, `failed_reset_attempts`, `reset_locked_until`, `created_at`, `updated_at`, `last_login`, `created_at` AS `createdAt`, `updated_at` AS `updatedAt` FROM `users` AS `User` WHERE `User`.`email` = 'testuser@pdflab.com';
[0mPOST /api/auth/login [33m401[0m 51.688 ms - 74[0m
Executing (default): SELECT `id`, `email`, `password_hash`, `name`, `role`, `plan`, `conversions_used`, `conversions_limit`, `stripe_customer_id`, `subscription_id`, `subscription_status`, `subscription_end_date`, `failed_reset_attempts`, `reset_locked_until`, `created_at`, `updated_at`, `last_login`, `created_at` AS `createdAt`, `updated_at` AS `updatedAt` FROM `users` AS `User` WHERE `User`.`email` = 'testuser@pdflab.com';
Executing (default): INSERT INTO `users` (`id`,`email`,`password_hash`,`name`,`role`,`plan`,`conversions_used`,`conversions_limit`,`failed_reset_attempts`,`created_at`,`updated_at`) VALUES (?,?,?,?,?,?,?,?,?,?,?);
[ANALYTICS] {"timestamp":"2025-11-03T19:34:11.943Z","event":"user_signup","userId":"e18bdeb3-8159-4b51-aad1-21638c6d4c4c","isGuest":false,"properties":{"had_guest_session":false,"migrated_jobs":0,"signup_method":"email","user_plan":"free"},"ipAddress":"::1","userAgent":"curl/8.12.1"}
[0mPOST /api/auth/register [32m201[0m 403.626 ms - 765[0m
Executing (default): SELECT `id`, `email`, `password_hash`, `name`, `role`, `plan`, `conversions_used`, `conversions_limit`, `stripe_customer_id`, `subscription_id`, `subscription_status`, `subscription_end_date`, `failed_reset_attempts`, `reset_locked_until`, `created_at`, `updated_at`, `last_login`, `created_at` AS `createdAt`, `updated_at` AS `updatedAt` FROM `users` AS `User` WHERE `User`.`id` = 'e18bdeb3-8159-4b51-aad1-21638c6d4c4c';
[Guest Quota] Skipping - user is authenticated
[Upload] user: authenticated
[Upload] guestSession: exists
[Upload] isGuest: false
[0mPOST /api/upload [33m400[0m 25.978 ms - 143[0m
Executing (default): SELECT `id`, `email`, `password_hash`, `name`, `role`, `plan`, `conversions_used`, `conversions_limit`, `stripe_customer_id`, `subscription_id`, `subscription_status`, `subscription_end_date`, `failed_reset_attempts`, `reset_locked_until`, `created_at`, `updated_at`, `last_login`, `created_at` AS `createdAt`, `updated_at` AS `updatedAt` FROM `users` AS `User` WHERE `User`.`id` = 'e18bdeb3-8159-4b51-aad1-21638c6d4c4c';
[Guest Quota] Skipping - user is authenticated
[Upload] user: authenticated
[Upload] guestSession: exists
[Upload] isGuest: false
Executing (default): INSERT INTO `conversion_jobs` (`id`,`user_id`,`type`,`status`,`progress`,`input_file`,`file_name`,`file_size`,`estimated_time`,`created_at`,`updated_at`,`expires_at`) VALUES (?,?,?,?,?,?,?,?,?,?,?,?);
Executing (default): UPDATE `conversion_jobs` SET `status`=?,`updated_at`=? WHERE `id` = ?
[Conversion Worker] Processing job 66241326-77f7-49f3-aff1-90b94a492e3c for user e18bdeb3-8159-4b51-aad1-21638c6d4c4c
Executing (default): SELECT `id`, `user_id`, `type`, `status`, `progress`, `input_file`, `output_file`, `file_name`, `file_size`, `cloudconvert_job_id`, `error_message`, `estimated_time`, `processing_started_at`, `processing_completed_at`, `created_at`, `updated_at`, `expires_at`, `created_at` AS `createdAt`, `updated_at` AS `updatedAt` FROM `conversion_jobs` AS `ConversionJob` WHERE `ConversionJob`.`id` = '66241326-77f7-49f3-aff1-90b94a492e3c';
Executing (default): UPDATE `conversion_jobs` SET `status`=?,`processing_started_at`=?,`progress`=?,`updated_at`=? WHERE `id` = ?
[ANALYTICS] {"timestamp":"2025-11-03T19:35:12.825Z","event":"user_file_upload","userId":"e18bdeb3-8159-4b51-aad1-21638c6d4c4c","guestSessionId":"guest_12e504c2-137e-4f41-aaf3-b74bf05959d1","isGuest":false,"properties":{"job_id":"66241326-77f7-49f3-aff1-90b94a492e3c","conversion_type":"pdf_to_xlsx","file_size":13264,"file_name":"test-sample.pdf","funnel_step":"user_upload"},"ipAddress":"::1","userAgent":"curl/8.12.1"}
[0mPOST /api/upload [32m201[0m 61.568 ms - 214[0m
[Conversion Worker] Starting CloudConvert for job 66241326-77f7-49f3-aff1-90b94a492e3c
CloudConvert job created: ada09322-d09d-4347-b4cf-7c915a93bcf3
File uploaded to CloudConvert: C:\Users\Mac\OneDrive\Desktop\Projects\PDFLab\backend\storage\uploads\e18bdeb3-8159-4b51-aad1-21638c6d4c4c\1cd28a1c-1d4c-4836-abbd-a5783c8bf313\1762198512771-test-sample.pdf
CloudConvert job completed: ada09322-d09d-4347-b4cf-7c915a93bcf3
CloudConvert conversion error: Error: Export task or result not found
    at CloudConvertService.convertFile (C:\Users\Mac\OneDrive\Desktop\Projects\PDFLab\backend\src\services\cloudconvert.service.ts:130:15)
    at process.processTicksAndRejections (node:internal/process/task_queues:105:5)
    at async Queue.<anonymous> (C:\Users\Mac\OneDrive\Desktop\Projects\PDFLab\backend\src\jobs\conversion.job.ts:113:16)
    at async C:\Users\Mac\OneDrive\Desktop\Projects\PDFLab\backend\node_modules\bull\lib\p-timeout.js:69:17
[Conversion Worker] Job 66241326-77f7-49f3-aff1-90b94a492e3c failed: Error: XLSX conversion failed: Export task or result not found. Note: XLSX format requires PDFs with table data. Consider using DOCX or PPTX for better results.
    at Queue.<anonymous> (C:\Users\Mac\OneDrive\Desktop\Projects\PDFLab\backend\src\jobs\conversion.job.ts:142:13)
    at process.processTicksAndRejections (node:internal/process/task_queues:105:5)
    at async C:\Users\Mac\OneDrive\Desktop\Projects\PDFLab\backend\node_modules\bull\lib\p-timeout.js:69:17
Executing (default): UPDATE `conversion_jobs` SET `status`=?,`error_message`=?,`progress`=?,`updated_at`=? WHERE `id` = ?
Executing (default): INSERT INTO `usage_logs` (`id`,`user_id`,`job_id`,`operation_type`,`success`,`processing_time`,`file_size`,`error_code`,`timestamp`) VALUES (DEFAULT,?,?,?,?,?,?,?,?);
✗ Conversion job 44 failed: XLSX conversion failed: Export task or result not found. Note: XLSX format requires PDFs with table data. Consider using DOCX or PPTX for better results.
[Conversion Worker] Processing job 66241326-77f7-49f3-aff1-90b94a492e3c for user e18bdeb3-8159-4b51-aad1-21638c6d4c4c
Executing (default): SELECT `id`, `user_id`, `type`, `status`, `progress`, `input_file`, `output_file`, `file_name`, `file_size`, `cloudconvert_job_id`, `error_message`, `estimated_time`, `processing_started_at`, `processing_completed_at`, `created_at`, `updated_at`, `expires_at`, `created_at` AS `createdAt`, `updated_at` AS `updatedAt` FROM `conversion_jobs` AS `ConversionJob` WHERE `ConversionJob`.`id` = '66241326-77f7-49f3-aff1-90b94a492e3c';
Executing (default): UPDATE `conversion_jobs` SET `status`=?,`processing_started_at`=?,`progress`=?,`updated_at`=? WHERE `id` = ?
[Conversion Worker] Starting CloudConvert for job 66241326-77f7-49f3-aff1-90b94a492e3c
CloudConvert job created: ac396228-9404-4e14-8b62-fec90dff5700
File uploaded to CloudConvert: C:\Users\Mac\OneDrive\Desktop\Projects\PDFLab\backend\storage\uploads\e18bdeb3-8159-4b51-aad1-21638c6d4c4c\1cd28a1c-1d4c-4836-abbd-a5783c8bf313\1762198512771-test-sample.pdf
CloudConvert job completed: ac396228-9404-4e14-8b62-fec90dff5700
CloudConvert conversion error: Error: Export task or result not found
    at CloudConvertService.convertFile (C:\Users\Mac\OneDrive\Desktop\Projects\PDFLab\backend\src\services\cloudconvert.service.ts:130:15)
    at process.processTicksAndRejections (node:internal/process/task_queues:105:5)
    at async Queue.<anonymous> (C:\Users\Mac\OneDrive\Desktop\Projects\PDFLab\backend\src\jobs\conversion.job.ts:113:16)
    at async C:\Users\Mac\OneDrive\Desktop\Projects\PDFLab\backend\node_modules\bull\lib\p-timeout.js:69:17
[Conversion Worker] Job 66241326-77f7-49f3-aff1-90b94a492e3c failed: Error: XLSX conversion failed: Export task or result not found. Note: XLSX format requires PDFs with table data. Consider using DOCX or PPTX for better results.
    at Queue.<anonymous> (C:\Users\Mac\OneDrive\Desktop\Projects\PDFLab\backend\src\jobs\conversion.job.ts:142:13)
    at process.processTicksAndRejections (node:internal/process/task_queues:105:5)
    at async C:\Users\Mac\OneDrive\Desktop\Projects\PDFLab\backend\node_modules\bull\lib\p-timeout.js:69:17
Executing (default): UPDATE `conversion_jobs` SET `status`=?,`error_message`=?,`progress`=?,`updated_at`=? WHERE `id` = ?
Executing (default): INSERT INTO `usage_logs` (`id`,`user_id`,`job_id`,`operation_type`,`success`,`processing_time`,`file_size`,`error_code`,`timestamp`) VALUES (DEFAULT,?,?,?,?,?,?,?,?);
✗ Conversion job 44 failed: XLSX conversion failed: Export task or result not found. Note: XLSX format requires PDFs with table data. Consider using DOCX or PPTX for better results.
[Conversion Worker] Processing job 66241326-77f7-49f3-aff1-90b94a492e3c for user e18bdeb3-8159-4b51-aad1-21638c6d4c4c
Executing (default): SELECT `id`, `user_id`, `type`, `status`, `progress`, `input_file`, `output_file`, `file_name`, `file_size`, `cloudconvert_job_id`, `error_message`, `estimated_time`, `processing_started_at`, `processing_completed_at`, `created_at`, `updated_at`, `expires_at`, `created_at` AS `createdAt`, `updated_at` AS `updatedAt` FROM `conversion_jobs` AS `ConversionJob` WHERE `ConversionJob`.`id` = '66241326-77f7-49f3-aff1-90b94a492e3c';
Executing (default): UPDATE `conversion_jobs` SET `status`=?,`processing_started_at`=?,`progress`=?,`updated_at`=? WHERE `id` = ?
[Conversion Worker] Starting CloudConvert for job 66241326-77f7-49f3-aff1-90b94a492e3c
CloudConvert job created: 04d3cf0f-de7f-4e84-97c2-dc5a16ba9c8f
File uploaded to CloudConvert: C:\Users\Mac\OneDrive\Desktop\Projects\PDFLab\backend\storage\uploads\e18bdeb3-8159-4b51-aad1-21638c6d4c4c\1cd28a1c-1d4c-4836-abbd-a5783c8bf313\1762198512771-test-sample.pdf
CloudConvert job completed: 04d3cf0f-de7f-4e84-97c2-dc5a16ba9c8f
CloudConvert conversion error: Error: Export task or result not found
    at CloudConvertService.convertFile (C:\Users\Mac\OneDrive\Desktop\Projects\PDFLab\backend\src\services\cloudconvert.service.ts:130:15)
    at process.processTicksAndRejections (node:internal/process/task_queues:105:5)
    at async Queue.<anonymous> (C:\Users\Mac\OneDrive\Desktop\Projects\PDFLab\backend\src\jobs\conversion.job.ts:113:16)
    at async C:\Users\Mac\OneDrive\Desktop\Projects\PDFLab\backend\node_modules\bull\lib\p-timeout.js:69:17
[Conversion Worker] Job 66241326-77f7-49f3-aff1-90b94a492e3c failed: Error: XLSX conversion failed: Export task or result not found. Note: XLSX format requires PDFs with table data. Consider using DOCX or PPTX for better results.
    at Queue.<anonymous> (C:\Users\Mac\OneDrive\Desktop\Projects\PDFLab\backend\src\jobs\conversion.job.ts:142:13)
    at process.processTicksAndRejections (node:internal/process/task_queues:105:5)
    at async C:\Users\Mac\OneDrive\Desktop\Projects\PDFLab\backend\node_modules\bull\lib\p-timeout.js:69:17
Executing (default): UPDATE `conversion_jobs` SET `status`=?,`error_message`=?,`progress`=?,`updated_at`=? WHERE `id` = ?
Executing (default): INSERT INTO `usage_logs` (`id`,`user_id`,`job_id`,`operation_type`,`success`,`processing_time`,`file_size`,`error_code`,`timestamp`) VALUES (DEFAULT,?,?,?,?,?,?,?,?);
✗ Conversion job 44 failed: XLSX conversion failed: Export task or result not found. Note: XLSX format requires PDFs with table data. Consider using DOCX or PPTX for better results.
[Guest Quota] Validating: {
  sessionId: 'guest_6237362c-fb02-4a01-a3b5-bd73b8484b1d',
  ipAddress: '::1'
}
[Guest Quota] Validation result: {
  allowed: true,
  session: {
    sessionId: 'guest_6237362c-fb02-4a01-a3b5-bd73b8484b1d',
    createdAt: 2025-11-03T19:35:48.457Z,
    conversionsUsed: 0,
    ipAddress: '::1'
  }
}
[Guest Quota] Allowed - proceeding
[Upload] user: none
[Upload] guestSession: exists
[Upload] isGuest: true
[0mPOST /api/upload [33m403[0m 10.837 ms - 423[0m
[Guest Quota] Validating: {
  sessionId: 'guest_49f321bf-64dd-430a-9015-a26aae1d2706',
  ipAddress: '::1'
}
[Guest Quota] Validation result: {
  allowed: true,
  session: {
    sessionId: 'guest_49f321bf-64dd-430a-9015-a26aae1d2706',
    createdAt: 2025-11-03T19:35:56.883Z,
    conversionsUsed: 0,
    ipAddress: '::1'
  }
}
[Guest Quota] Allowed - proceeding
[Upload] user: none
[Upload] guestSession: exists
[Upload] isGuest: true
Executing (default): INSERT INTO `conversion_jobs` (`id`,`user_id`,`type`,`status`,`progress`,`input_file`,`file_name`,`file_size`,`estimated_time`,`created_at`,`updated_at`,`expires_at`) VALUES (?,?,?,?,?,?,?,?,?,?,?,?);
Executing (default): UPDATE `conversion_jobs` SET `status`=?,`updated_at`=? WHERE `id` = ?
[Conversion Worker] Processing job 6b1ab8d6-fa54-494d-a1fb-b28b151ca665 for user null
Executing (default): SELECT `id`, `user_id`, `type`, `status`, `progress`, `input_file`, `output_file`, `file_name`, `file_size`, `cloudconvert_job_id`, `error_message`, `estimated_time`, `processing_started_at`, `processing_completed_at`, `created_at`, `updated_at`, `expires_at`, `created_at` AS `createdAt`, `updated_at` AS `updatedAt` FROM `conversion_jobs` AS `ConversionJob` WHERE `ConversionJob`.`id` = '6b1ab8d6-fa54-494d-a1fb-b28b151ca665';
Executing (default): UPDATE `conversion_jobs` SET `status`=?,`processing_started_at`=?,`progress`=?,`updated_at`=? WHERE `id` = ?
[ANALYTICS] {"timestamp":"2025-11-03T19:35:56.970Z","event":"guest_file_upload","guestSessionId":"guest_49f321bf-64dd-430a-9015-a26aae1d2706","isGuest":true,"properties":{"job_id":"6b1ab8d6-fa54-494d-a1fb-b28b151ca665","conversion_type":"pdf_to_pptx","file_size":13264,"file_name":"test-sample.pdf","funnel_step":"guest_upload"},"ipAddress":"::1","userAgent":"curl/8.12.1"}
[0mPOST /api/upload [32m201[0m 85.639 ms - 333[0m
[Conversion Worker] Starting CloudConvert for job 6b1ab8d6-fa54-494d-a1fb-b28b151ca665
CloudConvert job created: 5ca6929f-bfd5-4579-ae00-b56a360b637b
File uploaded to CloudConvert: C:\Users\Mac\OneDrive\Desktop\Projects\PDFLab\backend\storage\uploads\guest\be514da8-c25a-41a5-bd46-717f9cbad069\1762198556891-test-sample.pdf
CloudConvert job completed: 5ca6929f-bfd5-4579-ae00-b56a360b637b
Converted file downloaded: C:\Users\Mac\OneDrive\Desktop\Projects\PDFLab\backend\storage\outputs\guest\6b1ab8d6-fa54-494d-a1fb-b28b151ca665\test-sample.pptx
Executing (default): UPDATE `conversion_jobs` SET `status`=?,`output_file`=?,`progress`=?,`processing_completed_at`=?,`cloudconvert_job_id`=?,`updated_at`=? WHERE `id` = ?
[Conversion Worker] Job 6b1ab8d6-fa54-494d-a1fb-b28b151ca665 completed successfully in 2876ms
✓ Conversion job 45 completed: {
  success: true,
  output_file: 'C:\\Users\\Mac\\OneDrive\\Desktop\\Projects\\PDFLab\\backend\\storage\\outputs\\guest\\6b1ab8d6-fa54-494d-a1fb-b28b151ca665\\test-sample.pptx',
  processing_time: 2876
}
[Guest Quota] Validating: {
  sessionId: 'guest_49f321bf-64dd-430a-9015-a26aae1d2706',
  ipAddress: '::1'
}
[Guest Quota] Validation result: {
  allowed: true,
  session: {
    sessionId: 'guest_49f321bf-64dd-430a-9015-a26aae1d2706',
    createdAt: 2025-11-03T19:35:56.883Z,
    conversionsUsed: 1,
    ipAddress: '::1',
    lastConversionAt: 2025-11-03T19:35:56.969Z
  }
}
[Guest Quota] Allowed - proceeding
[Upload] user: none
[Upload] guestSession: exists
[Upload] isGuest: true
Executing (default): INSERT INTO `conversion_jobs` (`id`,`user_id`,`type`,`status`,`progress`,`input_file`,`file_name`,`file_size`,`estimated_time`,`created_at`,`updated_at`,`expires_at`) VALUES (?,?,?,?,?,?,?,?,?,?,?,?);
Executing (default): UPDATE `conversion_jobs` SET `status`=?,`updated_at`=? WHERE `id` = ?
[Conversion Worker] Processing job 9f8e0a59-b029-4ffc-b73f-ea964562148f for user null
Executing (default): SELECT `id`, `user_id`, `type`, `status`, `progress`, `input_file`, `output_file`, `file_name`, `file_size`, `cloudconvert_job_id`, `error_message`, `estimated_time`, `processing_started_at`, `processing_completed_at`, `created_at`, `updated_at`, `expires_at`, `created_at` AS `createdAt`, `updated_at` AS `updatedAt` FROM `conversion_jobs` AS `ConversionJob` WHERE `ConversionJob`.`id` = '9f8e0a59-b029-4ffc-b73f-ea964562148f';
Executing (default): UPDATE `conversion_jobs` SET `status`=?,`processing_started_at`=?,`progress`=?,`updated_at`=? WHERE `id` = ?
[ANALYTICS] {"timestamp":"2025-11-03T19:36:02.256Z","event":"guest_file_upload","guestSessionId":"guest_49f321bf-64dd-430a-9015-a26aae1d2706","isGuest":true,"properties":{"job_id":"9f8e0a59-b029-4ffc-b73f-ea964562148f","conversion_type":"pdf_to_pptx","file_size":13264,"file_name":"test-sample.pdf","funnel_step":"guest_upload"},"ipAddress":"::1","userAgent":"curl/8.12.1"}
[0mPOST /api/upload [32m201[0m 87.982 ms - 333[0m
[Conversion Worker] Starting CloudConvert for job 9f8e0a59-b029-4ffc-b73f-ea964562148f
CloudConvert job created: a6121751-1142-404b-b420-d060010e981a
File uploaded to CloudConvert: C:\Users\Mac\OneDrive\Desktop\Projects\PDFLab\backend\storage\uploads\guest\cf981707-e906-401c-8668-9fd01f94d301\1762198562175-test-sample.pdf
CloudConvert job completed: a6121751-1142-404b-b420-d060010e981a
Converted file downloaded: C:\Users\Mac\OneDrive\Desktop\Projects\PDFLab\backend\storage\outputs\guest\9f8e0a59-b029-4ffc-b73f-ea964562148f\test-sample.pptx
Executing (default): UPDATE `conversion_jobs` SET `status`=?,`output_file`=?,`progress`=?,`processing_completed_at`=?,`cloudconvert_job_id`=?,`updated_at`=? WHERE `id` = ?
[Conversion Worker] Job 9f8e0a59-b029-4ffc-b73f-ea964562148f completed successfully in 2585ms
✓ Conversion job 46 completed: {
  success: true,
  output_file: 'C:\\Users\\Mac\\OneDrive\\Desktop\\Projects\\PDFLab\\backend\\storage\\outputs\\guest\\9f8e0a59-b029-4ffc-b73f-ea964562148f\\test-sample.pptx',
  processing_time: 2585
}
[Guest Quota] Validating: {
  sessionId: 'guest_49f321bf-64dd-430a-9015-a26aae1d2706',
  ipAddress: '::1'
}
[Guest Quota] Validation result: {
  allowed: true,
  session: {
    sessionId: 'guest_49f321bf-64dd-430a-9015-a26aae1d2706',
    createdAt: 2025-11-03T19:35:56.883Z,
    conversionsUsed: 2,
    ipAddress: '::1',
    lastConversionAt: 2025-11-03T19:36:02.254Z
  }
}
[Guest Quota] Allowed - proceeding
[Upload] user: none
[Upload] guestSession: exists
[Upload] isGuest: true
Executing (default): INSERT INTO `conversion_jobs` (`id`,`user_id`,`type`,`status`,`progress`,`input_file`,`file_name`,`file_size`,`estimated_time`,`created_at`,`updated_at`,`expires_at`) VALUES (?,?,?,?,?,?,?,?,?,?,?,?);
Executing (default): UPDATE `conversion_jobs` SET `status`=?,`updated_at`=? WHERE `id` = ?
[Conversion Worker] Processing job f1f2175c-4413-4c9d-80f6-32a50fb8750d for user null
Executing (default): SELECT `id`, `user_id`, `type`, `status`, `progress`, `input_file`, `output_file`, `file_name`, `file_size`, `cloudconvert_job_id`, `error_message`, `estimated_time`, `processing_started_at`, `processing_completed_at`, `created_at`, `updated_at`, `expires_at`, `created_at` AS `createdAt`, `updated_at` AS `updatedAt` FROM `conversion_jobs` AS `ConversionJob` WHERE `ConversionJob`.`id` = 'f1f2175c-4413-4c9d-80f6-32a50fb8750d';
Executing (default): UPDATE `conversion_jobs` SET `status`=?,`processing_started_at`=?,`progress`=?,`updated_at`=? WHERE `id` = ?
[ANALYTICS] {"timestamp":"2025-11-03T19:36:08.547Z","event":"guest_file_upload","guestSessionId":"guest_49f321bf-64dd-430a-9015-a26aae1d2706","isGuest":true,"properties":{"job_id":"f1f2175c-4413-4c9d-80f6-32a50fb8750d","conversion_type":"pdf_to_pptx","file_size":13264,"file_name":"test-sample.pdf","funnel_step":"guest_upload"},"ipAddress":"::1","userAgent":"curl/8.12.1"}
[0mPOST /api/upload [32m201[0m 50.326 ms - 333[0m
[Conversion Worker] Starting CloudConvert for job f1f2175c-4413-4c9d-80f6-32a50fb8750d
CloudConvert job created: 457c542b-f29a-4597-bed6-dbda54340211
File uploaded to CloudConvert: C:\Users\Mac\OneDrive\Desktop\Projects\PDFLab\backend\storage\uploads\guest\a4c204d9-510a-4361-88c6-f26d9b719849\1762198568505-test-sample.pdf
CloudConvert job completed: 457c542b-f29a-4597-bed6-dbda54340211
Converted file downloaded: C:\Users\Mac\OneDrive\Desktop\Projects\PDFLab\backend\storage\outputs\guest\f1f2175c-4413-4c9d-80f6-32a50fb8750d\test-sample.pptx
Executing (default): UPDATE `conversion_jobs` SET `status`=?,`output_file`=?,`progress`=?,`processing_completed_at`=?,`cloudconvert_job_id`=?,`updated_at`=? WHERE `id` = ?
[Conversion Worker] Job f1f2175c-4413-4c9d-80f6-32a50fb8750d completed successfully in 2854ms
✓ Conversion job 47 completed: {
  success: true,
  output_file: 'C:\\Users\\Mac\\OneDrive\\Desktop\\Projects\\PDFLab\\backend\\storage\\outputs\\guest\\f1f2175c-4413-4c9d-80f6-32a50fb8750d\\test-sample.pptx',
  processing_time: 2854
}
[Guest Quota] Validating: {
  sessionId: 'guest_49f321bf-64dd-430a-9015-a26aae1d2706',
  ipAddress: '::1'
}
[Guest Quota] Validation result: {
  allowed: true,
  session: {
    sessionId: 'guest_49f321bf-64dd-430a-9015-a26aae1d2706',
    createdAt: 2025-11-03T19:35:56.883Z,
    conversionsUsed: 3,
    ipAddress: '::1',
    lastConversionAt: 2025-11-03T19:36:08.546Z
  }
}
[Guest Quota] Allowed - proceeding
[Upload] user: none
[Upload] guestSession: exists
[Upload] isGuest: true
Executing (default): INSERT INTO `conversion_jobs` (`id`,`user_id`,`type`,`status`,`progress`,`input_file`,`file_name`,`file_size`,`estimated_time`,`created_at`,`updated_at`,`expires_at`) VALUES (?,?,?,?,?,?,?,?,?,?,?,?);
Executing (default): UPDATE `conversion_jobs` SET `status`=?,`updated_at`=? WHERE `id` = ?
[Conversion Worker] Processing job 2c11550e-ec21-4aed-80f5-ddbf91d53bf6 for user null
Executing (default): SELECT `id`, `user_id`, `type`, `status`, `progress`, `input_file`, `output_file`, `file_name`, `file_size`, `cloudconvert_job_id`, `error_message`, `estimated_time`, `processing_started_at`, `processing_completed_at`, `created_at`, `updated_at`, `expires_at`, `created_at` AS `createdAt`, `updated_at` AS `updatedAt` FROM `conversion_jobs` AS `ConversionJob` WHERE `ConversionJob`.`id` = '2c11550e-ec21-4aed-80f5-ddbf91d53bf6';
Executing (default): UPDATE `conversion_jobs` SET `status`=?,`processing_started_at`=?,`progress`=?,`updated_at`=? WHERE `id` = ?
[ANALYTICS] {"timestamp":"2025-11-03T19:36:47.422Z","event":"guest_file_upload","guestSessionId":"guest_49f321bf-64dd-430a-9015-a26aae1d2706","isGuest":true,"properties":{"job_id":"2c11550e-ec21-4aed-80f5-ddbf91d53bf6","conversion_type":"pdf_to_pptx","file_size":13264,"file_name":"test-sample.pdf","funnel_step":"guest_upload"},"ipAddress":"::1","userAgent":"curl/8.12.1"}
[0mPOST /api/upload [32m201[0m 85.169 ms - 333[0m
[Conversion Worker] Starting CloudConvert for job 2c11550e-ec21-4aed-80f5-ddbf91d53bf6
CloudConvert job created: be13c7c9-3885-45f2-b2fe-cc6b7d1ae6ba
File uploaded to CloudConvert: C:\Users\Mac\OneDrive\Desktop\Projects\PDFLab\backend\storage\uploads\guest\c85edfdd-0c09-4328-8cd1-a519182da4f1\1762198607344-test-sample.pdf
CloudConvert job completed: be13c7c9-3885-45f2-b2fe-cc6b7d1ae6ba
Converted file downloaded: C:\Users\Mac\OneDrive\Desktop\Projects\PDFLab\backend\storage\outputs\guest\2c11550e-ec21-4aed-80f5-ddbf91d53bf6\test-sample.pptx
Executing (default): UPDATE `conversion_jobs` SET `status`=?,`output_file`=?,`progress`=?,`processing_completed_at`=?,`cloudconvert_job_id`=?,`updated_at`=? WHERE `id` = ?
[Conversion Worker] Job 2c11550e-ec21-4aed-80f5-ddbf91d53bf6 completed successfully in 2942ms
✓ Conversion job 48 completed: {
  success: true,
  output_file: 'C:\\Users\\Mac\\OneDrive\\Desktop\\Projects\\PDFLab\\backend\\storage\\outputs\\guest\\2c11550e-ec21-4aed-80f5-ddbf91d53bf6\\test-sample.pptx',
  processing_time: 2942
}
[Guest Quota] Validating: {
  sessionId: 'guest_49f321bf-64dd-430a-9015-a26aae1d2706',
  ipAddress: '::1'
}
[Guest Quota] Validation result: {
  allowed: true,
  session: {
    sessionId: 'guest_49f321bf-64dd-430a-9015-a26aae1d2706',
    createdAt: 2025-11-03T19:35:56.883Z,
    conversionsUsed: 4,
    ipAddress: '::1',
    lastConversionAt: 2025-11-03T19:36:47.421Z
  }
}
[Guest Quota] Allowed - proceeding
[Upload] user: none
[Upload] guestSession: exists
[Upload] isGuest: true
Executing (default): INSERT INTO `conversion_jobs` (`id`,`user_id`,`type`,`status`,`progress`,`input_file`,`file_name`,`file_size`,`estimated_time`,`created_at`,`updated_at`,`expires_at`) VALUES (?,?,?,?,?,?,?,?,?,?,?,?);
Executing (default): UPDATE `conversion_jobs` SET `status`=?,`updated_at`=? WHERE `id` = ?
[Conversion Worker] Processing job 6358e6d1-a0fc-41d1-9231-e6d13230570d for user null
Executing (default): SELECT `id`, `user_id`, `type`, `status`, `progress`, `input_file`, `output_file`, `file_name`, `file_size`, `cloudconvert_job_id`, `error_message`, `estimated_time`, `processing_started_at`, `processing_completed_at`, `created_at`, `updated_at`, `expires_at`, `created_at` AS `createdAt`, `updated_at` AS `updatedAt` FROM `conversion_jobs` AS `ConversionJob` WHERE `ConversionJob`.`id` = '6358e6d1-a0fc-41d1-9231-e6d13230570d';
Executing (default): UPDATE `conversion_jobs` SET `status`=?,`processing_started_at`=?,`progress`=?,`updated_at`=? WHERE `id` = ?
[ANALYTICS] {"timestamp":"2025-11-03T19:36:54.346Z","event":"guest_file_upload","guestSessionId":"guest_49f321bf-64dd-430a-9015-a26aae1d2706","isGuest":true,"properties":{"job_id":"6358e6d1-a0fc-41d1-9231-e6d13230570d","conversion_type":"pdf_to_pptx","file_size":13264,"file_name":"test-sample.pdf","funnel_step":"guest_upload"},"ipAddress":"::1","userAgent":"curl/8.12.1"}
[0mPOST /api/upload [32m201[0m 81.722 ms - 333[0m
[Conversion Worker] Starting CloudConvert for job 6358e6d1-a0fc-41d1-9231-e6d13230570d
CloudConvert job created: 66cca2fc-209b-4c9c-a8d5-bec6e5591160
File uploaded to CloudConvert: C:\Users\Mac\OneDrive\Desktop\Projects\PDFLab\backend\storage\uploads\guest\e6f310c3-ad8d-4cd5-ba00-a0a069f403e4\1762198614273-test-sample.pdf
CloudConvert job completed: 66cca2fc-209b-4c9c-a8d5-bec6e5591160
Converted file downloaded: C:\Users\Mac\OneDrive\Desktop\Projects\PDFLab\backend\storage\outputs\guest\6358e6d1-a0fc-41d1-9231-e6d13230570d\test-sample.pptx
Executing (default): UPDATE `conversion_jobs` SET `status`=?,`output_file`=?,`progress`=?,`processing_completed_at`=?,`cloudconvert_job_id`=?,`updated_at`=? WHERE `id` = ?
[Conversion Worker] Job 6358e6d1-a0fc-41d1-9231-e6d13230570d completed successfully in 2954ms
✓ Conversion job 49 completed: {
  success: true,
  output_file: 'C:\\Users\\Mac\\OneDrive\\Desktop\\Projects\\PDFLab\\backend\\storage\\outputs\\guest\\6358e6d1-a0fc-41d1-9231-e6d13230570d\\test-sample.pptx',
  processing_time: 2954
}
[Guest Quota] Validating: {
  sessionId: 'guest_49f321bf-64dd-430a-9015-a26aae1d2706',
  ipAddress: '::1'
}
[Guest Quota] Validation result: {
  allowed: true,
  session: {
    sessionId: 'guest_49f321bf-64dd-430a-9015-a26aae1d2706',
    createdAt: 2025-11-03T19:35:56.883Z,
    conversionsUsed: 5,
    ipAddress: '::1',
    lastConversionAt: 2025-11-03T19:36:54.345Z
  }
}
[Guest Quota] Allowed - proceeding
[Upload] user: none
[Upload] guestSession: exists
[Upload] isGuest: true
Executing (default): INSERT INTO `conversion_jobs` (`id`,`user_id`,`type`,`status`,`progress`,`input_file`,`file_name`,`file_size`,`estimated_time`,`created_at`,`updated_at`,`expires_at`) VALUES (?,?,?,?,?,?,?,?,?,?,?,?);
Executing (default): UPDATE `conversion_jobs` SET `status`=?,`updated_at`=? WHERE `id` = ?
[Conversion Worker] Processing job 3e0d757e-e463-4223-ae29-cad75f340a7c for user null
Executing (default): SELECT `id`, `user_id`, `type`, `status`, `progress`, `input_file`, `output_file`, `file_name`, `file_size`, `cloudconvert_job_id`, `error_message`, `estimated_time`, `processing_started_at`, `processing_completed_at`, `created_at`, `updated_at`, `expires_at`, `created_at` AS `createdAt`, `updated_at` AS `updatedAt` FROM `conversion_jobs` AS `ConversionJob` WHERE `ConversionJob`.`id` = '3e0d757e-e463-4223-ae29-cad75f340a7c';
Executing (default): UPDATE `conversion_jobs` SET `status`=?,`processing_started_at`=?,`progress`=?,`updated_at`=? WHERE `id` = ?
[ANALYTICS] {"timestamp":"2025-11-03T19:37:24.138Z","event":"guest_file_upload","guestSessionId":"guest_49f321bf-64dd-430a-9015-a26aae1d2706","isGuest":true,"properties":{"job_id":"3e0d757e-e463-4223-ae29-cad75f340a7c","conversion_type":"pdf_to_pptx","file_size":13264,"file_name":"test-sample.pdf","funnel_step":"guest_upload"},"ipAddress":"::1","userAgent":"curl/8.12.1"}
[0mPOST /api/upload [32m201[0m 90.731 ms - 333[0m
[Conversion Worker] Starting CloudConvert for job 3e0d757e-e463-4223-ae29-cad75f340a7c
CloudConvert job created: d9332d94-cbe7-4af0-b786-e71f72b4cff7
File uploaded to CloudConvert: C:\Users\Mac\OneDrive\Desktop\Projects\PDFLab\backend\storage\uploads\guest\b822a8ce-b45d-4ad9-8d31-6d28385df624\1762198644058-test-sample.pdf
CloudConvert job completed: d9332d94-cbe7-4af0-b786-e71f72b4cff7
Converted file downloaded: C:\Users\Mac\OneDrive\Desktop\Projects\PDFLab\backend\storage\outputs\guest\3e0d757e-e463-4223-ae29-cad75f340a7c\test-sample.pptx
Executing (default): UPDATE `conversion_jobs` SET `status`=?,`output_file`=?,`progress`=?,`processing_completed_at`=?,`cloudconvert_job_id`=?,`updated_at`=? WHERE `id` = ?
[Conversion Worker] Job 3e0d757e-e463-4223-ae29-cad75f340a7c completed successfully in 2675ms
✓ Conversion job 50 completed: {
  success: true,
  output_file: 'C:\\Users\\Mac\\OneDrive\\Desktop\\Projects\\PDFLab\\backend\\storage\\outputs\\guest\\3e0d757e-e463-4223-ae29-cad75f340a7c\\test-sample.pptx',
  processing_time: 2675
}
[0mPOST /api/upload [33m429[0m 0.701 ms - 134[0m
[0mPOST /api/upload [33m429[0m 0.474 ms - 134[0m
[0mPOST /api/upload [33m429[0m 0.616 ms - 134[0m
[0mPOST /api/upload [33m429[0m 0.819 ms - 134[0m
[0mPOST /api/upload [33m429[0m 0.767 ms - 134[0m
[0mPOST /api/upload [33m429[0m 1.358 ms - 134[0m
Executing (default): SELECT `id`, `email`, `password_hash`, `name`, `role`, `plan`, `conversions_used`, `conversions_limit`, `stripe_customer_id`, `subscription_id`, `subscription_status`, `subscription_end_date`, `failed_reset_attempts`, `reset_locked_until`, `created_at`, `updated_at`, `last_login`, `created_at` AS `createdAt`, `updated_at` AS `updatedAt` FROM `users` AS `User` WHERE `User`.`id` = 'e18bdeb3-8159-4b51-aad1-21638c6d4c4c';
Executing (default): SELECT `id`, `user_id`, `type`, `status`, `progress`, `input_file`, `output_file`, `file_name`, `file_size`, `cloudconvert_job_id`, `error_message`, `estimated_time`, `processing_started_at`, `processing_completed_at`, `created_at`, `updated_at`, `expires_at`, `created_at` AS `createdAt`, `updated_at` AS `updatedAt` FROM `conversion_jobs` AS `ConversionJob` WHERE `ConversionJob`.`id` = '00000000-0000-0000-0000-000000000000';
[0mGET /api/download/00000000-0000-0000-0000-000000000000 [33m404[0m 18.067 ms - 67[0m
Executing (default): SELECT `id`, `email`, `password_hash`, `name`, `role`, `plan`, `conversions_used`, `conversions_limit`, `stripe_customer_id`, `subscription_id`, `subscription_status`, `subscription_end_date`, `failed_reset_attempts`, `reset_locked_until`, `created_at`, `updated_at`, `last_login`, `created_at` AS `createdAt`, `updated_at` AS `updatedAt` FROM `users` AS `User` WHERE `User`.`id` = 'e18bdeb3-8159-4b51-aad1-21638c6d4c4c';
Executing (default): SELECT `id`, `user_id`, `type`, `status`, `progress`, `input_file`, `output_file`, `file_name`, `file_size`, `cloudconvert_job_id`, `error_message`, `estimated_time`, `processing_started_at`, `processing_completed_at`, `created_at`, `updated_at`, `expires_at`, `created_at` AS `createdAt`, `updated_at` AS `updatedAt` FROM `conversion_jobs` AS `ConversionJob` WHERE `ConversionJob`.`id` = '6f0366d9-9250-423b-a690-74094e7f3333';
[0mGET /api/download/6f0366d9-9250-423b-a690-74094e7f3333 [33m410[0m 18.673 ms - 355[0m
[0mPOST /api/upload [33m429[0m 0.497 ms - 134[0m
Executing (default): SELECT 1+1 AS result
✓ Database connection established successfully
[0mGET /health [32m200[0m 22.314 ms - -[0m
Executing (default): SELECT 1+1 AS result
✓ Database connection established successfully
[0mGET /health [32m200[0m 7.437 ms - -[0m
[0mPOST /api/upload [33m429[0m 0.635 ms - 134[0m
[Cleanup Worker] Processing cleanup for job 5ee3768e-5c03-428b-a27b-fe0c1d8b3072
Executing (default): SELECT `id`, `user_id`, `type`, `status`, `progress`, `input_file`, `output_file`, `file_name`, `file_size`, `cloudconvert_job_id`, `error_message`, `estimated_time`, `processing_started_at`, `processing_completed_at`, `created_at`, `updated_at`, `expires_at`, `created_at` AS `createdAt`, `updated_at` AS `updatedAt` FROM `conversion_jobs` AS `ConversionJob` WHERE `ConversionJob`.`id` = '5ee3768e-5c03-428b-a27b-fe0c1d8b3072';
[Cleanup Worker] Deleted upload directory: C:\Users\Mac\OneDrive\Desktop\Projects\PDFLab\backend\storage\uploads\guest\5ee3768e-5c03-428b-a27b-fe0c1d8b3072
[Cleanup Worker] Deleted output directory: C:\Users\Mac\OneDrive\Desktop\Projects\PDFLab\backend\storage\outputs\guest\5ee3768e-5c03-428b-a27b-fe0c1d8b3072
[Cleanup Worker] Cleanup completed for job 5ee3768e-5c03-428b-a27b-fe0c1d8b3072, deleted 2 directories
✓ Cleanup job 39 completed: {
  deleted: true,
  files_deleted: 2,
  job_id: '5ee3768e-5c03-428b-a27b-fe0c1d8b3072'
}
21:45:39 [tsx] change in ./src\controllers\conversion.controller.ts Restarting...
c⚠ Email service not configured - missing SMTP credentials
  Emails will be logged to console only (development mode)
🚀 Starting PDFLab Backend API...
Executing (default): SELECT 1+1 AS result
✓ Database connection established successfully
Executing (default): SELECT TABLE_NAME FROM INFORMATION_SCHEMA.TABLES WHERE TABLE_TYPE = 'BASE TABLE' AND TABLE_NAME = 'users' AND TABLE_SCHEMA = 'pdflab'
Executing (default): SHOW FULL COLUMNS FROM `users`;
Executing (default): SELECT CONSTRAINT_NAME as constraint_name,CONSTRAINT_NAME as constraintName,CONSTRAINT_SCHEMA as constraintSchema,CONSTRAINT_SCHEMA as constraintCatalog,TABLE_NAME as tableName,TABLE_SCHEMA as tableSchema,TABLE_SCHEMA as tableCatalog,COLUMN_NAME as columnName,REFERENCED_TABLE_SCHEMA as referencedTableSchema,REFERENCED_TABLE_SCHEMA as referencedTableCatalog,REFERENCED_TABLE_NAME as referencedTableName,REFERENCED_COLUMN_NAME as referencedColumnName FROM INFORMATION_SCHEMA.KEY_COLUMN_USAGE where TABLE_NAME = 'users' AND CONSTRAINT_NAME!='PRIMARY' AND CONSTRAINT_SCHEMA='pdflab' AND REFERENCED_TABLE_NAME IS NOT NULL;
Executing (default): ALTER TABLE `users` CHANGE `email` `email` VARCHAR(255) NOT NULL UNIQUE;
Executing (default): ALTER TABLE `users` CHANGE `password_hash` `password_hash` VARCHAR(255) NOT NULL;
Executing (default): ALTER TABLE `users` CHANGE `name` `name` VARCHAR(255);
Executing (default): ALTER TABLE `users` CHANGE `role` `role` ENUM('user', 'support', 'finance', 'admin', 'super_admin') NOT NULL DEFAULT 'user';
Executing (default): ALTER TABLE `users` CHANGE `plan` `plan` ENUM('free', 'starter', 'pro', 'enterprise') NOT NULL DEFAULT 'free';
Executing (default): ALTER TABLE `users` CHANGE `conversions_used` `conversions_used` INTEGER NOT NULL DEFAULT 0;
Executing (default): ALTER TABLE `users` CHANGE `conversions_limit` `conversions_limit` INTEGER NOT NULL DEFAULT 3;
Executing (default): ALTER TABLE `users` CHANGE `stripe_customer_id` `stripe_customer_id` VARCHAR(255);
Executing (default): ALTER TABLE `users` CHANGE `subscription_id` `subscription_id` VARCHAR(255);
Executing (default): ALTER TABLE `users` CHANGE `subscription_status` `subscription_status` ENUM('active', 'canceled', 'past_due', 'trialing');
Executing (default): ALTER TABLE `users` CHANGE `subscription_end_date` `subscription_end_date` DATETIME;
Executing (default): ALTER TABLE `users` CHANGE `failed_reset_attempts` `failed_reset_attempts` INTEGER NOT NULL DEFAULT 0;
Executing (default): ALTER TABLE `users` CHANGE `reset_locked_until` `reset_locked_until` DATETIME;
Executing (default): ALTER TABLE `users` CHANGE `created_at` `created_at` DATETIME NOT NULL;
Executing (default): ALTER TABLE `users` CHANGE `updated_at` `updated_at` DATETIME NOT NULL;
Executing (default): ALTER TABLE `users` CHANGE `last_login` `last_login` DATETIME;
Executing (default): SHOW INDEX FROM `users` FROM `pdflab`
Executing (default): SELECT TABLE_NAME FROM INFORMATION_SCHEMA.TABLES WHERE TABLE_TYPE = 'BASE TABLE' AND TABLE_NAME = 'admin_audit_logs' AND TABLE_SCHEMA = 'pdflab'
Executing (default): SHOW FULL COLUMNS FROM `admin_audit_logs`;
Executing (default): SELECT CONSTRAINT_NAME as constraint_name,CONSTRAINT_NAME as constraintName,CONSTRAINT_SCHEMA as constraintSchema,CONSTRAINT_SCHEMA as constraintCatalog,TABLE_NAME as tableName,TABLE_SCHEMA as tableSchema,TABLE_SCHEMA as tableCatalog,COLUMN_NAME as columnName,REFERENCED_TABLE_SCHEMA as referencedTableSchema,REFERENCED_TABLE_SCHEMA as referencedTableCatalog,REFERENCED_TABLE_NAME as referencedTableName,REFERENCED_COLUMN_NAME as referencedColumnName FROM INFORMATION_SCHEMA.KEY_COLUMN_USAGE where TABLE_NAME = 'admin_audit_logs' AND CONSTRAINT_NAME!='PRIMARY' AND CONSTRAINT_SCHEMA='pdflab' AND REFERENCED_TABLE_NAME IS NOT NULL;
Executing (default): SELECT CONSTRAINT_CATALOG AS constraintCatalog, CONSTRAINT_NAME AS constraintName, CONSTRAINT_SCHEMA AS constraintSchema, CONSTRAINT_TYPE AS constraintType, TABLE_NAME AS tableName, TABLE_SCHEMA AS tableSchema from INFORMATION_SCHEMA.TABLE_CONSTRAINTS WHERE table_name='admin_audit_logs' AND constraint_name = 'admin_audit_logs_ibfk_1' AND TABLE_SCHEMA = 'pdflab';
Executing (default): ALTER TABLE `admin_audit_logs` DROP FOREIGN KEY `admin_audit_logs_ibfk_1`;
Executing (default): ALTER TABLE `admin_audit_logs` ADD FOREIGN KEY (`admin_user_id`) REFERENCES `users` (`id`) ON DELETE CASCADE ON UPDATE CASCADE;
Executing (default): ALTER TABLE `admin_audit_logs` CHANGE `action` `action` VARCHAR(100) NOT NULL;
Executing (default): ALTER TABLE `admin_audit_logs` CHANGE `entity_type` `entity_type` VARCHAR(50) NOT NULL;
Executing (default): ALTER TABLE `admin_audit_logs` CHANGE `entity_id` `entity_id` CHAR(36) BINARY;
Executing (default): ALTER TABLE `admin_audit_logs` CHANGE `changes` `changes` JSON;
Executing (default): ALTER TABLE `admin_audit_logs` CHANGE `ip_address` `ip_address` VARCHAR(45);
Executing (default): ALTER TABLE `admin_audit_logs` CHANGE `user_agent` `user_agent` TEXT;
Executing (default): ALTER TABLE `admin_audit_logs` CHANGE `severity` `severity` ENUM('info', 'warning', 'critical') NOT NULL DEFAULT 'info';
Executing (default): ALTER TABLE `admin_audit_logs` CHANGE `checksum` `checksum` VARCHAR(64);
Executing (default): ALTER TABLE `admin_audit_logs` CHANGE `created_at` `created_at` DATETIME NOT NULL;
Executing (default): SHOW INDEX FROM `admin_audit_logs` FROM `pdflab`
Executing (default): SELECT TABLE_NAME FROM INFORMATION_SCHEMA.TABLES WHERE TABLE_TYPE = 'BASE TABLE' AND TABLE_NAME = 'system_health_logs' AND TABLE_SCHEMA = 'pdflab'
Executing (default): SHOW FULL COLUMNS FROM `system_health_logs`;
Executing (default): SELECT CONSTRAINT_NAME as constraint_name,CONSTRAINT_NAME as constraintName,CONSTRAINT_SCHEMA as constraintSchema,CONSTRAINT_SCHEMA as constraintCatalog,TABLE_NAME as tableName,TABLE_SCHEMA as tableSchema,TABLE_SCHEMA as tableCatalog,COLUMN_NAME as columnName,REFERENCED_TABLE_SCHEMA as referencedTableSchema,REFERENCED_TABLE_SCHEMA as referencedTableCatalog,REFERENCED_TABLE_NAME as referencedTableName,REFERENCED_COLUMN_NAME as referencedColumnName FROM INFORMATION_SCHEMA.KEY_COLUMN_USAGE where TABLE_NAME = 'system_health_logs' AND CONSTRAINT_NAME!='PRIMARY' AND CONSTRAINT_SCHEMA='pdflab' AND REFERENCED_TABLE_NAME IS NOT NULL;
Executing (default): ALTER TABLE `system_health_logs` CHANGE `metric_name` `metric_name` VARCHAR(100) NOT NULL;
Executing (default): ALTER TABLE `system_health_logs` CHANGE `metric_value` `metric_value` DECIMAL(10,2);
Executing (default): ALTER TABLE `system_health_logs` CHANGE `status` `status` ENUM('healthy', 'warning', 'critical') NOT NULL DEFAULT 'healthy';
Executing (default): ALTER TABLE `system_health_logs` CHANGE `details` `details` JSON;
Executing (default): ALTER TABLE `system_health_logs` CHANGE `created_at` `created_at` DATETIME NOT NULL;
Executing (default): SHOW INDEX FROM `system_health_logs` FROM `pdflab`
Executing (default): SELECT TABLE_NAME FROM INFORMATION_SCHEMA.TABLES WHERE TABLE_TYPE = 'BASE TABLE' AND TABLE_NAME = 'conversion_jobs' AND TABLE_SCHEMA = 'pdflab'
Executing (default): SHOW FULL COLUMNS FROM `conversion_jobs`;
Executing (default): SELECT CONSTRAINT_NAME as constraint_name,CONSTRAINT_NAME as constraintName,CONSTRAINT_SCHEMA as constraintSchema,CONSTRAINT_SCHEMA as constraintCatalog,TABLE_NAME as tableName,TABLE_SCHEMA as tableSchema,TABLE_SCHEMA as tableCatalog,COLUMN_NAME as columnName,REFERENCED_TABLE_SCHEMA as referencedTableSchema,REFERENCED_TABLE_SCHEMA as referencedTableCatalog,REFERENCED_TABLE_NAME as referencedTableName,REFERENCED_COLUMN_NAME as referencedColumnName FROM INFORMATION_SCHEMA.KEY_COLUMN_USAGE where TABLE_NAME = 'conversion_jobs' AND CONSTRAINT_NAME!='PRIMARY' AND CONSTRAINT_SCHEMA='pdflab' AND REFERENCED_TABLE_NAME IS NOT NULL;
Executing (default): ALTER TABLE `conversion_jobs` CHANGE `user_id` `user_id` CHAR(36) BINARY;
Executing (default): ALTER TABLE `conversion_jobs` CHANGE `type` `type` ENUM('pdf_to_pptx', 'pdf_to_docx', 'pdf_to_xlsx', 'pdf_to_images', 'pdf_merge') NOT NULL;
Executing (default): ALTER TABLE `conversion_jobs` CHANGE `status` `status` ENUM('pending', 'queued', 'processing', 'completed', 'failed') NOT NULL DEFAULT 'pending';
Executing (default): ALTER TABLE `conversion_jobs` CHANGE `progress` `progress` INTEGER NOT NULL DEFAULT 0;
Executing (default): ALTER TABLE `conversion_jobs` CHANGE `input_file` `input_file` VARCHAR(500);
Executing (default): ALTER TABLE `conversion_jobs` CHANGE `output_file` `output_file` VARCHAR(500);
Executing (default): ALTER TABLE `conversion_jobs` CHANGE `file_name` `file_name` VARCHAR(255) NOT NULL;
Executing (default): ALTER TABLE `conversion_jobs` CHANGE `file_size` `file_size` BIGINT NOT NULL;
Executing (default): ALTER TABLE `conversion_jobs` CHANGE `cloudconvert_job_id` `cloudconvert_job_id` VARCHAR(255);
Executing (default): ALTER TABLE `conversion_jobs` CHANGE `error_message` `error_message` TEXT;
Executing (default): ALTER TABLE `conversion_jobs` CHANGE `estimated_time` `estimated_time` INTEGER COMMENT 'Estimated processing time in seconds';
Executing (default): ALTER TABLE `conversion_jobs` CHANGE `processing_started_at` `processing_started_at` DATETIME;
Executing (default): ALTER TABLE `conversion_jobs` CHANGE `processing_completed_at` `processing_completed_at` DATETIME;
Executing (default): ALTER TABLE `conversion_jobs` CHANGE `created_at` `created_at` DATETIME NOT NULL;
Executing (default): ALTER TABLE `conversion_jobs` CHANGE `updated_at` `updated_at` DATETIME NOT NULL;
Executing (default): ALTER TABLE `conversion_jobs` CHANGE `expires_at` `expires_at` DATETIME NOT NULL;
Executing (default): SHOW INDEX FROM `conversion_jobs` FROM `pdflab`
Executing (default): SELECT TABLE_NAME FROM INFORMATION_SCHEMA.TABLES WHERE TABLE_TYPE = 'BASE TABLE' AND TABLE_NAME = 'usage_logs' AND TABLE_SCHEMA = 'pdflab'
Executing (default): SHOW FULL COLUMNS FROM `usage_logs`;
Executing (default): SELECT CONSTRAINT_NAME as constraint_name,CONSTRAINT_NAME as constraintName,CONSTRAINT_SCHEMA as constraintSchema,CONSTRAINT_SCHEMA as constraintCatalog,TABLE_NAME as tableName,TABLE_SCHEMA as tableSchema,TABLE_SCHEMA as tableCatalog,COLUMN_NAME as columnName,REFERENCED_TABLE_SCHEMA as referencedTableSchema,REFERENCED_TABLE_SCHEMA as referencedTableCatalog,REFERENCED_TABLE_NAME as referencedTableName,REFERENCED_COLUMN_NAME as referencedColumnName FROM INFORMATION_SCHEMA.KEY_COLUMN_USAGE where TABLE_NAME = 'usage_logs' AND CONSTRAINT_NAME!='PRIMARY' AND CONSTRAINT_SCHEMA='pdflab' AND REFERENCED_TABLE_NAME IS NOT NULL;
Executing (default): SELECT CONSTRAINT_CATALOG AS constraintCatalog, CONSTRAINT_NAME AS constraintName, CONSTRAINT_SCHEMA AS constraintSchema, CONSTRAINT_TYPE AS constraintType, TABLE_NAME AS tableName, TABLE_SCHEMA AS tableSchema from INFORMATION_SCHEMA.TABLE_CONSTRAINTS WHERE table_name='usage_logs' AND constraint_name = 'usage_logs_ibfk_99' AND TABLE_SCHEMA = 'pdflab';
Executing (default): ALTER TABLE `usage_logs` DROP FOREIGN KEY `usage_logs_ibfk_99`;
Executing (default): ALTER TABLE `usage_logs` ADD FOREIGN KEY (`user_id`) REFERENCES `users` (`id`) ON DELETE CASCADE ON UPDATE CASCADE;
Executing (default): SELECT CONSTRAINT_CATALOG AS constraintCatalog, CONSTRAINT_NAME AS constraintName, CONSTRAINT_SCHEMA AS constraintSchema, CONSTRAINT_TYPE AS constraintType, TABLE_NAME AS tableName, TABLE_SCHEMA AS tableSchema from INFORMATION_SCHEMA.TABLE_CONSTRAINTS WHERE table_name='usage_logs' AND constraint_name = 'usage_logs_ibfk_100' AND TABLE_SCHEMA = 'pdflab';
Executing (default): ALTER TABLE `usage_logs` DROP FOREIGN KEY `usage_logs_ibfk_100`;
Executing (default): ALTER TABLE `usage_logs` ADD FOREIGN KEY (`job_id`) REFERENCES `conversion_jobs` (`id`) ON DELETE SET NULL ON UPDATE CASCADE;
Executing (default): ALTER TABLE `usage_logs` CHANGE `operation_type` `operation_type` VARCHAR(50) NOT NULL;
Executing (default): ALTER TABLE `usage_logs` CHANGE `success` `success` TINYINT(1) NOT NULL DEFAULT false;
Executing (default): ALTER TABLE `usage_logs` CHANGE `processing_time` `processing_time` INTEGER COMMENT 'Processing time in milliseconds';
Executing (default): ALTER TABLE `usage_logs` CHANGE `file_size` `file_size` BIGINT NOT NULL;
Executing (default): ALTER TABLE `usage_logs` CHANGE `error_code` `error_code` VARCHAR(50);
Executing (default): ALTER TABLE `usage_logs` CHANGE `timestamp` `timestamp` DATETIME NOT NULL;
Executing (default): SHOW INDEX FROM `usage_logs` FROM `pdflab`
Executing (default): SELECT TABLE_NAME FROM INFORMATION_SCHEMA.TABLES WHERE TABLE_TYPE = 'BASE TABLE' AND TABLE_NAME = 'subscriptions' AND TABLE_SCHEMA = 'pdflab'
Executing (default): SHOW FULL COLUMNS FROM `subscriptions`;
Executing (default): SELECT CONSTRAINT_NAME as constraint_name,CONSTRAINT_NAME as constraintName,CONSTRAINT_SCHEMA as constraintSchema,CONSTRAINT_SCHEMA as constraintCatalog,TABLE_NAME as tableName,TABLE_SCHEMA as tableSchema,TABLE_SCHEMA as tableCatalog,COLUMN_NAME as columnName,REFERENCED_TABLE_SCHEMA as referencedTableSchema,REFERENCED_TABLE_SCHEMA as referencedTableCatalog,REFERENCED_TABLE_NAME as referencedTableName,REFERENCED_COLUMN_NAME as referencedColumnName FROM INFORMATION_SCHEMA.KEY_COLUMN_USAGE where TABLE_NAME = 'subscriptions' AND CONSTRAINT_NAME!='PRIMARY' AND CONSTRAINT_SCHEMA='pdflab' AND REFERENCED_TABLE_NAME IS NOT NULL;
Executing (default): SELECT CONSTRAINT_CATALOG AS constraintCatalog, CONSTRAINT_NAME AS constraintName, CONSTRAINT_SCHEMA AS constraintSchema, CONSTRAINT_TYPE AS constraintType, TABLE_NAME AS tableName, TABLE_SCHEMA AS tableSchema from INFORMATION_SCHEMA.TABLE_CONSTRAINTS WHERE table_name='subscriptions' AND constraint_name = 'subscriptions_ibfk_1' AND TABLE_SCHEMA = 'pdflab';
Executing (default): ALTER TABLE `subscriptions` DROP FOREIGN KEY `subscriptions_ibfk_1`;
Executing (default): ALTER TABLE `subscriptions` ADD FOREIGN KEY (`user_id`) REFERENCES `users` (`id`) ON DELETE CASCADE ON UPDATE CASCADE;
Executing (default): ALTER TABLE `subscriptions` CHANGE `plan` `plan` ENUM('free', 'starter', 'pro', 'enterprise') NOT NULL DEFAULT 'free';
Executing (default): ALTER TABLE `subscriptions` CHANGE `status` `status` ENUM('active', 'canceled', 'past_due', 'trialing', 'pending') NOT NULL DEFAULT 'pending';
Executing (default): ALTER TABLE `subscriptions` CHANGE `payfast_token` `payfast_token` VARCHAR(255) COMMENT 'PayFast subscription token for recurring payments';
Executing (default): ALTER TABLE `subscriptions` CHANGE `payfast_subscription_id` `payfast_subscription_id` VARCHAR(255) COMMENT 'PayFast subscription ID';
Executing (default): ALTER TABLE `subscriptions` CHANGE `amount` `amount` DECIMAL(10,2) NOT NULL COMMENT 'Subscription amount in currency';
Executing (default): ALTER TABLE `subscriptions` CHANGE `currency` `currency` VARCHAR(3) NOT NULL DEFAULT 'USD' COMMENT 'Currency code (USD for United States Dollar)';
Executing (default): ALTER TABLE `subscriptions` CHANGE `billing_date` `billing_date` DATETIME COMMENT 'First billing date';
Executing (default): ALTER TABLE `subscriptions` CHANGE `next_billing_date` `next_billing_date` DATETIME COMMENT 'Next billing date for recurring subscription';
Executing (default): ALTER TABLE `subscriptions` CHANGE `cancel_at` `cancel_at` DATETIME COMMENT 'Scheduled cancellation date';
Executing (default): ALTER TABLE `subscriptions` CHANGE `canceled_at` `canceled_at` DATETIME COMMENT 'Actual cancellation timestamp';
Executing (default): ALTER TABLE `subscriptions` CHANGE `trial_end` `trial_end` DATETIME COMMENT 'Trial period end date';
Executing (default): ALTER TABLE `subscriptions` CHANGE `started_at` `started_at` DATETIME NOT NULL COMMENT 'Subscription start date';
Executing (default): ALTER TABLE `subscriptions` CHANGE `ended_at` `ended_at` DATETIME COMMENT 'Subscription end date (if canceled)';
Executing (default): ALTER TABLE `subscriptions` CHANGE `created_at` `created_at` DATETIME NOT NULL;
Executing (default): ALTER TABLE `subscriptions` CHANGE `updated_at` `updated_at` DATETIME NOT NULL;
Executing (default): SHOW INDEX FROM `subscriptions` FROM `pdflab`
Executing (default): SELECT TABLE_NAME FROM INFORMATION_SCHEMA.TABLES WHERE TABLE_TYPE = 'BASE TABLE' AND TABLE_NAME = 'payment_logs' AND TABLE_SCHEMA = 'pdflab'
Executing (default): SHOW FULL COLUMNS FROM `payment_logs`;
Executing (default): SELECT CONSTRAINT_NAME as constraint_name,CONSTRAINT_NAME as constraintName,CONSTRAINT_SCHEMA as constraintSchema,CONSTRAINT_SCHEMA as constraintCatalog,TABLE_NAME as tableName,TABLE_SCHEMA as tableSchema,TABLE_SCHEMA as tableCatalog,COLUMN_NAME as columnName,REFERENCED_TABLE_SCHEMA as referencedTableSchema,REFERENCED_TABLE_SCHEMA as referencedTableCatalog,REFERENCED_TABLE_NAME as referencedTableName,REFERENCED_COLUMN_NAME as referencedColumnName FROM INFORMATION_SCHEMA.KEY_COLUMN_USAGE where TABLE_NAME = 'payment_logs' AND CONSTRAINT_NAME!='PRIMARY' AND CONSTRAINT_SCHEMA='pdflab' AND REFERENCED_TABLE_NAME IS NOT NULL;
Executing (default): SELECT CONSTRAINT_CATALOG AS constraintCatalog, CONSTRAINT_NAME AS constraintName, CONSTRAINT_SCHEMA AS constraintSchema, CONSTRAINT_TYPE AS constraintType, TABLE_NAME AS tableName, TABLE_SCHEMA AS tableSchema from INFORMATION_SCHEMA.TABLE_CONSTRAINTS WHERE table_name='payment_logs' AND constraint_name = 'payment_logs_ibfk_73' AND TABLE_SCHEMA = 'pdflab';
Executing (default): ALTER TABLE `payment_logs` DROP FOREIGN KEY `payment_logs_ibfk_73`;
Executing (default): ALTER TABLE `payment_logs` ADD FOREIGN KEY (`user_id`) REFERENCES `users` (`id`) ON DELETE CASCADE ON UPDATE CASCADE;
Executing (default): SELECT CONSTRAINT_CATALOG AS constraintCatalog, CONSTRAINT_NAME AS constraintName, CONSTRAINT_SCHEMA AS constraintSchema, CONSTRAINT_TYPE AS constraintType, TABLE_NAME AS tableName, TABLE_SCHEMA AS tableSchema from INFORMATION_SCHEMA.TABLE_CONSTRAINTS WHERE table_name='payment_logs' AND constraint_name = 'payment_logs_ibfk_74' AND TABLE_SCHEMA = 'pdflab';
Executing (default): ALTER TABLE `payment_logs` DROP FOREIGN KEY `payment_logs_ibfk_74`;
Executing (default): ALTER TABLE `payment_logs` ADD FOREIGN KEY (`subscription_id`) REFERENCES `subscriptions` (`id`) ON DELETE SET NULL ON UPDATE CASCADE;
Executing (default): ALTER TABLE `payment_logs` CHANGE `transaction_id` `transaction_id` VARCHAR(255) NOT NULL UNIQUE COMMENT 'Our internal transaction ID (m_payment_id)';
Executing (default): ALTER TABLE `payment_logs` CHANGE `payfast_payment_id` `payfast_payment_id` VARCHAR(255) COMMENT 'PayFast payment ID (pf_payment_id)';
Executing (default): ALTER TABLE `payment_logs` CHANGE `payment_type` `payment_type` ENUM('subscription', 'subscription_payment', 'one_time', 'refund') NOT NULL DEFAULT 'one_time';
Executing (default): ALTER TABLE `payment_logs` CHANGE `status` `status` ENUM('complete', 'failed', 'pending', 'cancelled') NOT NULL DEFAULT 'pending';
Executing (default): ALTER TABLE `payment_logs` CHANGE `amount_gross` `amount_gross` DECIMAL(10,2) NOT NULL COMMENT 'Gross amount before fees';
Executing (default): ALTER TABLE `payment_logs` CHANGE `amount_fee` `amount_fee` DECIMAL(10,2) NOT NULL DEFAULT 0 COMMENT 'PayFast processing fee';
Executing (default): ALTER TABLE `payment_logs` CHANGE `amount_net` `amount_net` DECIMAL(10,2) NOT NULL COMMENT 'Net amount after fees';
Executing (default): ALTER TABLE `payment_logs` CHANGE `currency` `currency` VARCHAR(3) NOT NULL DEFAULT 'USD';
Executing (default): ALTER TABLE `payment_logs` CHANGE `plan` `plan` VARCHAR(50) NOT NULL COMMENT 'Plan name (free, starter, pro, enterprise)';
Executing (default): ALTER TABLE `payment_logs` CHANGE `payment_method` `payment_method` VARCHAR(50) COMMENT 'Payment method used (eft, credit_card, etc.)';
Executing (default): ALTER TABLE `payment_logs` CHANGE `name_first` `name_first` VARCHAR(255) NOT NULL;
Executing (default): ALTER TABLE `payment_logs` CHANGE `name_last` `name_last` VARCHAR(255);
Executing (default): ALTER TABLE `payment_logs` CHANGE `email_address` `email_address` VARCHAR(255) NOT NULL;
Executing (default): ALTER TABLE `payment_logs` CHANGE `item_name` `item_name` VARCHAR(255) NOT NULL;
Executing (default): ALTER TABLE `payment_logs` CHANGE `item_description` `item_description` TEXT;
Executing (default): ALTER TABLE `payment_logs` CHANGE `custom_data` `custom_data` JSON COMMENT 'Custom data sent to PayFast';
Executing (default): ALTER TABLE `payment_logs` CHANGE `itn_data` `itn_data` JSON COMMENT 'Full ITN notification data from PayFast';
Executing (default): ALTER TABLE `payment_logs` CHANGE `error_message` `error_message` TEXT COMMENT 'Error message if payment failed';
Executing (default): ALTER TABLE `payment_logs` CHANGE `processed_at` `processed_at` DATETIME COMMENT 'When the payment was processed';
Executing (default): ALTER TABLE `payment_logs` CHANGE `created_at` `created_at` DATETIME NOT NULL;
Executing (default): ALTER TABLE `payment_logs` CHANGE `updated_at` `updated_at` DATETIME NOT NULL;
Executing (default): SHOW INDEX FROM `payment_logs` FROM `pdflab`
Executing (default): SELECT TABLE_NAME FROM INFORMATION_SCHEMA.TABLES WHERE TABLE_TYPE = 'BASE TABLE' AND TABLE_NAME = 'password_history' AND TABLE_SCHEMA = 'pdflab'
Executing (default): SHOW FULL COLUMNS FROM `password_history`;
Executing (default): SELECT CONSTRAINT_NAME as constraint_name,CONSTRAINT_NAME as constraintName,CONSTRAINT_SCHEMA as constraintSchema,CONSTRAINT_SCHEMA as constraintCatalog,TABLE_NAME as tableName,TABLE_SCHEMA as tableSchema,TABLE_SCHEMA as tableCatalog,COLUMN_NAME as columnName,REFERENCED_TABLE_SCHEMA as referencedTableSchema,REFERENCED_TABLE_SCHEMA as referencedTableCatalog,REFERENCED_TABLE_NAME as referencedTableName,REFERENCED_COLUMN_NAME as referencedColumnName FROM INFORMATION_SCHEMA.KEY_COLUMN_USAGE where TABLE_NAME = 'password_history' AND CONSTRAINT_NAME!='PRIMARY' AND CONSTRAINT_SCHEMA='pdflab' AND REFERENCED_TABLE_NAME IS NOT NULL;
Executing (default): SELECT CONSTRAINT_CATALOG AS constraintCatalog, CONSTRAINT_NAME AS constraintName, CONSTRAINT_SCHEMA AS constraintSchema, CONSTRAINT_TYPE AS constraintType, TABLE_NAME AS tableName, TABLE_SCHEMA AS tableSchema from INFORMATION_SCHEMA.TABLE_CONSTRAINTS WHERE table_name='password_history' AND constraint_name = 'password_history_ibfk_1' AND TABLE_SCHEMA = 'pdflab';
Executing (default): ALTER TABLE `password_history` DROP FOREIGN KEY `password_history_ibfk_1`;
Executing (default): ALTER TABLE `password_history` ADD FOREIGN KEY (`user_id`) REFERENCES `users` (`id`) ON DELETE CASCADE ON UPDATE CASCADE;
21:45:56 [tsx] change in ./src\controllers\conversion.controller.ts Restarting...
c⚠ Email service not configured - missing SMTP credentials
  Emails will be logged to console only (development mode)
🚀 Starting PDFLab Backend API...
Executing (default): SELECT 1+1 AS result
✓ Database connection established successfully
Executing (default): SELECT TABLE_NAME FROM INFORMATION_SCHEMA.TABLES WHERE TABLE_TYPE = 'BASE TABLE' AND TABLE_NAME = 'users' AND TABLE_SCHEMA = 'pdflab'
Executing (default): SHOW FULL COLUMNS FROM `users`;
Executing (default): SELECT CONSTRAINT_NAME as constraint_name,CONSTRAINT_NAME as constraintName,CONSTRAINT_SCHEMA as constraintSchema,CONSTRAINT_SCHEMA as constraintCatalog,TABLE_NAME as tableName,TABLE_SCHEMA as tableSchema,TABLE_SCHEMA as tableCatalog,COLUMN_NAME as columnName,REFERENCED_TABLE_SCHEMA as referencedTableSchema,REFERENCED_TABLE_SCHEMA as referencedTableCatalog,REFERENCED_TABLE_NAME as referencedTableName,REFERENCED_COLUMN_NAME as referencedColumnName FROM INFORMATION_SCHEMA.KEY_COLUMN_USAGE where TABLE_NAME = 'users' AND CONSTRAINT_NAME!='PRIMARY' AND CONSTRAINT_SCHEMA='pdflab' AND REFERENCED_TABLE_NAME IS NOT NULL;
Executing (default): ALTER TABLE `users` CHANGE `email` `email` VARCHAR(255) NOT NULL UNIQUE;
Executing (default): ALTER TABLE `users` CHANGE `password_hash` `password_hash` VARCHAR(255) NOT NULL;
Executing (default): ALTER TABLE `users` CHANGE `name` `name` VARCHAR(255);
Executing (default): ALTER TABLE `users` CHANGE `role` `role` ENUM('user', 'support', 'finance', 'admin', 'super_admin') NOT NULL DEFAULT 'user';
Executing (default): ALTER TABLE `users` CHANGE `plan` `plan` ENUM('free', 'starter', 'pro', 'enterprise') NOT NULL DEFAULT 'free';
Executing (default): ALTER TABLE `users` CHANGE `conversions_used` `conversions_used` INTEGER NOT NULL DEFAULT 0;
Executing (default): ALTER TABLE `users` CHANGE `conversions_limit` `conversions_limit` INTEGER NOT NULL DEFAULT 3;
Executing (default): ALTER TABLE `users` CHANGE `stripe_customer_id` `stripe_customer_id` VARCHAR(255);
Executing (default): ALTER TABLE `users` CHANGE `subscription_id` `subscription_id` VARCHAR(255);
Executing (default): ALTER TABLE `users` CHANGE `subscription_status` `subscription_status` ENUM('active', 'canceled', 'past_due', 'trialing');
Executing (default): ALTER TABLE `users` CHANGE `subscription_end_date` `subscription_end_date` DATETIME;
Executing (default): ALTER TABLE `users` CHANGE `failed_reset_attempts` `failed_reset_attempts` INTEGER NOT NULL DEFAULT 0;
Executing (default): ALTER TABLE `users` CHANGE `reset_locked_until` `reset_locked_until` DATETIME;
Executing (default): ALTER TABLE `users` CHANGE `created_at` `created_at` DATETIME NOT NULL;
Executing (default): ALTER TABLE `users` CHANGE `updated_at` `updated_at` DATETIME NOT NULL;
Executing (default): ALTER TABLE `users` CHANGE `last_login` `last_login` DATETIME;
Executing (default): SHOW INDEX FROM `users` FROM `pdflab`
Executing (default): SELECT TABLE_NAME FROM INFORMATION_SCHEMA.TABLES WHERE TABLE_TYPE = 'BASE TABLE' AND TABLE_NAME = 'admin_audit_logs' AND TABLE_SCHEMA = 'pdflab'
Executing (default): SHOW FULL COLUMNS FROM `admin_audit_logs`;
Executing (default): SELECT CONSTRAINT_NAME as constraint_name,CONSTRAINT_NAME as constraintName,CONSTRAINT_SCHEMA as constraintSchema,CONSTRAINT_SCHEMA as constraintCatalog,TABLE_NAME as tableName,TABLE_SCHEMA as tableSchema,TABLE_SCHEMA as tableCatalog,COLUMN_NAME as columnName,REFERENCED_TABLE_SCHEMA as referencedTableSchema,REFERENCED_TABLE_SCHEMA as referencedTableCatalog,REFERENCED_TABLE_NAME as referencedTableName,REFERENCED_COLUMN_NAME as referencedColumnName FROM INFORMATION_SCHEMA.KEY_COLUMN_USAGE where TABLE_NAME = 'admin_audit_logs' AND CONSTRAINT_NAME!='PRIMARY' AND CONSTRAINT_SCHEMA='pdflab' AND REFERENCED_TABLE_NAME IS NOT NULL;
Executing (default): SELECT CONSTRAINT_CATALOG AS constraintCatalog, CONSTRAINT_NAME AS constraintName, CONSTRAINT_SCHEMA AS constraintSchema, CONSTRAINT_TYPE AS constraintType, TABLE_NAME AS tableName, TABLE_SCHEMA AS tableSchema from INFORMATION_SCHEMA.TABLE_CONSTRAINTS WHERE table_name='admin_audit_logs' AND constraint_name = 'admin_audit_logs_ibfk_1' AND TABLE_SCHEMA = 'pdflab';
Executing (default): ALTER TABLE `admin_audit_logs` DROP FOREIGN KEY `admin_audit_logs_ibfk_1`;
Executing (default): ALTER TABLE `admin_audit_logs` ADD FOREIGN KEY (`admin_user_id`) REFERENCES `users` (`id`) ON DELETE CASCADE ON UPDATE CASCADE;
Executing (default): ALTER TABLE `admin_audit_logs` CHANGE `action` `action` VARCHAR(100) NOT NULL;
Executing (default): ALTER TABLE `admin_audit_logs` CHANGE `entity_type` `entity_type` VARCHAR(50) NOT NULL;
Executing (default): ALTER TABLE `admin_audit_logs` CHANGE `entity_id` `entity_id` CHAR(36) BINARY;
Executing (default): ALTER TABLE `admin_audit_logs` CHANGE `changes` `changes` JSON;
Executing (default): ALTER TABLE `admin_audit_logs` CHANGE `ip_address` `ip_address` VARCHAR(45);
Executing (default): ALTER TABLE `admin_audit_logs` CHANGE `user_agent` `user_agent` TEXT;
Executing (default): ALTER TABLE `admin_audit_logs` CHANGE `severity` `severity` ENUM('info', 'warning', 'critical') NOT NULL DEFAULT 'info';
Executing (default): ALTER TABLE `admin_audit_logs` CHANGE `checksum` `checksum` VARCHAR(64);
Executing (default): ALTER TABLE `admin_audit_logs` CHANGE `created_at` `created_at` DATETIME NOT NULL;
Executing (default): SHOW INDEX FROM `admin_audit_logs` FROM `pdflab`
Executing (default): SELECT TABLE_NAME FROM INFORMATION_SCHEMA.TABLES WHERE TABLE_TYPE = 'BASE TABLE' AND TABLE_NAME = 'system_health_logs' AND TABLE_SCHEMA = 'pdflab'
Executing (default): SHOW FULL COLUMNS FROM `system_health_logs`;
Executing (default): SELECT CONSTRAINT_NAME as constraint_name,CONSTRAINT_NAME as constraintName,CONSTRAINT_SCHEMA as constraintSchema,CONSTRAINT_SCHEMA as constraintCatalog,TABLE_NAME as tableName,TABLE_SCHEMA as tableSchema,TABLE_SCHEMA as tableCatalog,COLUMN_NAME as columnName,REFERENCED_TABLE_SCHEMA as referencedTableSchema,REFERENCED_TABLE_SCHEMA as referencedTableCatalog,REFERENCED_TABLE_NAME as referencedTableName,REFERENCED_COLUMN_NAME as referencedColumnName FROM INFORMATION_SCHEMA.KEY_COLUMN_USAGE where TABLE_NAME = 'system_health_logs' AND CONSTRAINT_NAME!='PRIMARY' AND CONSTRAINT_SCHEMA='pdflab' AND REFERENCED_TABLE_NAME IS NOT NULL;
Executing (default): ALTER TABLE `system_health_logs` CHANGE `metric_name` `metric_name` VARCHAR(100) NOT NULL;
Executing (default): ALTER TABLE `system_health_logs` CHANGE `metric_value` `metric_value` DECIMAL(10,2);
Executing (default): ALTER TABLE `system_health_logs` CHANGE `status` `status` ENUM('healthy', 'warning', 'critical') NOT NULL DEFAULT 'healthy';
Executing (default): ALTER TABLE `system_health_logs` CHANGE `details` `details` JSON;
Executing (default): ALTER TABLE `system_health_logs` CHANGE `created_at` `created_at` DATETIME NOT NULL;
Executing (default): SHOW INDEX FROM `system_health_logs` FROM `pdflab`
Executing (default): SELECT TABLE_NAME FROM INFORMATION_SCHEMA.TABLES WHERE TABLE_TYPE = 'BASE TABLE' AND TABLE_NAME = 'conversion_jobs' AND TABLE_SCHEMA = 'pdflab'
Executing (default): SHOW FULL COLUMNS FROM `conversion_jobs`;
Executing (default): SELECT CONSTRAINT_NAME as constraint_name,CONSTRAINT_NAME as constraintName,CONSTRAINT_SCHEMA as constraintSchema,CONSTRAINT_SCHEMA as constraintCatalog,TABLE_NAME as tableName,TABLE_SCHEMA as tableSchema,TABLE_SCHEMA as tableCatalog,COLUMN_NAME as columnName,REFERENCED_TABLE_SCHEMA as referencedTableSchema,REFERENCED_TABLE_SCHEMA as referencedTableCatalog,REFERENCED_TABLE_NAME as referencedTableName,REFERENCED_COLUMN_NAME as referencedColumnName FROM INFORMATION_SCHEMA.KEY_COLUMN_USAGE where TABLE_NAME = 'conversion_jobs' AND CONSTRAINT_NAME!='PRIMARY' AND CONSTRAINT_SCHEMA='pdflab' AND REFERENCED_TABLE_NAME IS NOT NULL;
Executing (default): ALTER TABLE `conversion_jobs` CHANGE `user_id` `user_id` CHAR(36) BINARY;
Executing (default): ALTER TABLE `conversion_jobs` CHANGE `type` `type` ENUM('pdf_to_pptx', 'pdf_to_docx', 'pdf_to_xlsx', 'pdf_to_images', 'pdf_merge') NOT NULL;
Executing (default): ALTER TABLE `conversion_jobs` CHANGE `status` `status` ENUM('pending', 'queued', 'processing', 'completed', 'failed') NOT NULL DEFAULT 'pending';
Executing (default): ALTER TABLE `conversion_jobs` CHANGE `progress` `progress` INTEGER NOT NULL DEFAULT 0;
Executing (default): ALTER TABLE `conversion_jobs` CHANGE `input_file` `input_file` VARCHAR(500);
Executing (default): ALTER TABLE `conversion_jobs` CHANGE `output_file` `output_file` VARCHAR(500);
Executing (default): ALTER TABLE `conversion_jobs` CHANGE `file_name` `file_name` VARCHAR(255) NOT NULL;
Executing (default): ALTER TABLE `conversion_jobs` CHANGE `file_size` `file_size` BIGINT NOT NULL;
Executing (default): ALTER TABLE `conversion_jobs` CHANGE `cloudconvert_job_id` `cloudconvert_job_id` VARCHAR(255);
Executing (default): ALTER TABLE `conversion_jobs` CHANGE `error_message` `error_message` TEXT;
Executing (default): ALTER TABLE `conversion_jobs` CHANGE `estimated_time` `estimated_time` INTEGER COMMENT 'Estimated processing time in seconds';
Executing (default): ALTER TABLE `conversion_jobs` CHANGE `processing_started_at` `processing_started_at` DATETIME;
Executing (default): ALTER TABLE `conversion_jobs` CHANGE `processing_completed_at` `processing_completed_at` DATETIME;
Executing (default): ALTER TABLE `conversion_jobs` CHANGE `created_at` `created_at` DATETIME NOT NULL;
Executing (default): ALTER TABLE `conversion_jobs` CHANGE `updated_at` `updated_at` DATETIME NOT NULL;
Executing (default): ALTER TABLE `conversion_jobs` CHANGE `expires_at` `expires_at` DATETIME NOT NULL;
Executing (default): SHOW INDEX FROM `conversion_jobs` FROM `pdflab`
Executing (default): SELECT TABLE_NAME FROM INFORMATION_SCHEMA.TABLES WHERE TABLE_TYPE = 'BASE TABLE' AND TABLE_NAME = 'usage_logs' AND TABLE_SCHEMA = 'pdflab'
Executing (default): SHOW FULL COLUMNS FROM `usage_logs`;
Executing (default): SELECT CONSTRAINT_NAME as constraint_name,CONSTRAINT_NAME as constraintName,CONSTRAINT_SCHEMA as constraintSchema,CONSTRAINT_SCHEMA as constraintCatalog,TABLE_NAME as tableName,TABLE_SCHEMA as tableSchema,TABLE_SCHEMA as tableCatalog,COLUMN_NAME as columnName,REFERENCED_TABLE_SCHEMA as referencedTableSchema,REFERENCED_TABLE_SCHEMA as referencedTableCatalog,REFERENCED_TABLE_NAME as referencedTableName,REFERENCED_COLUMN_NAME as referencedColumnName FROM INFORMATION_SCHEMA.KEY_COLUMN_USAGE where TABLE_NAME = 'usage_logs' AND CONSTRAINT_NAME!='PRIMARY' AND CONSTRAINT_SCHEMA='pdflab' AND REFERENCED_TABLE_NAME IS NOT NULL;
Executing (default): SELECT CONSTRAINT_CATALOG AS constraintCatalog, CONSTRAINT_NAME AS constraintName, CONSTRAINT_SCHEMA AS constraintSchema, CONSTRAINT_TYPE AS constraintType, TABLE_NAME AS tableName, TABLE_SCHEMA AS tableSchema from INFORMATION_SCHEMA.TABLE_CONSTRAINTS WHERE table_name='usage_logs' AND constraint_name = 'usage_logs_ibfk_101' AND TABLE_SCHEMA = 'pdflab';
Executing (default): ALTER TABLE `usage_logs` DROP FOREIGN KEY `usage_logs_ibfk_101`;
Executing (default): ALTER TABLE `usage_logs` ADD FOREIGN KEY (`user_id`) REFERENCES `users` (`id`) ON DELETE CASCADE ON UPDATE CASCADE;
Executing (default): SELECT CONSTRAINT_CATALOG AS constraintCatalog, CONSTRAINT_NAME AS constraintName, CONSTRAINT_SCHEMA AS constraintSchema, CONSTRAINT_TYPE AS constraintType, TABLE_NAME AS tableName, TABLE_SCHEMA AS tableSchema from INFORMATION_SCHEMA.TABLE_CONSTRAINTS WHERE table_name='usage_logs' AND constraint_name = 'usage_logs_ibfk_102' AND TABLE_SCHEMA = 'pdflab';
Executing (default): ALTER TABLE `usage_logs` DROP FOREIGN KEY `usage_logs_ibfk_102`;
Executing (default): ALTER TABLE `usage_logs` ADD FOREIGN KEY (`job_id`) REFERENCES `conversion_jobs` (`id`) ON DELETE SET NULL ON UPDATE CASCADE;
Executing (default): ALTER TABLE `usage_logs` CHANGE `operation_type` `operation_type` VARCHAR(50) NOT NULL;
Executing (default): ALTER TABLE `usage_logs` CHANGE `success` `success` TINYINT(1) NOT NULL DEFAULT false;
Executing (default): ALTER TABLE `usage_logs` CHANGE `processing_time` `processing_time` INTEGER COMMENT 'Processing time in milliseconds';
Executing (default): ALTER TABLE `usage_logs` CHANGE `file_size` `file_size` BIGINT NOT NULL;
Executing (default): ALTER TABLE `usage_logs` CHANGE `error_code` `error_code` VARCHAR(50);
Executing (default): ALTER TABLE `usage_logs` CHANGE `timestamp` `timestamp` DATETIME NOT NULL;
Executing (default): SHOW INDEX FROM `usage_logs` FROM `pdflab`
Executing (default): SELECT TABLE_NAME FROM INFORMATION_SCHEMA.TABLES WHERE TABLE_TYPE = 'BASE TABLE' AND TABLE_NAME = 'subscriptions' AND TABLE_SCHEMA = 'pdflab'
Executing (default): SHOW FULL COLUMNS FROM `subscriptions`;
Executing (default): SELECT CONSTRAINT_NAME as constraint_name,CONSTRAINT_NAME as constraintName,CONSTRAINT_SCHEMA as constraintSchema,CONSTRAINT_SCHEMA as constraintCatalog,TABLE_NAME as tableName,TABLE_SCHEMA as tableSchema,TABLE_SCHEMA as tableCatalog,COLUMN_NAME as columnName,REFERENCED_TABLE_SCHEMA as referencedTableSchema,REFERENCED_TABLE_SCHEMA as referencedTableCatalog,REFERENCED_TABLE_NAME as referencedTableName,REFERENCED_COLUMN_NAME as referencedColumnName FROM INFORMATION_SCHEMA.KEY_COLUMN_USAGE where TABLE_NAME = 'subscriptions' AND CONSTRAINT_NAME!='PRIMARY' AND CONSTRAINT_SCHEMA='pdflab' AND REFERENCED_TABLE_NAME IS NOT NULL;
Executing (default): SELECT CONSTRAINT_CATALOG AS constraintCatalog, CONSTRAINT_NAME AS constraintName, CONSTRAINT_SCHEMA AS constraintSchema, CONSTRAINT_TYPE AS constraintType, TABLE_NAME AS tableName, TABLE_SCHEMA AS tableSchema from INFORMATION_SCHEMA.TABLE_CONSTRAINTS WHERE table_name='subscriptions' AND constraint_name = 'subscriptions_ibfk_1' AND TABLE_SCHEMA = 'pdflab';
Executing (default): ALTER TABLE `subscriptions` DROP FOREIGN KEY `subscriptions_ibfk_1`;
Executing (default): ALTER TABLE `subscriptions` ADD FOREIGN KEY (`user_id`) REFERENCES `users` (`id`) ON DELETE CASCADE ON UPDATE CASCADE;
Executing (default): ALTER TABLE `subscriptions` CHANGE `plan` `plan` ENUM('free', 'starter', 'pro', 'enterprise') NOT NULL DEFAULT 'free';
Executing (default): ALTER TABLE `subscriptions` CHANGE `status` `status` ENUM('active', 'canceled', 'past_due', 'trialing', 'pending') NOT NULL DEFAULT 'pending';
Executing (default): ALTER TABLE `subscriptions` CHANGE `payfast_token` `payfast_token` VARCHAR(255) COMMENT 'PayFast subscription token for recurring payments';
Executing (default): ALTER TABLE `subscriptions` CHANGE `payfast_subscription_id` `payfast_subscription_id` VARCHAR(255) COMMENT 'PayFast subscription ID';
Executing (default): ALTER TABLE `subscriptions` CHANGE `amount` `amount` DECIMAL(10,2) NOT NULL COMMENT 'Subscription amount in currency';
Executing (default): ALTER TABLE `subscriptions` CHANGE `currency` `currency` VARCHAR(3) NOT NULL DEFAULT 'USD' COMMENT 'Currency code (USD for United States Dollar)';
Executing (default): ALTER TABLE `subscriptions` CHANGE `billing_date` `billing_date` DATETIME COMMENT 'First billing date';
Executing (default): ALTER TABLE `subscriptions` CHANGE `next_billing_date` `next_billing_date` DATETIME COMMENT 'Next billing date for recurring subscription';
Executing (default): ALTER TABLE `subscriptions` CHANGE `cancel_at` `cancel_at` DATETIME COMMENT 'Scheduled cancellation date';
Executing (default): ALTER TABLE `subscriptions` CHANGE `canceled_at` `canceled_at` DATETIME COMMENT 'Actual cancellation timestamp';
Executing (default): ALTER TABLE `subscriptions` CHANGE `trial_end` `trial_end` DATETIME COMMENT 'Trial period end date';
Executing (default): ALTER TABLE `subscriptions` CHANGE `started_at` `started_at` DATETIME NOT NULL COMMENT 'Subscription start date';
Executing (default): ALTER TABLE `subscriptions` CHANGE `ended_at` `ended_at` DATETIME COMMENT 'Subscription end date (if canceled)';
Executing (default): ALTER TABLE `subscriptions` CHANGE `created_at` `created_at` DATETIME NOT NULL;
Executing (default): ALTER TABLE `subscriptions` CHANGE `updated_at` `updated_at` DATETIME NOT NULL;
Executing (default): SHOW INDEX FROM `subscriptions` FROM `pdflab`
Executing (default): SELECT TABLE_NAME FROM INFORMATION_SCHEMA.TABLES WHERE TABLE_TYPE = 'BASE TABLE' AND TABLE_NAME = 'payment_logs' AND TABLE_SCHEMA = 'pdflab'
Executing (default): SHOW FULL COLUMNS FROM `payment_logs`;
Executing (default): SELECT CONSTRAINT_NAME as constraint_name,CONSTRAINT_NAME as constraintName,CONSTRAINT_SCHEMA as constraintSchema,CONSTRAINT_SCHEMA as constraintCatalog,TABLE_NAME as tableName,TABLE_SCHEMA as tableSchema,TABLE_SCHEMA as tableCatalog,COLUMN_NAME as columnName,REFERENCED_TABLE_SCHEMA as referencedTableSchema,REFERENCED_TABLE_SCHEMA as referencedTableCatalog,REFERENCED_TABLE_NAME as referencedTableName,REFERENCED_COLUMN_NAME as referencedColumnName FROM INFORMATION_SCHEMA.KEY_COLUMN_USAGE where TABLE_NAME = 'payment_logs' AND CONSTRAINT_NAME!='PRIMARY' AND CONSTRAINT_SCHEMA='pdflab' AND REFERENCED_TABLE_NAME IS NOT NULL;
Executing (default): SELECT CONSTRAINT_CATALOG AS constraintCatalog, CONSTRAINT_NAME AS constraintName, CONSTRAINT_SCHEMA AS constraintSchema, CONSTRAINT_TYPE AS constraintType, TABLE_NAME AS tableName, TABLE_SCHEMA AS tableSchema from INFORMATION_SCHEMA.TABLE_CONSTRAINTS WHERE table_name='payment_logs' AND constraint_name = 'payment_logs_ibfk_75' AND TABLE_SCHEMA = 'pdflab';
Executing (default): ALTER TABLE `payment_logs` DROP FOREIGN KEY `payment_logs_ibfk_75`;
Executing (default): ALTER TABLE `payment_logs` ADD FOREIGN KEY (`user_id`) REFERENCES `users` (`id`) ON DELETE CASCADE ON UPDATE CASCADE;
Executing (default): SELECT CONSTRAINT_CATALOG AS constraintCatalog, CONSTRAINT_NAME AS constraintName, CONSTRAINT_SCHEMA AS constraintSchema, CONSTRAINT_TYPE AS constraintType, TABLE_NAME AS tableName, TABLE_SCHEMA AS tableSchema from INFORMATION_SCHEMA.TABLE_CONSTRAINTS WHERE table_name='payment_logs' AND constraint_name = 'payment_logs_ibfk_76' AND TABLE_SCHEMA = 'pdflab';
Executing (default): ALTER TABLE `payment_logs` DROP FOREIGN KEY `payment_logs_ibfk_76`;
Executing (default): ALTER TABLE `payment_logs` ADD FOREIGN KEY (`subscription_id`) REFERENCES `subscriptions` (`id`) ON DELETE SET NULL ON UPDATE CASCADE;
Executing (default): ALTER TABLE `payment_logs` CHANGE `transaction_id` `transaction_id` VARCHAR(255) NOT NULL UNIQUE COMMENT 'Our internal transaction ID (m_payment_id)';
Executing (default): ALTER TABLE `payment_logs` CHANGE `payfast_payment_id` `payfast_payment_id` VARCHAR(255) COMMENT 'PayFast payment ID (pf_payment_id)';
Executing (default): ALTER TABLE `payment_logs` CHANGE `payment_type` `payment_type` ENUM('subscription', 'subscription_payment', 'one_time', 'refund') NOT NULL DEFAULT 'one_time';
Executing (default): ALTER TABLE `payment_logs` CHANGE `status` `status` ENUM('complete', 'failed', 'pending', 'cancelled') NOT NULL DEFAULT 'pending';
Executing (default): ALTER TABLE `payment_logs` CHANGE `amount_gross` `amount_gross` DECIMAL(10,2) NOT NULL COMMENT 'Gross amount before fees';
Executing (default): ALTER TABLE `payment_logs` CHANGE `amount_fee` `amount_fee` DECIMAL(10,2) NOT NULL DEFAULT 0 COMMENT 'PayFast processing fee';
Executing (default): ALTER TABLE `payment_logs` CHANGE `amount_net` `amount_net` DECIMAL(10,2) NOT NULL COMMENT 'Net amount after fees';
Executing (default): ALTER TABLE `payment_logs` CHANGE `currency` `currency` VARCHAR(3) NOT NULL DEFAULT 'USD';
Executing (default): ALTER TABLE `payment_logs` CHANGE `plan` `plan` VARCHAR(50) NOT NULL COMMENT 'Plan name (free, starter, pro, enterprise)';
Executing (default): ALTER TABLE `payment_logs` CHANGE `payment_method` `payment_method` VARCHAR(50) COMMENT 'Payment method used (eft, credit_card, etc.)';
Executing (default): ALTER TABLE `payment_logs` CHANGE `name_first` `name_first` VARCHAR(255) NOT NULL;
Executing (default): ALTER TABLE `payment_logs` CHANGE `name_last` `name_last` VARCHAR(255);
Executing (default): ALTER TABLE `payment_logs` CHANGE `email_address` `email_address` VARCHAR(255) NOT NULL;
Executing (default): ALTER TABLE `payment_logs` CHANGE `item_name` `item_name` VARCHAR(255) NOT NULL;
Executing (default): ALTER TABLE `payment_logs` CHANGE `item_description` `item_description` TEXT;
Executing (default): ALTER TABLE `payment_logs` CHANGE `custom_data` `custom_data` JSON COMMENT 'Custom data sent to PayFast';
Executing (default): ALTER TABLE `payment_logs` CHANGE `itn_data` `itn_data` JSON COMMENT 'Full ITN notification data from PayFast';
Executing (default): ALTER TABLE `payment_logs` CHANGE `error_message` `error_message` TEXT COMMENT 'Error message if payment failed';
Executing (default): ALTER TABLE `payment_logs` CHANGE `processed_at` `processed_at` DATETIME COMMENT 'When the payment was processed';
Executing (default): ALTER TABLE `payment_logs` CHANGE `created_at` `created_at` DATETIME NOT NULL;
Executing (default): ALTER TABLE `payment_logs` CHANGE `updated_at` `updated_at` DATETIME NOT NULL;
Executing (default): SHOW INDEX FROM `payment_logs` FROM `pdflab`
Executing (default): SELECT TABLE_NAME FROM INFORMATION_SCHEMA.TABLES WHERE TABLE_TYPE = 'BASE TABLE' AND TABLE_NAME = 'password_history' AND TABLE_SCHEMA = 'pdflab'
Executing (default): SHOW FULL COLUMNS FROM `password_history`;
Executing (default): SELECT CONSTRAINT_NAME as constraint_name,CONSTRAINT_NAME as constraintName,CONSTRAINT_SCHEMA as constraintSchema,CONSTRAINT_SCHEMA as constraintCatalog,TABLE_NAME as tableName,TABLE_SCHEMA as tableSchema,TABLE_SCHEMA as tableCatalog,COLUMN_NAME as columnName,REFERENCED_TABLE_SCHEMA as referencedTableSchema,REFERENCED_TABLE_SCHEMA as referencedTableCatalog,REFERENCED_TABLE_NAME as referencedTableName,REFERENCED_COLUMN_NAME as referencedColumnName FROM INFORMATION_SCHEMA.KEY_COLUMN_USAGE where TABLE_NAME = 'password_history' AND CONSTRAINT_NAME!='PRIMARY' AND CONSTRAINT_SCHEMA='pdflab' AND REFERENCED_TABLE_NAME IS NOT NULL;
Executing (default): SELECT CONSTRAINT_CATALOG AS constraintCatalog, CONSTRAINT_NAME AS constraintName, CONSTRAINT_SCHEMA AS constraintSchema, CONSTRAINT_TYPE AS constraintType, TABLE_NAME AS tableName, TABLE_SCHEMA AS tableSchema from INFORMATION_SCHEMA.TABLE_CONSTRAINTS WHERE table_name='password_history' AND constraint_name = 'password_history_ibfk_1' AND TABLE_SCHEMA = 'pdflab';
Executing (default): ALTER TABLE `password_history` DROP FOREIGN KEY `password_history_ibfk_1`;
Executing (default): ALTER TABLE `password_history` ADD FOREIGN KEY (`user_id`) REFERENCES `users` (`id`) ON DELETE CASCADE ON UPDATE CASCADE;
Executing (default): ALTER TABLE `password_history` CHANGE `password_hash` `password_hash` VARCHAR(255) NOT NULL;
Executing (default): ALTER TABLE `password_history` CHANGE `created_at` `created_at` DATETIME NOT NULL;
Executing (default): SHOW INDEX FROM `password_history` FROM `pdflab`
✓ Database synchronized successfully
✓ Redis client connected
🔧 Initializing Bull queues...
  Creating conversion queue...
  ✓ Conversion queue created
  Creating cleanup queue...
  ✓ Cleanup queue created
✓ Bull queues initialized
✓ Initializing conversion worker...
✓ Initializing cleanup worker...
✓ Job workers initialized
[Quota Reset] Initializing monthly quota reset cron job...
[Quota Reset] Schedule: 0 0 1 * * (1st of month at midnight)
✓ Quota reset cron job initialized and scheduled
✓ Next reset: 2025-12-01T00:00:00.000-05:00
✓ Monthly quota reset scheduled
✓ PDFLab API Server running
✓ Environment: development
✓ Port: 3006
✓ Health check: http://localhost:3006/health
✓ API endpoint: http://localhost:3006/api
[Guest Quota] Validating: {
  sessionId: 'guest_2d197c05-773f-4f11-b13b-ca146f267fc1',
  ipAddress: '::1'
}
[Guest Quota] Validation result: {
  allowed: true,
  session: {
    sessionId: 'guest_2d197c05-773f-4f11-b13b-ca146f267fc1',
    createdAt: 2025-11-03T19:51:53.581Z,
    conversionsUsed: 0,
    ipAddress: '::1'
  }
}
[Guest Quota] Allowed - proceeding
[Upload] user: none
[Upload] guestSession: exists
[Upload] isGuest: true
[0mPOST /api/upload [33m403[0m 23.996 ms - 461[0m
[Guest Quota] Validating: {
  sessionId: 'guest_3dc50a89-e4de-46f9-8d45-c0b9511f28f7',
  ipAddress: '::1'
}
[Guest Quota] Validation result: {
  allowed: true,
  session: {
    sessionId: 'guest_3dc50a89-e4de-46f9-8d45-c0b9511f28f7',
    createdAt: 2025-11-03T19:52:09.549Z,
    conversionsUsed: 0,
    ipAddress: '::1'
  }
}
[Guest Quota] Allowed - proceeding
[Upload] user: none
[Upload] guestSession: exists
[Upload] isGuest: true
Executing (default): INSERT INTO `conversion_jobs` (`id`,`user_id`,`type`,`status`,`progress`,`input_file`,`file_name`,`file_size`,`estimated_time`,`created_at`,`updated_at`,`expires_at`) VALUES (?,?,?,?,?,?,?,?,?,?,?,?);
Executing (default): UPDATE `conversion_jobs` SET `status`=?,`updated_at`=? WHERE `id` = ?
[Conversion Worker] Processing job 0cbd586e-6d87-4b2f-8e64-29446176839e for user null
Executing (default): SELECT `id`, `user_id`, `type`, `status`, `progress`, `input_file`, `output_file`, `file_name`, `file_size`, `cloudconvert_job_id`, `error_message`, `estimated_time`, `processing_started_at`, `processing_completed_at`, `created_at`, `updated_at`, `expires_at`, `created_at` AS `createdAt`, `updated_at` AS `updatedAt` FROM `conversion_jobs` AS `ConversionJob` WHERE `ConversionJob`.`id` = '0cbd586e-6d87-4b2f-8e64-29446176839e';
Executing (default): UPDATE `conversion_jobs` SET `status`=?,`processing_started_at`=?,`progress`=?,`updated_at`=? WHERE `id` = ?
[ANALYTICS] {"timestamp":"2025-11-03T19:52:09.684Z","event":"guest_file_upload","guestSessionId":"guest_3dc50a89-e4de-46f9-8d45-c0b9511f28f7","isGuest":true,"properties":{"job_id":"0cbd586e-6d87-4b2f-8e64-29446176839e","conversion_type":"pdf_to_pptx","file_size":13264,"file_name":"test-sample.pdf","funnel_step":"guest_upload"},"ipAddress":"::1","userAgent":"curl/8.12.1"}
[0mPOST /api/upload [32m201[0m 130.879 ms - 412[0m
[Conversion Worker] Starting CloudConvert for job 0cbd586e-6d87-4b2f-8e64-29446176839e
CloudConvert job created: 68a398b7-5280-46c1-98f9-7d6fce1b4955
File uploaded to CloudConvert: C:\Users\Mac\OneDrive\Desktop\Projects\PDFLab\backend\storage\uploads\guest\293383fd-08c9-487f-baa8-3aa66909d640\1762199529566-test-sample.pdf
CloudConvert job completed: 68a398b7-5280-46c1-98f9-7d6fce1b4955
Converted file downloaded: C:\Users\Mac\OneDrive\Desktop\Projects\PDFLab\backend\storage\outputs\guest\0cbd586e-6d87-4b2f-8e64-29446176839e\test-sample.pptx
Executing (default): UPDATE `conversion_jobs` SET `status`=?,`output_file`=?,`progress`=?,`processing_completed_at`=?,`cloudconvert_job_id`=?,`updated_at`=? WHERE `id` = ?
[Conversion Worker] Job 0cbd586e-6d87-4b2f-8e64-29446176839e completed successfully in 3265ms
✓ Conversion job 51 completed: {
  success: true,
  output_file: 'C:\\Users\\Mac\\OneDrive\\Desktop\\Projects\\PDFLab\\backend\\storage\\outputs\\guest\\0cbd586e-6d87-4b2f-8e64-29446176839e\\test-sample.pptx',
  processing_time: 3265
}
[Guest Quota] Validating: {
  sessionId: 'guest_f25a6db8-eabe-4f81-8b9e-50fe71b42a94',
  ipAddress: '::1'
}
[Guest Quota] Validation result: {
  allowed: true,
  session: {
    sessionId: 'guest_f25a6db8-eabe-4f81-8b9e-50fe71b42a94',
    createdAt: 2025-11-03T19:52:25.344Z,
    conversionsUsed: 0,
    ipAddress: '::1'
  }
}
[Guest Quota] Allowed - proceeding
[Upload] user: none
[Upload] guestSession: exists
[Upload] isGuest: true
[0mPOST /api/upload [33m403[0m 10.621 ms - 461[0m
[Guest Quota] Validating: {
  sessionId: 'guest_ea79bdd4-fed0-4535-838b-cfb46de27315',
  ipAddress: '::1'
}
[Guest Quota] Validation result: {
  allowed: true,
  session: {
    sessionId: 'guest_ea79bdd4-fed0-4535-838b-cfb46de27315',
    createdAt: 2025-11-03T19:52:33.394Z,
    conversionsUsed: 0,
    ipAddress: '::1'
  }
}
[Guest Quota] Allowed - proceeding
[Upload] user: none
[Upload] guestSession: exists
[Upload] isGuest: true
Executing (default): INSERT INTO `conversion_jobs` (`id`,`user_id`,`type`,`status`,`progress`,`input_file`,`file_name`,`file_size`,`estimated_time`,`created_at`,`updated_at`,`expires_at`) VALUES (?,?,?,?,?,?,?,?,?,?,?,?);
Executing (default): UPDATE `conversion_jobs` SET `status`=?,`updated_at`=? WHERE `id` = ?
[Conversion Worker] Processing job 7e29067c-5177-4df6-8ead-af19d931d7a7 for user null
Executing (default): SELECT `id`, `user_id`, `type`, `status`, `progress`, `input_file`, `output_file`, `file_name`, `file_size`, `cloudconvert_job_id`, `error_message`, `estimated_time`, `processing_started_at`, `processing_completed_at`, `created_at`, `updated_at`, `expires_at`, `created_at` AS `createdAt`, `updated_at` AS `updatedAt` FROM `conversion_jobs` AS `ConversionJob` WHERE `ConversionJob`.`id` = '7e29067c-5177-4df6-8ead-af19d931d7a7';
Executing (default): UPDATE `conversion_jobs` SET `status`=?,`processing_started_at`=?,`progress`=?,`updated_at`=? WHERE `id` = ?
[ANALYTICS] {"timestamp":"2025-11-03T19:52:33.472Z","event":"guest_file_upload","guestSessionId":"guest_ea79bdd4-fed0-4535-838b-cfb46de27315","isGuest":true,"properties":{"job_id":"7e29067c-5177-4df6-8ead-af19d931d7a7","conversion_type":"pdf_to_docx","file_size":13264,"file_name":"test-sample.pdf","funnel_step":"guest_upload"},"ipAddress":"::1","userAgent":"curl/8.12.1"}
[0mPOST /api/upload [32m201[0m 73.849 ms - 412[0m
[Conversion Worker] Starting CloudConvert for job 7e29067c-5177-4df6-8ead-af19d931d7a7
CloudConvert job created: 1068063c-7398-4c46-bc31-8238e2c6211f
File uploaded to CloudConvert: C:\Users\Mac\OneDrive\Desktop\Projects\PDFLab\backend\storage\uploads\guest\4d05c9b0-67f0-48ea-a4c2-38bbe37bbaa3\1762199553406-test-sample.pdf
CloudConvert job completed: 1068063c-7398-4c46-bc31-8238e2c6211f
Converted file downloaded: C:\Users\Mac\OneDrive\Desktop\Projects\PDFLab\backend\storage\outputs\guest\7e29067c-5177-4df6-8ead-af19d931d7a7\test-sample.docx
Executing (default): UPDATE `conversion_jobs` SET `status`=?,`output_file`=?,`progress`=?,`processing_completed_at`=?,`cloudconvert_job_id`=?,`updated_at`=? WHERE `id` = ?
[Conversion Worker] Job 7e29067c-5177-4df6-8ead-af19d931d7a7 completed successfully in 2710ms
✓ Conversion job 52 completed: {
  success: true,
  output_file: 'C:\\Users\\Mac\\OneDrive\\Desktop\\Projects\\PDFLab\\backend\\storage\\outputs\\guest\\7e29067c-5177-4df6-8ead-af19d931d7a7\\test-sample.docx',
  processing_time: 2710
}
[Cleanup Worker] Processing cleanup for job dcefe5a2-6b90-414f-b36c-825cbab91bf2
Executing (default): SELECT `id`, `user_id`, `type`, `status`, `progress`, `input_file`, `output_file`, `file_name`, `file_size`, `cloudconvert_job_id`, `error_message`, `estimated_time`, `processing_started_at`, `processing_completed_at`, `created_at`, `updated_at`, `expires_at`, `created_at` AS `createdAt`, `updated_at` AS `updatedAt` FROM `conversion_jobs` AS `ConversionJob` WHERE `ConversionJob`.`id` = 'dcefe5a2-6b90-414f-b36c-825cbab91bf2';
[Cleanup Worker] Deleted upload directory: C:\Users\Mac\OneDrive\Desktop\Projects\PDFLab\backend\storage\uploads\guest\dcefe5a2-6b90-414f-b36c-825cbab91bf2
[Cleanup Worker] Deleted output directory: C:\Users\Mac\OneDrive\Desktop\Projects\PDFLab\backend\storage\outputs\guest\dcefe5a2-6b90-414f-b36c-825cbab91bf2
[Cleanup Worker] Cleanup completed for job dcefe5a2-6b90-414f-b36c-825cbab91bf2, deleted 2 directories
✓ Cleanup job 40 completed: {
  deleted: true,
  files_deleted: 2,
  job_id: 'dcefe5a2-6b90-414f-b36c-825cbab91bf2'
}
22:06:05 [tsx] change in ./src\controllers\conversion.controller.ts Rerunning...
c⚠ Email service not configured - missing SMTP credentials
  Emails will be logged to console only (development mode)
🚀 Starting PDFLab Backend API...
Executing (default): SELECT 1+1 AS result
✓ Database connection established successfully
Executing (default): SELECT TABLE_NAME FROM INFORMATION_SCHEMA.TABLES WHERE TABLE_TYPE = 'BASE TABLE' AND TABLE_NAME = 'users' AND TABLE_SCHEMA = 'pdflab'
Executing (default): SHOW FULL COLUMNS FROM `users`;
Executing (default): SELECT CONSTRAINT_NAME as constraint_name,CONSTRAINT_NAME as constraintName,CONSTRAINT_SCHEMA as constraintSchema,CONSTRAINT_SCHEMA as constraintCatalog,TABLE_NAME as tableName,TABLE_SCHEMA as tableSchema,TABLE_SCHEMA as tableCatalog,COLUMN_NAME as columnName,REFERENCED_TABLE_SCHEMA as referencedTableSchema,REFERENCED_TABLE_SCHEMA as referencedTableCatalog,REFERENCED_TABLE_NAME as referencedTableName,REFERENCED_COLUMN_NAME as referencedColumnName FROM INFORMATION_SCHEMA.KEY_COLUMN_USAGE where TABLE_NAME = 'users' AND CONSTRAINT_NAME!='PRIMARY' AND CONSTRAINT_SCHEMA='pdflab' AND REFERENCED_TABLE_NAME IS NOT NULL;
Executing (default): ALTER TABLE `users` CHANGE `email` `email` VARCHAR(255) NOT NULL UNIQUE;
Executing (default): ALTER TABLE `users` CHANGE `password_hash` `password_hash` VARCHAR(255) NOT NULL;
Executing (default): ALTER TABLE `users` CHANGE `name` `name` VARCHAR(255);
Executing (default): ALTER TABLE `users` CHANGE `role` `role` ENUM('user', 'support', 'finance', 'admin', 'super_admin') NOT NULL DEFAULT 'user';
Executing (default): ALTER TABLE `users` CHANGE `plan` `plan` ENUM('free', 'starter', 'pro', 'enterprise') NOT NULL DEFAULT 'free';
Executing (default): ALTER TABLE `users` CHANGE `conversions_used` `conversions_used` INTEGER NOT NULL DEFAULT 0;
Executing (default): ALTER TABLE `users` CHANGE `conversions_limit` `conversions_limit` INTEGER NOT NULL DEFAULT 3;
Executing (default): ALTER TABLE `users` CHANGE `stripe_customer_id` `stripe_customer_id` VARCHAR(255);
Executing (default): ALTER TABLE `users` CHANGE `subscription_id` `subscription_id` VARCHAR(255);
Executing (default): ALTER TABLE `users` CHANGE `subscription_status` `subscription_status` ENUM('active', 'canceled', 'past_due', 'trialing');
Executing (default): ALTER TABLE `users` CHANGE `subscription_end_date` `subscription_end_date` DATETIME;
Executing (default): ALTER TABLE `users` CHANGE `failed_reset_attempts` `failed_reset_attempts` INTEGER NOT NULL DEFAULT 0;
Executing (default): ALTER TABLE `users` CHANGE `reset_locked_until` `reset_locked_until` DATETIME;
Executing (default): ALTER TABLE `users` CHANGE `created_at` `created_at` DATETIME NOT NULL;
Executing (default): ALTER TABLE `users` CHANGE `updated_at` `updated_at` DATETIME NOT NULL;
Executing (default): ALTER TABLE `users` CHANGE `last_login` `last_login` DATETIME;
Executing (default): SHOW INDEX FROM `users` FROM `pdflab`
Executing (default): SELECT TABLE_NAME FROM INFORMATION_SCHEMA.TABLES WHERE TABLE_TYPE = 'BASE TABLE' AND TABLE_NAME = 'admin_audit_logs' AND TABLE_SCHEMA = 'pdflab'
Executing (default): SHOW FULL COLUMNS FROM `admin_audit_logs`;
Executing (default): SELECT CONSTRAINT_NAME as constraint_name,CONSTRAINT_NAME as constraintName,CONSTRAINT_SCHEMA as constraintSchema,CONSTRAINT_SCHEMA as constraintCatalog,TABLE_NAME as tableName,TABLE_SCHEMA as tableSchema,TABLE_SCHEMA as tableCatalog,COLUMN_NAME as columnName,REFERENCED_TABLE_SCHEMA as referencedTableSchema,REFERENCED_TABLE_SCHEMA as referencedTableCatalog,REFERENCED_TABLE_NAME as referencedTableName,REFERENCED_COLUMN_NAME as referencedColumnName FROM INFORMATION_SCHEMA.KEY_COLUMN_USAGE where TABLE_NAME = 'admin_audit_logs' AND CONSTRAINT_NAME!='PRIMARY' AND CONSTRAINT_SCHEMA='pdflab' AND REFERENCED_TABLE_NAME IS NOT NULL;
Executing (default): SELECT CONSTRAINT_CATALOG AS constraintCatalog, CONSTRAINT_NAME AS constraintName, CONSTRAINT_SCHEMA AS constraintSchema, CONSTRAINT_TYPE AS constraintType, TABLE_NAME AS tableName, TABLE_SCHEMA AS tableSchema from INFORMATION_SCHEMA.TABLE_CONSTRAINTS WHERE table_name='admin_audit_logs' AND constraint_name = 'admin_audit_logs_ibfk_1' AND TABLE_SCHEMA = 'pdflab';
Executing (default): ALTER TABLE `admin_audit_logs` DROP FOREIGN KEY `admin_audit_logs_ibfk_1`;
✗ Database sync failed: Error
    at Query.run (C:\Users\Mac\OneDrive\Desktop\Projects\PDFLab\backend\node_modules\sequelize\src\dialects\mysql\query.js:46:25)
    at <anonymous> (C:\Users\Mac\OneDrive\Desktop\Projects\PDFLab\backend\node_modules\sequelize\src\sequelize.js:650:28)
    at process.processTicksAndRejections (node:internal/process/task_queues:105:5)
    at async MySQLQueryInterface.removeConstraint (C:\Users\Mac\OneDrive\Desktop\Projects\PDFLab\backend\node_modules\sequelize\src\dialects\mysql\query-interface.js:86:12)
    at async Function.sync (C:\Users\Mac\OneDrive\Desktop\Projects\PDFLab\backend\node_modules\sequelize\src\model.js:1402:17)
    at async Sequelize.sync (C:\Users\Mac\OneDrive\Desktop\Projects\PDFLab\backend\node_modules\sequelize\src\sequelize.js:825:9)
    at async syncDatabase (C:\Users\Mac\OneDrive\Desktop\Projects\PDFLab\backend\src\config\database.ts:40:5)
    at async startServer (C:\Users\Mac\OneDrive\Desktop\Projects\PDFLab\backend\src\server.ts:236:7) {
  name: 'SequelizeDatabaseError',
  parent: Error: Can't DROP 'admin_audit_logs_ibfk_1'; check that column/key exists
      at Packet.asError (C:\Users\Mac\OneDrive\Desktop\Projects\PDFLab\backend\node_modules\mysql2\lib\packets\packet.js:740:17)
      at Query.execute (C:\Users\Mac\OneDrive\Desktop\Projects\PDFLab\backend\node_modules\mysql2\lib\commands\command.js:29:26)
      at Connection.handlePacket (C:\Users\Mac\OneDrive\Desktop\Projects\PDFLab\backend\node_modules\mysql2\lib\base\connection.js:477:34)
      at PacketParser.onPacket (C:\Users\Mac\OneDrive\Desktop\Projects\PDFLab\backend\node_modules\mysql2\lib\base\connection.js:93:12)
      at PacketParser.executeStart (C:\Users\Mac\OneDrive\Desktop\Projects\PDFLab\backend\node_modules\mysql2\lib\packet_parser.js:75:16)
      at Socket.<anonymous> (C:\Users\Mac\OneDrive\Desktop\Projects\PDFLab\backend\node_modules\mysql2\lib\base\connection.js:100:25)
      at Socket.emit (node:events:518:28)
      at addChunk (node:internal/streams/readable:561:12)
      at readableAddChunkPushByteMode (node:internal/streams/readable:512:3)
      at Readable.push (node:internal/streams/readable:392:5) {
    code: 'ER_CANT_DROP_FIELD_OR_KEY',
    errno: 1091,
    sqlState: '42000',
    sqlMessage: "Can't DROP 'admin_audit_logs_ibfk_1'; check that column/key exists",
    sql: 'ALTER TABLE `admin_audit_logs` DROP FOREIGN KEY `admin_audit_logs_ibfk_1`;',
    parameters: undefined
  },
  original: Error: Can't DROP 'admin_audit_logs_ibfk_1'; check that column/key exists
      at Packet.asError (C:\Users\Mac\OneDrive\Desktop\Projects\PDFLab\backend\node_modules\mysql2\lib\packets\packet.js:740:17)
      at Query.execute (C:\Users\Mac\OneDrive\Desktop\Projects\PDFLab\backend\node_modules\mysql2\lib\commands\command.js:29:26)
      at Connection.handlePacket (C:\Users\Mac\OneDrive\Desktop\Projects\PDFLab\backend\node_modules\mysql2\lib\base\connection.js:477:34)
      at PacketParser.onPacket (C:\Users\Mac\OneDrive\Desktop\Projects\PDFLab\backend\node_modules\mysql2\lib\base\connection.js:93:12)
      at PacketParser.executeStart (C:\Users\Mac\OneDrive\Desktop\Projects\PDFLab\backend\node_modules\mysql2\lib\packet_parser.js:75:16)
      at Socket.<anonymous> (C:\Users\Mac\OneDrive\Desktop\Projects\PDFLab\backend\node_modules\mysql2\lib\base\connection.js:100:25)
      at Socket.emit (node:events:518:28)
      at addChunk (node:internal/streams/readable:561:12)
      at readableAddChunkPushByteMode (node:internal/streams/readable:512:3)
      at Readable.push (node:internal/streams/readable:392:5) {
    code: 'ER_CANT_DROP_FIELD_OR_KEY',
    errno: 1091,
    sqlState: '42000',
    sqlMessage: "Can't DROP 'admin_audit_logs_ibfk_1'; check that column/key exists",
    sql: 'ALTER TABLE `admin_audit_logs` DROP FOREIGN KEY `admin_audit_logs_ibfk_1`;',
    parameters: undefined
  },
  sql: 'ALTER TABLE `admin_audit_logs` DROP FOREIGN KEY `admin_audit_logs_ibfk_1`;',
  parameters: {}
}
✗ Failed to start server: Error
    at Query.run (C:\Users\Mac\OneDrive\Desktop\Projects\PDFLab\backend\node_modules\sequelize\src\dialects\mysql\query.js:46:25)
    at <anonymous> (C:\Users\Mac\OneDrive\Desktop\Projects\PDFLab\backend\node_modules\sequelize\src\sequelize.js:650:28)
    at process.processTicksAndRejections (node:internal/process/task_queues:105:5)
    at async MySQLQueryInterface.removeConstraint (C:\Users\Mac\OneDrive\Desktop\Projects\PDFLab\backend\node_modules\sequelize\src\dialects\mysql\query-interface.js:86:12)
    at async Function.sync (C:\Users\Mac\OneDrive\Desktop\Projects\PDFLab\backend\node_modules\sequelize\src\model.js:1402:17)
    at async Sequelize.sync (C:\Users\Mac\OneDrive\Desktop\Projects\PDFLab\backend\node_modules\sequelize\src\sequelize.js:825:9)
    at async syncDatabase (C:\Users\Mac\OneDrive\Desktop\Projects\PDFLab\backend\src\config\database.ts:40:5)
    at async startServer (C:\Users\Mac\OneDrive\Desktop\Projects\PDFLab\backend\src\server.ts:236:7) {
  name: 'SequelizeDatabaseError',
  parent: Error: Can't DROP 'admin_audit_logs_ibfk_1'; check that column/key exists
      at Packet.asError (C:\Users\Mac\OneDrive\Desktop\Projects\PDFLab\backend\node_modules\mysql2\lib\packets\packet.js:740:17)
      at Query.execute (C:\Users\Mac\OneDrive\Desktop\Projects\PDFLab\backend\node_modules\mysql2\lib\commands\command.js:29:26)
      at Connection.handlePacket (C:\Users\Mac\OneDrive\Desktop\Projects\PDFLab\backend\node_modules\mysql2\lib\base\connection.js:477:34)
      at PacketParser.onPacket (C:\Users\Mac\OneDrive\Desktop\Projects\PDFLab\backend\node_modules\mysql2\lib\base\connection.js:93:12)
      at PacketParser.executeStart (C:\Users\Mac\OneDrive\Desktop\Projects\PDFLab\backend\node_modules\mysql2\lib\packet_parser.js:75:16)
      at Socket.<anonymous> (C:\Users\Mac\OneDrive\Desktop\Projects\PDFLab\backend\node_modules\mysql2\lib\base\connection.js:100:25)
      at Socket.emit (node:events:518:28)
      at addChunk (node:internal/streams/readable:561:12)
      at readableAddChunkPushByteMode (node:internal/streams/readable:512:3)
      at Readable.push (node:internal/streams/readable:392:5) {
    code: 'ER_CANT_DROP_FIELD_OR_KEY',
    errno: 1091,
    sqlState: '42000',
    sqlMessage: "Can't DROP 'admin_audit_logs_ibfk_1'; check that column/key exists",
    sql: 'ALTER TABLE `admin_audit_logs` DROP FOREIGN KEY `admin_audit_logs_ibfk_1`;',
    parameters: undefined
  },
  original: Error: Can't DROP 'admin_audit_logs_ibfk_1'; check that column/key exists
      at Packet.asError (C:\Users\Mac\OneDrive\Desktop\Projects\PDFLab\backend\node_modules\mysql2\lib\packets\packet.js:740:17)
      at Query.execute (C:\Users\Mac\OneDrive\Desktop\Projects\PDFLab\backend\node_modules\mysql2\lib\commands\command.js:29:26)
      at Connection.handlePacket (C:\Users\Mac\OneDrive\Desktop\Projects\PDFLab\backend\node_modules\mysql2\lib\base\connection.js:477:34)
      at PacketParser.onPacket (C:\Users\Mac\OneDrive\Desktop\Projects\PDFLab\backend\node_modules\mysql2\lib\base\connection.js:93:12)
      at PacketParser.executeStart (C:\Users\Mac\OneDrive\Desktop\Projects\PDFLab\backend\node_modules\mysql2\lib\packet_parser.js:75:16)
      at Socket.<anonymous> (C:\Users\Mac\OneDrive\Desktop\Projects\PDFLab\backend\node_modules\mysql2\lib\base\connection.js:100:25)
      at Socket.emit (node:events:518:28)
      at addChunk (node:internal/streams/readable:561:12)
      at readableAddChunkPushByteMode (node:internal/streams/readable:512:3)
      at Readable.push (node:internal/streams/readable:392:5) {
    code: 'ER_CANT_DROP_FIELD_OR_KEY',
    errno: 1091,
    sqlState: '42000',
    sqlMessage: "Can't DROP 'admin_audit_logs_ibfk_1'; check that column/key exists",
    sql: 'ALTER TABLE `admin_audit_logs` DROP FOREIGN KEY `admin_audit_logs_ibfk_1`;',
    parameters: undefined
  },
  sql: 'ALTER TABLE `admin_audit_logs` DROP FOREIGN KEY `admin_audit_logs_ibfk_1`;',
  parameters: {}
}
22:10:25 [tsx] change in ./src\controllers\conversion.controller.ts Rerunning...
c⚠ Email service not configured - missing SMTP credentials
  Emails will be logged to console only (development mode)
🚀 Starting PDFLab Backend API...
Executing (default): SELECT 1+1 AS result
✓ Database connection established successfully
Executing (default): SELECT TABLE_NAME FROM INFORMATION_SCHEMA.TABLES WHERE TABLE_TYPE = 'BASE TABLE' AND TABLE_NAME = 'users' AND TABLE_SCHEMA = 'pdflab'
Executing (default): SHOW FULL COLUMNS FROM `users`;
Executing (default): SELECT CONSTRAINT_NAME as constraint_name,CONSTRAINT_NAME as constraintName,CONSTRAINT_SCHEMA as constraintSchema,CONSTRAINT_SCHEMA as constraintCatalog,TABLE_NAME as tableName,TABLE_SCHEMA as tableSchema,TABLE_SCHEMA as tableCatalog,COLUMN_NAME as columnName,REFERENCED_TABLE_SCHEMA as referencedTableSchema,REFERENCED_TABLE_SCHEMA as referencedTableCatalog,REFERENCED_TABLE_NAME as referencedTableName,REFERENCED_COLUMN_NAME as referencedColumnName FROM INFORMATION_SCHEMA.KEY_COLUMN_USAGE where TABLE_NAME = 'users' AND CONSTRAINT_NAME!='PRIMARY' AND CONSTRAINT_SCHEMA='pdflab' AND REFERENCED_TABLE_NAME IS NOT NULL;
Executing (default): ALTER TABLE `users` CHANGE `email` `email` VARCHAR(255) NOT NULL UNIQUE;
✗ Database sync failed: Error
    at Query.run (C:\Users\Mac\OneDrive\Desktop\Projects\PDFLab\backend\node_modules\sequelize\src\dialects\mysql\query.js:46:25)
    at <anonymous> (C:\Users\Mac\OneDrive\Desktop\Projects\PDFLab\backend\node_modules\sequelize\src\sequelize.js:650:28)
    at process.processTicksAndRejections (node:internal/process/task_queues:105:5)
    at async Function.sync (C:\Users\Mac\OneDrive\Desktop\Projects\PDFLab\backend\node_modules\sequelize\src\model.js:1408:11)
    at async Sequelize.sync (C:\Users\Mac\OneDrive\Desktop\Projects\PDFLab\backend\node_modules\sequelize\src\sequelize.js:825:9)
    at async syncDatabase (C:\Users\Mac\OneDrive\Desktop\Projects\PDFLab\backend\src\config\database.ts:40:5)
    at async startServer (C:\Users\Mac\OneDrive\Desktop\Projects\PDFLab\backend\src\server.ts:236:7) {
  name: 'SequelizeDatabaseError',
  parent: Error: Too many keys specified; max 64 keys allowed
      at Packet.asError (C:\Users\Mac\OneDrive\Desktop\Projects\PDFLab\backend\node_modules\mysql2\lib\packets\packet.js:740:17)
      at Query.execute (C:\Users\Mac\OneDrive\Desktop\Projects\PDFLab\backend\node_modules\mysql2\lib\commands\command.js:29:26)
      at Connection.handlePacket (C:\Users\Mac\OneDrive\Desktop\Projects\PDFLab\backend\node_modules\mysql2\lib\base\connection.js:477:34)
      at PacketParser.onPacket (C:\Users\Mac\OneDrive\Desktop\Projects\PDFLab\backend\node_modules\mysql2\lib\base\connection.js:93:12)
      at PacketParser.executeStart (C:\Users\Mac\OneDrive\Desktop\Projects\PDFLab\backend\node_modules\mysql2\lib\packet_parser.js:75:16)
      at Socket.<anonymous> (C:\Users\Mac\OneDrive\Desktop\Projects\PDFLab\backend\node_modules\mysql2\lib\base\connection.js:100:25)
      at Socket.emit (node:events:518:28)
      at addChunk (node:internal/streams/readable:561:12)
      at readableAddChunkPushByteMode (node:internal/streams/readable:512:3)
      at Readable.push (node:internal/streams/readable:392:5) {
    code: 'ER_TOO_MANY_KEYS',
    errno: 1069,
    sqlState: '42000',
    sqlMessage: 'Too many keys specified; max 64 keys allowed',
    sql: 'ALTER TABLE `users` CHANGE `email` `email` VARCHAR(255) NOT NULL UNIQUE;',
    parameters: undefined
  },
  original: Error: Too many keys specified; max 64 keys allowed
      at Packet.asError (C:\Users\Mac\OneDrive\Desktop\Projects\PDFLab\backend\node_modules\mysql2\lib\packets\packet.js:740:17)
      at Query.execute (C:\Users\Mac\OneDrive\Desktop\Projects\PDFLab\backend\node_modules\mysql2\lib\commands\command.js:29:26)
      at Connection.handlePacket (C:\Users\Mac\OneDrive\Desktop\Projects\PDFLab\backend\node_modules\mysql2\lib\base\connection.js:477:34)
      at PacketParser.onPacket (C:\Users\Mac\OneDrive\Desktop\Projects\PDFLab\backend\node_modules\mysql2\lib\base\connection.js:93:12)
      at PacketParser.executeStart (C:\Users\Mac\OneDrive\Desktop\Projects\PDFLab\backend\node_modules\mysql2\lib\packet_parser.js:75:16)
      at Socket.<anonymous> (C:\Users\Mac\OneDrive\Desktop\Projects\PDFLab\backend\node_modules\mysql2\lib\base\connection.js:100:25)
      at Socket.emit (node:events:518:28)
      at addChunk (node:internal/streams/readable:561:12)
      at readableAddChunkPushByteMode (node:internal/streams/readable:512:3)
      at Readable.push (node:internal/streams/readable:392:5) {
    code: 'ER_TOO_MANY_KEYS',
    errno: 1069,
    sqlState: '42000',
    sqlMessage: 'Too many keys specified; max 64 keys allowed',
    sql: 'ALTER TABLE `users` CHANGE `email` `email` VARCHAR(255) NOT NULL UNIQUE;',
    parameters: undefined
  },
  sql: 'ALTER TABLE `users` CHANGE `email` `email` VARCHAR(255) NOT NULL UNIQUE;',
  parameters: {}
}
✗ Failed to start server: Error
    at Query.run (C:\Users\Mac\OneDrive\Desktop\Projects\PDFLab\backend\node_modules\sequelize\src\dialects\mysql\query.js:46:25)
    at <anonymous> (C:\Users\Mac\OneDrive\Desktop\Projects\PDFLab\backend\node_modules\sequelize\src\sequelize.js:650:28)
    at process.processTicksAndRejections (node:internal/process/task_queues:105:5)
    at async Function.sync (C:\Users\Mac\OneDrive\Desktop\Projects\PDFLab\backend\node_modules\sequelize\src\model.js:1408:11)
    at async Sequelize.sync (C:\Users\Mac\OneDrive\Desktop\Projects\PDFLab\backend\node_modules\sequelize\src\sequelize.js:825:9)
    at async syncDatabase (C:\Users\Mac\OneDrive\Desktop\Projects\PDFLab\backend\src\config\database.ts:40:5)
    at async startServer (C:\Users\Mac\OneDrive\Desktop\Projects\PDFLab\backend\src\server.ts:236:7) {
  name: 'SequelizeDatabaseError',
  parent: Error: Too many keys specified; max 64 keys allowed
      at Packet.asError (C:\Users\Mac\OneDrive\Desktop\Projects\PDFLab\backend\node_modules\mysql2\lib\packets\packet.js:740:17)
      at Query.execute (C:\Users\Mac\OneDrive\Desktop\Projects\PDFLab\backend\node_modules\mysql2\lib\commands\command.js:29:26)
      at Connection.handlePacket (C:\Users\Mac\OneDrive\Desktop\Projects\PDFLab\backend\node_modules\mysql2\lib\base\connection.js:477:34)
      at PacketParser.onPacket (C:\Users\Mac\OneDrive\Desktop\Projects\PDFLab\backend\node_modules\mysql2\lib\base\connection.js:93:12)
      at PacketParser.executeStart (C:\Users\Mac\OneDrive\Desktop\Projects\PDFLab\backend\node_modules\mysql2\lib\packet_parser.js:75:16)
      at Socket.<anonymous> (C:\Users\Mac\OneDrive\Desktop\Projects\PDFLab\backend\node_modules\mysql2\lib\base\connection.js:100:25)
      at Socket.emit (node:events:518:28)
      at addChunk (node:internal/streams/readable:561:12)
      at readableAddChunkPushByteMode (node:internal/streams/readable:512:3)
      at Readable.push (node:internal/streams/readable:392:5) {
    code: 'ER_TOO_MANY_KEYS',
    errno: 1069,
    sqlState: '42000',
    sqlMessage: 'Too many keys specified; max 64 keys allowed',
    sql: 'ALTER TABLE `users` CHANGE `email` `email` VARCHAR(255) NOT NULL UNIQUE;',
    parameters: undefined
  },
  original: Error: Too many keys specified; max 64 keys allowed
      at Packet.asError (C:\Users\Mac\OneDrive\Desktop\Projects\PDFLab\backend\node_modules\mysql2\lib\packets\packet.js:740:17)
      at Query.execute (C:\Users\Mac\OneDrive\Desktop\Projects\PDFLab\backend\node_modules\mysql2\lib\commands\command.js:29:26)
      at Connection.handlePacket (C:\Users\Mac\OneDrive\Desktop\Projects\PDFLab\backend\node_modules\mysql2\lib\base\connection.js:477:34)
      at PacketParser.onPacket (C:\Users\Mac\OneDrive\Desktop\Projects\PDFLab\backend\node_modules\mysql2\lib\base\connection.js:93:12)
      at PacketParser.executeStart (C:\Users\Mac\OneDrive\Desktop\Projects\PDFLab\backend\node_modules\mysql2\lib\packet_parser.js:75:16)
      at Socket.<anonymous> (C:\Users\Mac\OneDrive\Desktop\Projects\PDFLab\backend\node_modules\mysql2\lib\base\connection.js:100:25)
      at Socket.emit (node:events:518:28)
      at addChunk (node:internal/streams/readable:561:12)
      at readableAddChunkPushByteMode (node:internal/streams/readable:512:3)
      at Readable.push (node:internal/streams/readable:392:5) {
    code: 'ER_TOO_MANY_KEYS',
    errno: 1069,
    sqlState: '42000',
    sqlMessage: 'Too many keys specified; max 64 keys allowed',
    sql: 'ALTER TABLE `users` CHANGE `email` `email` VARCHAR(255) NOT NULL UNIQUE;',
    parameters: undefined
  },
  sql: 'ALTER TABLE `users` CHANGE `email` `email` VARCHAR(255) NOT NULL UNIQUE;',
  parameters: {}
}
22:10:34 [tsx] change in ./src\controllers\conversion.controller.ts Rerunning...
c⚠ Email service not configured - missing SMTP credentials
  Emails will be logged to console only (development mode)
🚀 Starting PDFLab Backend API...
Executing (default): SELECT 1+1 AS result
✓ Database connection established successfully
Executing (default): SELECT TABLE_NAME FROM INFORMATION_SCHEMA.TABLES WHERE TABLE_TYPE = 'BASE TABLE' AND TABLE_NAME = 'users' AND TABLE_SCHEMA = 'pdflab'
Executing (default): SHOW FULL COLUMNS FROM `users`;
Executing (default): SELECT CONSTRAINT_NAME as constraint_name,CONSTRAINT_NAME as constraintName,CONSTRAINT_SCHEMA as constraintSchema,CONSTRAINT_SCHEMA as constraintCatalog,TABLE_NAME as tableName,TABLE_SCHEMA as tableSchema,TABLE_SCHEMA as tableCatalog,COLUMN_NAME as columnName,REFERENCED_TABLE_SCHEMA as referencedTableSchema,REFERENCED_TABLE_SCHEMA as referencedTableCatalog,REFERENCED_TABLE_NAME as referencedTableName,REFERENCED_COLUMN_NAME as referencedColumnName FROM INFORMATION_SCHEMA.KEY_COLUMN_USAGE where TABLE_NAME = 'users' AND CONSTRAINT_NAME!='PRIMARY' AND CONSTRAINT_SCHEMA='pdflab' AND REFERENCED_TABLE_NAME IS NOT NULL;
Executing (default): ALTER TABLE `users` CHANGE `email` `email` VARCHAR(255) NOT NULL UNIQUE;
✗ Database sync failed: Error
    at Query.run (C:\Users\Mac\OneDrive\Desktop\Projects\PDFLab\backend\node_modules\sequelize\src\dialects\mysql\query.js:46:25)
    at <anonymous> (C:\Users\Mac\OneDrive\Desktop\Projects\PDFLab\backend\node_modules\sequelize\src\sequelize.js:650:28)
    at process.processTicksAndRejections (node:internal/process/task_queues:105:5)
    at async Function.sync (C:\Users\Mac\OneDrive\Desktop\Projects\PDFLab\backend\node_modules\sequelize\src\model.js:1408:11)
    at async Sequelize.sync (C:\Users\Mac\OneDrive\Desktop\Projects\PDFLab\backend\node_modules\sequelize\src\sequelize.js:825:9)
    at async syncDatabase (C:\Users\Mac\OneDrive\Desktop\Projects\PDFLab\backend\src\config\database.ts:40:5)
    at async startServer (C:\Users\Mac\OneDrive\Desktop\Projects\PDFLab\backend\src\server.ts:236:7) {
  name: 'SequelizeDatabaseError',
  parent: Error: Too many keys specified; max 64 keys allowed
      at Packet.asError (C:\Users\Mac\OneDrive\Desktop\Projects\PDFLab\backend\node_modules\mysql2\lib\packets\packet.js:740:17)
      at Query.execute (C:\Users\Mac\OneDrive\Desktop\Projects\PDFLab\backend\node_modules\mysql2\lib\commands\command.js:29:26)
      at Connection.handlePacket (C:\Users\Mac\OneDrive\Desktop\Projects\PDFLab\backend\node_modules\mysql2\lib\base\connection.js:477:34)
      at PacketParser.onPacket (C:\Users\Mac\OneDrive\Desktop\Projects\PDFLab\backend\node_modules\mysql2\lib\base\connection.js:93:12)
      at PacketParser.executeStart (C:\Users\Mac\OneDrive\Desktop\Projects\PDFLab\backend\node_modules\mysql2\lib\packet_parser.js:75:16)
      at Socket.<anonymous> (C:\Users\Mac\OneDrive\Desktop\Projects\PDFLab\backend\node_modules\mysql2\lib\base\connection.js:100:25)
      at Socket.emit (node:events:518:28)
      at addChunk (node:internal/streams/readable:561:12)
      at readableAddChunkPushByteMode (node:internal/streams/readable:512:3)
      at Readable.push (node:internal/streams/readable:392:5) {
    code: 'ER_TOO_MANY_KEYS',
    errno: 1069,
    sqlState: '42000',
    sqlMessage: 'Too many keys specified; max 64 keys allowed',
    sql: 'ALTER TABLE `users` CHANGE `email` `email` VARCHAR(255) NOT NULL UNIQUE;',
    parameters: undefined
  },
  original: Error: Too many keys specified; max 64 keys allowed
      at Packet.asError (C:\Users\Mac\OneDrive\Desktop\Projects\PDFLab\backend\node_modules\mysql2\lib\packets\packet.js:740:17)
      at Query.execute (C:\Users\Mac\OneDrive\Desktop\Projects\PDFLab\backend\node_modules\mysql2\lib\commands\command.js:29:26)
      at Connection.handlePacket (C:\Users\Mac\OneDrive\Desktop\Projects\PDFLab\backend\node_modules\mysql2\lib\base\connection.js:477:34)
      at PacketParser.onPacket (C:\Users\Mac\OneDrive\Desktop\Projects\PDFLab\backend\node_modules\mysql2\lib\base\connection.js:93:12)
      at PacketParser.executeStart (C:\Users\Mac\OneDrive\Desktop\Projects\PDFLab\backend\node_modules\mysql2\lib\packet_parser.js:75:16)
      at Socket.<anonymous> (C:\Users\Mac\OneDrive\Desktop\Projects\PDFLab\backend\node_modules\mysql2\lib\base\connection.js:100:25)
      at Socket.emit (node:events:518:28)
      at addChunk (node:internal/streams/readable:561:12)
      at readableAddChunkPushByteMode (node:internal/streams/readable:512:3)
      at Readable.push (node:internal/streams/readable:392:5) {
    code: 'ER_TOO_MANY_KEYS',
    errno: 1069,
    sqlState: '42000',
    sqlMessage: 'Too many keys specified; max 64 keys allowed',
    sql: 'ALTER TABLE `users` CHANGE `email` `email` VARCHAR(255) NOT NULL UNIQUE;',
    parameters: undefined
  },
  sql: 'ALTER TABLE `users` CHANGE `email` `email` VARCHAR(255) NOT NULL UNIQUE;',
  parameters: {}
}
✗ Failed to start server: Error
    at Query.run (C:\Users\Mac\OneDrive\Desktop\Projects\PDFLab\backend\node_modules\sequelize\src\dialects\mysql\query.js:46:25)
    at <anonymous> (C:\Users\Mac\OneDrive\Desktop\Projects\PDFLab\backend\node_modules\sequelize\src\sequelize.js:650:28)
    at process.processTicksAndRejections (node:internal/process/task_queues:105:5)
    at async Function.sync (C:\Users\Mac\OneDrive\Desktop\Projects\PDFLab\backend\node_modules\sequelize\src\model.js:1408:11)
    at async Sequelize.sync (C:\Users\Mac\OneDrive\Desktop\Projects\PDFLab\backend\node_modules\sequelize\src\sequelize.js:825:9)
    at async syncDatabase (C:\Users\Mac\OneDrive\Desktop\Projects\PDFLab\backend\src\config\database.ts:40:5)
    at async startServer (C:\Users\Mac\OneDrive\Desktop\Projects\PDFLab\backend\src\server.ts:236:7) {
  name: 'SequelizeDatabaseError',
  parent: Error: Too many keys specified; max 64 keys allowed
      at Packet.asError (C:\Users\Mac\OneDrive\Desktop\Projects\PDFLab\backend\node_modules\mysql2\lib\packets\packet.js:740:17)
      at Query.execute (C:\Users\Mac\OneDrive\Desktop\Projects\PDFLab\backend\node_modules\mysql2\lib\commands\command.js:29:26)
      at Connection.handlePacket (C:\Users\Mac\OneDrive\Desktop\Projects\PDFLab\backend\node_modules\mysql2\lib\base\connection.js:477:34)
      at PacketParser.onPacket (C:\Users\Mac\OneDrive\Desktop\Projects\PDFLab\backend\node_modules\mysql2\lib\base\connection.js:93:12)
      at PacketParser.executeStart (C:\Users\Mac\OneDrive\Desktop\Projects\PDFLab\backend\node_modules\mysql2\lib\packet_parser.js:75:16)
      at Socket.<anonymous> (C:\Users\Mac\OneDrive\Desktop\Projects\PDFLab\backend\node_modules\mysql2\lib\base\connection.js:100:25)
      at Socket.emit (node:events:518:28)
      at addChunk (node:internal/streams/readable:561:12)
      at readableAddChunkPushByteMode (node:internal/streams/readable:512:3)
      at Readable.push (node:internal/streams/readable:392:5) {
    code: 'ER_TOO_MANY_KEYS',
    errno: 1069,
    sqlState: '42000',
    sqlMessage: 'Too many keys specified; max 64 keys allowed',
    sql: 'ALTER TABLE `users` CHANGE `email` `email` VARCHAR(255) NOT NULL UNIQUE;',
    parameters: undefined
  },
  original: Error: Too many keys specified; max 64 keys allowed
      at Packet.asError (C:\Users\Mac\OneDrive\Desktop\Projects\PDFLab\backend\node_modules\mysql2\lib\packets\packet.js:740:17)
      at Query.execute (C:\Users\Mac\OneDrive\Desktop\Projects\PDFLab\backend\node_modules\mysql2\lib\commands\command.js:29:26)
      at Connection.handlePacket (C:\Users\Mac\OneDrive\Desktop\Projects\PDFLab\backend\node_modules\mysql2\lib\base\connection.js:477:34)
      at PacketParser.onPacket (C:\Users\Mac\OneDrive\Desktop\Projects\PDFLab\backend\node_modules\mysql2\lib\base\connection.js:93:12)
      at PacketParser.executeStart (C:\Users\Mac\OneDrive\Desktop\Projects\PDFLab\backend\node_modules\mysql2\lib\packet_parser.js:75:16)
      at Socket.<anonymous> (C:\Users\Mac\OneDrive\Desktop\Projects\PDFLab\backend\node_modules\mysql2\lib\base\connection.js:100:25)
      at Socket.emit (node:events:518:28)
      at addChunk (node:internal/streams/readable:561:12)
      at readableAddChunkPushByteMode (node:internal/streams/readable:512:3)
      at Readable.push (node:internal/streams/readable:392:5) {
    code: 'ER_TOO_MANY_KEYS',
    errno: 1069,
    sqlState: '42000',
    sqlMessage: 'Too many keys specified; max 64 keys allowed',
    sql: 'ALTER TABLE `users` CHANGE `email` `email` VARCHAR(255) NOT NULL UNIQUE;',
    parameters: undefined
  },
  sql: 'ALTER TABLE `users` CHANGE `email` `email` VARCHAR(255) NOT NULL UNIQUE;',
  parameters: {}
}
22:11:23 [tsx] change in ./src\controllers\conversion.controller.ts Rerunning...
c⚠ Email service not configured - missing SMTP credentials
  Emails will be logged to console only (development mode)
🚀 Starting PDFLab Backend API...
Executing (default): SELECT 1+1 AS result
✓ Database connection established successfully
Executing (default): SELECT TABLE_NAME FROM INFORMATION_SCHEMA.TABLES WHERE TABLE_TYPE = 'BASE TABLE' AND TABLE_NAME = 'users' AND TABLE_SCHEMA = 'pdflab'
Executing (default): SHOW FULL COLUMNS FROM `users`;
Executing (default): SELECT CONSTRAINT_NAME as constraint_name,CONSTRAINT_NAME as constraintName,CONSTRAINT_SCHEMA as constraintSchema,CONSTRAINT_SCHEMA as constraintCatalog,TABLE_NAME as tableName,TABLE_SCHEMA as tableSchema,TABLE_SCHEMA as tableCatalog,COLUMN_NAME as columnName,REFERENCED_TABLE_SCHEMA as referencedTableSchema,REFERENCED_TABLE_SCHEMA as referencedTableCatalog,REFERENCED_TABLE_NAME as referencedTableName,REFERENCED_COLUMN_NAME as referencedColumnName FROM INFORMATION_SCHEMA.KEY_COLUMN_USAGE where TABLE_NAME = 'users' AND CONSTRAINT_NAME!='PRIMARY' AND CONSTRAINT_SCHEMA='pdflab' AND REFERENCED_TABLE_NAME IS NOT NULL;
Executing (default): ALTER TABLE `users` CHANGE `email` `email` VARCHAR(255) NOT NULL UNIQUE;
✗ Database sync failed: Error
    at Query.run (C:\Users\Mac\OneDrive\Desktop\Projects\PDFLab\backend\node_modules\sequelize\src\dialects\mysql\query.js:46:25)
    at <anonymous> (C:\Users\Mac\OneDrive\Desktop\Projects\PDFLab\backend\node_modules\sequelize\src\sequelize.js:650:28)
    at process.processTicksAndRejections (node:internal/process/task_queues:105:5)
    at async Function.sync (C:\Users\Mac\OneDrive\Desktop\Projects\PDFLab\backend\node_modules\sequelize\src\model.js:1408:11)
    at async Sequelize.sync (C:\Users\Mac\OneDrive\Desktop\Projects\PDFLab\backend\node_modules\sequelize\src\sequelize.js:825:9)
    at async syncDatabase (C:\Users\Mac\OneDrive\Desktop\Projects\PDFLab\backend\src\config\database.ts:40:5)
    at async startServer (C:\Users\Mac\OneDrive\Desktop\Projects\PDFLab\backend\src\server.ts:236:7) {
  name: 'SequelizeDatabaseError',
  parent: Error: Too many keys specified; max 64 keys allowed
      at Packet.asError (C:\Users\Mac\OneDrive\Desktop\Projects\PDFLab\backend\node_modules\mysql2\lib\packets\packet.js:740:17)
      at Query.execute (C:\Users\Mac\OneDrive\Desktop\Projects\PDFLab\backend\node_modules\mysql2\lib\commands\command.js:29:26)
      at Connection.handlePacket (C:\Users\Mac\OneDrive\Desktop\Projects\PDFLab\backend\node_modules\mysql2\lib\base\connection.js:477:34)
      at PacketParser.onPacket (C:\Users\Mac\OneDrive\Desktop\Projects\PDFLab\backend\node_modules\mysql2\lib\base\connection.js:93:12)
      at PacketParser.executeStart (C:\Users\Mac\OneDrive\Desktop\Projects\PDFLab\backend\node_modules\mysql2\lib\packet_parser.js:75:16)
      at Socket.<anonymous> (C:\Users\Mac\OneDrive\Desktop\Projects\PDFLab\backend\node_modules\mysql2\lib\base\connection.js:100:25)
      at Socket.emit (node:events:518:28)
      at addChunk (node:internal/streams/readable:561:12)
      at readableAddChunkPushByteMode (node:internal/streams/readable:512:3)
      at Readable.push (node:internal/streams/readable:392:5) {
    code: 'ER_TOO_MANY_KEYS',
    errno: 1069,
    sqlState: '42000',
    sqlMessage: 'Too many keys specified; max 64 keys allowed',
    sql: 'ALTER TABLE `users` CHANGE `email` `email` VARCHAR(255) NOT NULL UNIQUE;',
    parameters: undefined
  },
  original: Error: Too many keys specified; max 64 keys allowed
      at Packet.asError (C:\Users\Mac\OneDrive\Desktop\Projects\PDFLab\backend\node_modules\mysql2\lib\packets\packet.js:740:17)
      at Query.execute (C:\Users\Mac\OneDrive\Desktop\Projects\PDFLab\backend\node_modules\mysql2\lib\commands\command.js:29:26)
      at Connection.handlePacket (C:\Users\Mac\OneDrive\Desktop\Projects\PDFLab\backend\node_modules\mysql2\lib\base\connection.js:477:34)
      at PacketParser.onPacket (C:\Users\Mac\OneDrive\Desktop\Projects\PDFLab\backend\node_modules\mysql2\lib\base\connection.js:93:12)
      at PacketParser.executeStart (C:\Users\Mac\OneDrive\Desktop\Projects\PDFLab\backend\node_modules\mysql2\lib\packet_parser.js:75:16)
      at Socket.<anonymous> (C:\Users\Mac\OneDrive\Desktop\Projects\PDFLab\backend\node_modules\mysql2\lib\base\connection.js:100:25)
      at Socket.emit (node:events:518:28)
      at addChunk (node:internal/streams/readable:561:12)
      at readableAddChunkPushByteMode (node:internal/streams/readable:512:3)
      at Readable.push (node:internal/streams/readable:392:5) {
    code: 'ER_TOO_MANY_KEYS',
    errno: 1069,
    sqlState: '42000',
    sqlMessage: 'Too many keys specified; max 64 keys allowed',
    sql: 'ALTER TABLE `users` CHANGE `email` `email` VARCHAR(255) NOT NULL UNIQUE;',
    parameters: undefined
  },
  sql: 'ALTER TABLE `users` CHANGE `email` `email` VARCHAR(255) NOT NULL UNIQUE;',
  parameters: {}
}
✗ Failed to start server: Error
    at Query.run (C:\Users\Mac\OneDrive\Desktop\Projects\PDFLab\backend\node_modules\sequelize\src\dialects\mysql\query.js:46:25)
    at <anonymous> (C:\Users\Mac\OneDrive\Desktop\Projects\PDFLab\backend\node_modules\sequelize\src\sequelize.js:650:28)
    at process.processTicksAndRejections (node:internal/process/task_queues:105:5)
    at async Function.sync (C:\Users\Mac\OneDrive\Desktop\Projects\PDFLab\backend\node_modules\sequelize\src\model.js:1408:11)
    at async Sequelize.sync (C:\Users\Mac\OneDrive\Desktop\Projects\PDFLab\backend\node_modules\sequelize\src\sequelize.js:825:9)
    at async syncDatabase (C:\Users\Mac\OneDrive\Desktop\Projects\PDFLab\backend\src\config\database.ts:40:5)
    at async startServer (C:\Users\Mac\OneDrive\Desktop\Projects\PDFLab\backend\src\server.ts:236:7) {
  name: 'SequelizeDatabaseError',
  parent: Error: Too many keys specified; max 64 keys allowed
      at Packet.asError (C:\Users\Mac\OneDrive\Desktop\Projects\PDFLab\backend\node_modules\mysql2\lib\packets\packet.js:740:17)
      at Query.execute (C:\Users\Mac\OneDrive\Desktop\Projects\PDFLab\backend\node_modules\mysql2\lib\commands\command.js:29:26)
      at Connection.handlePacket (C:\Users\Mac\OneDrive\Desktop\Projects\PDFLab\backend\node_modules\mysql2\lib\base\connection.js:477:34)
      at PacketParser.onPacket (C:\Users\Mac\OneDrive\Desktop\Projects\PDFLab\backend\node_modules\mysql2\lib\base\connection.js:93:12)
      at PacketParser.executeStart (C:\Users\Mac\OneDrive\Desktop\Projects\PDFLab\backend\node_modules\mysql2\lib\packet_parser.js:75:16)
      at Socket.<anonymous> (C:\Users\Mac\OneDrive\Desktop\Projects\PDFLab\backend\node_modules\mysql2\lib\base\connection.js:100:25)
      at Socket.emit (node:events:518:28)
      at addChunk (node:internal/streams/readable:561:12)
      at readableAddChunkPushByteMode (node:internal/streams/readable:512:3)
      at Readable.push (node:internal/streams/readable:392:5) {
    code: 'ER_TOO_MANY_KEYS',
    errno: 1069,
    sqlState: '42000',
    sqlMessage: 'Too many keys specified; max 64 keys allowed',
    sql: 'ALTER TABLE `users` CHANGE `email` `email` VARCHAR(255) NOT NULL UNIQUE;',
    parameters: undefined
  },
  original: Error: Too many keys specified; max 64 keys allowed
      at Packet.asError (C:\Users\Mac\OneDrive\Desktop\Projects\PDFLab\backend\node_modules\mysql2\lib\packets\packet.js:740:17)
      at Query.execute (C:\Users\Mac\OneDrive\Desktop\Projects\PDFLab\backend\node_modules\mysql2\lib\commands\command.js:29:26)
      at Connection.handlePacket (C:\Users\Mac\OneDrive\Desktop\Projects\PDFLab\backend\node_modules\mysql2\lib\base\connection.js:477:34)
      at PacketParser.onPacket (C:\Users\Mac\OneDrive\Desktop\Projects\PDFLab\backend\node_modules\mysql2\lib\base\connection.js:93:12)
      at PacketParser.executeStart (C:\Users\Mac\OneDrive\Desktop\Projects\PDFLab\backend\node_modules\mysql2\lib\packet_parser.js:75:16)
      at Socket.<anonymous> (C:\Users\Mac\OneDrive\Desktop\Projects\PDFLab\backend\node_modules\mysql2\lib\base\connection.js:100:25)
      at Socket.emit (node:events:518:28)
      at addChunk (node:internal/streams/readable:561:12)
      at readableAddChunkPushByteMode (node:internal/streams/readable:512:3)
      at Readable.push (node:internal/streams/readable:392:5) {
    code: 'ER_TOO_MANY_KEYS',
    errno: 1069,
    sqlState: '42000',
    sqlMessage: 'Too many keys specified; max 64 keys allowed',
    sql: 'ALTER TABLE `users` CHANGE `email` `email` VARCHAR(255) NOT NULL UNIQUE;',
    parameters: undefined
  },
  sql: 'ALTER TABLE `users` CHANGE `email` `email` VARCHAR(255) NOT NULL UNIQUE;',
  parameters: {}
}
22:11:32 [tsx] change in ./src\controllers\conversion.controller.ts Rerunning...
c⚠ Email service not configured - missing SMTP credentials
  Emails will be logged to console only (development mode)
🚀 Starting PDFLab Backend API...
Executing (default): SELECT 1+1 AS result
✓ Database connection established successfully
Executing (default): SELECT TABLE_NAME FROM INFORMATION_SCHEMA.TABLES WHERE TABLE_TYPE = 'BASE TABLE' AND TABLE_NAME = 'users' AND TABLE_SCHEMA = 'pdflab'
Executing (default): SHOW FULL COLUMNS FROM `users`;
Executing (default): SELECT CONSTRAINT_NAME as constraint_name,CONSTRAINT_NAME as constraintName,CONSTRAINT_SCHEMA as constraintSchema,CONSTRAINT_SCHEMA as constraintCatalog,TABLE_NAME as tableName,TABLE_SCHEMA as tableSchema,TABLE_SCHEMA as tableCatalog,COLUMN_NAME as columnName,REFERENCED_TABLE_SCHEMA as referencedTableSchema,REFERENCED_TABLE_SCHEMA as referencedTableCatalog,REFERENCED_TABLE_NAME as referencedTableName,REFERENCED_COLUMN_NAME as referencedColumnName FROM INFORMATION_SCHEMA.KEY_COLUMN_USAGE where TABLE_NAME = 'users' AND CONSTRAINT_NAME!='PRIMARY' AND CONSTRAINT_SCHEMA='pdflab' AND REFERENCED_TABLE_NAME IS NOT NULL;
Executing (default): ALTER TABLE `users` CHANGE `email` `email` VARCHAR(255) NOT NULL UNIQUE;
✗ Database sync failed: Error
    at Query.run (C:\Users\Mac\OneDrive\Desktop\Projects\PDFLab\backend\node_modules\sequelize\src\dialects\mysql\query.js:46:25)
    at <anonymous> (C:\Users\Mac\OneDrive\Desktop\Projects\PDFLab\backend\node_modules\sequelize\src\sequelize.js:650:28)
    at process.processTicksAndRejections (node:internal/process/task_queues:105:5)
    at async Function.sync (C:\Users\Mac\OneDrive\Desktop\Projects\PDFLab\backend\node_modules\sequelize\src\model.js:1408:11)
    at async Sequelize.sync (C:\Users\Mac\OneDrive\Desktop\Projects\PDFLab\backend\node_modules\sequelize\src\sequelize.js:825:9)
    at async syncDatabase (C:\Users\Mac\OneDrive\Desktop\Projects\PDFLab\backend\src\config\database.ts:40:5)
    at async startServer (C:\Users\Mac\OneDrive\Desktop\Projects\PDFLab\backend\src\server.ts:236:7) {
  name: 'SequelizeDatabaseError',
  parent: Error: Too many keys specified; max 64 keys allowed
      at Packet.asError (C:\Users\Mac\OneDrive\Desktop\Projects\PDFLab\backend\node_modules\mysql2\lib\packets\packet.js:740:17)
      at Query.execute (C:\Users\Mac\OneDrive\Desktop\Projects\PDFLab\backend\node_modules\mysql2\lib\commands\command.js:29:26)
      at Connection.handlePacket (C:\Users\Mac\OneDrive\Desktop\Projects\PDFLab\backend\node_modules\mysql2\lib\base\connection.js:477:34)
      at PacketParser.onPacket (C:\Users\Mac\OneDrive\Desktop\Projects\PDFLab\backend\node_modules\mysql2\lib\base\connection.js:93:12)
      at PacketParser.executeStart (C:\Users\Mac\OneDrive\Desktop\Projects\PDFLab\backend\node_modules\mysql2\lib\packet_parser.js:75:16)
      at Socket.<anonymous> (C:\Users\Mac\OneDrive\Desktop\Projects\PDFLab\backend\node_modules\mysql2\lib\base\connection.js:100:25)
      at Socket.emit (node:events:518:28)
      at addChunk (node:internal/streams/readable:561:12)
      at readableAddChunkPushByteMode (node:internal/streams/readable:512:3)
      at Readable.push (node:internal/streams/readable:392:5) {
    code: 'ER_TOO_MANY_KEYS',
    errno: 1069,
    sqlState: '42000',
    sqlMessage: 'Too many keys specified; max 64 keys allowed',
    sql: 'ALTER TABLE `users` CHANGE `email` `email` VARCHAR(255) NOT NULL UNIQUE;',
    parameters: undefined
  },
  original: Error: Too many keys specified; max 64 keys allowed
      at Packet.asError (C:\Users\Mac\OneDrive\Desktop\Projects\PDFLab\backend\node_modules\mysql2\lib\packets\packet.js:740:17)
      at Query.execute (C:\Users\Mac\OneDrive\Desktop\Projects\PDFLab\backend\node_modules\mysql2\lib\commands\command.js:29:26)
      at Connection.handlePacket (C:\Users\Mac\OneDrive\Desktop\Projects\PDFLab\backend\node_modules\mysql2\lib\base\connection.js:477:34)
      at PacketParser.onPacket (C:\Users\Mac\OneDrive\Desktop\Projects\PDFLab\backend\node_modules\mysql2\lib\base\connection.js:93:12)
      at PacketParser.executeStart (C:\Users\Mac\OneDrive\Desktop\Projects\PDFLab\backend\node_modules\mysql2\lib\packet_parser.js:75:16)
      at Socket.<anonymous> (C:\Users\Mac\OneDrive\Desktop\Projects\PDFLab\backend\node_modules\mysql2\lib\base\connection.js:100:25)
      at Socket.emit (node:events:518:28)
      at addChunk (node:internal/streams/readable:561:12)
      at readableAddChunkPushByteMode (node:internal/streams/readable:512:3)
      at Readable.push (node:internal/streams/readable:392:5) {
    code: 'ER_TOO_MANY_KEYS',
    errno: 1069,
    sqlState: '42000',
    sqlMessage: 'Too many keys specified; max 64 keys allowed',
    sql: 'ALTER TABLE `users` CHANGE `email` `email` VARCHAR(255) NOT NULL UNIQUE;',
    parameters: undefined
  },
  sql: 'ALTER TABLE `users` CHANGE `email` `email` VARCHAR(255) NOT NULL UNIQUE;',
  parameters: {}
}
✗ Failed to start server: Error
    at Query.run (C:\Users\Mac\OneDrive\Desktop\Projects\PDFLab\backend\node_modules\sequelize\src\dialects\mysql\query.js:46:25)
    at <anonymous> (C:\Users\Mac\OneDrive\Desktop\Projects\PDFLab\backend\node_modules\sequelize\src\sequelize.js:650:28)
    at process.processTicksAndRejections (node:internal/process/task_queues:105:5)
    at async Function.sync (C:\Users\Mac\OneDrive\Desktop\Projects\PDFLab\backend\node_modules\sequelize\src\model.js:1408:11)
    at async Sequelize.sync (C:\Users\Mac\OneDrive\Desktop\Projects\PDFLab\backend\node_modules\sequelize\src\sequelize.js:825:9)
    at async syncDatabase (C:\Users\Mac\OneDrive\Desktop\Projects\PDFLab\backend\src\config\database.ts:40:5)
    at async startServer (C:\Users\Mac\OneDrive\Desktop\Projects\PDFLab\backend\src\server.ts:236:7) {
  name: 'SequelizeDatabaseError',
  parent: Error: Too many keys specified; max 64 keys allowed
      at Packet.asError (C:\Users\Mac\OneDrive\Desktop\Projects\PDFLab\backend\node_modules\mysql2\lib\packets\packet.js:740:17)
      at Query.execute (C:\Users\Mac\OneDrive\Desktop\Projects\PDFLab\backend\node_modules\mysql2\lib\commands\command.js:29:26)
      at Connection.handlePacket (C:\Users\Mac\OneDrive\Desktop\Projects\PDFLab\backend\node_modules\mysql2\lib\base\connection.js:477:34)
      at PacketParser.onPacket (C:\Users\Mac\OneDrive\Desktop\Projects\PDFLab\backend\node_modules\mysql2\lib\base\connection.js:93:12)
      at PacketParser.executeStart (C:\Users\Mac\OneDrive\Desktop\Projects\PDFLab\backend\node_modules\mysql2\lib\packet_parser.js:75:16)
      at Socket.<anonymous> (C:\Users\Mac\OneDrive\Desktop\Projects\PDFLab\backend\node_modules\mysql2\lib\base\connection.js:100:25)
      at Socket.emit (node:events:518:28)
      at addChunk (node:internal/streams/readable:561:12)
      at readableAddChunkPushByteMode (node:internal/streams/readable:512:3)
      at Readable.push (node:internal/streams/readable:392:5) {
    code: 'ER_TOO_MANY_KEYS',
    errno: 1069,
    sqlState: '42000',
    sqlMessage: 'Too many keys specified; max 64 keys allowed',
    sql: 'ALTER TABLE `users` CHANGE `email` `email` VARCHAR(255) NOT NULL UNIQUE;',
    parameters: undefined
  },
  original: Error: Too many keys specified; max 64 keys allowed
      at Packet.asError (C:\Users\Mac\OneDrive\Desktop\Projects\PDFLab\backend\node_modules\mysql2\lib\packets\packet.js:740:17)
      at Query.execute (C:\Users\Mac\OneDrive\Desktop\Projects\PDFLab\backend\node_modules\mysql2\lib\commands\command.js:29:26)
      at Connection.handlePacket (C:\Users\Mac\OneDrive\Desktop\Projects\PDFLab\backend\node_modules\mysql2\lib\base\connection.js:477:34)
      at PacketParser.onPacket (C:\Users\Mac\OneDrive\Desktop\Projects\PDFLab\backend\node_modules\mysql2\lib\base\connection.js:93:12)
      at PacketParser.executeStart (C:\Users\Mac\OneDrive\Desktop\Projects\PDFLab\backend\node_modules\mysql2\lib\packet_parser.js:75:16)
      at Socket.<anonymous> (C:\Users\Mac\OneDrive\Desktop\Projects\PDFLab\backend\node_modules\mysql2\lib\base\connection.js:100:25)
      at Socket.emit (node:events:518:28)
      at addChunk (node:internal/streams/readable:561:12)
      at readableAddChunkPushByteMode (node:internal/streams/readable:512:3)
      at Readable.push (node:internal/streams/readable:392:5) {
    code: 'ER_TOO_MANY_KEYS',
    errno: 1069,
    sqlState: '42000',
    sqlMessage: 'Too many keys specified; max 64 keys allowed',
    sql: 'ALTER TABLE `users` CHANGE `email` `email` VARCHAR(255) NOT NULL UNIQUE;',
    parameters: undefined
  },
  sql: 'ALTER TABLE `users` CHANGE `email` `email` VARCHAR(255) NOT NULL UNIQUE;',
  parameters: {}
}
22:31:16 [tsx] change in ./src\controllers\conversion.controller.ts Rerunning...
c22:31:19 [tsx] change in ./src\middleware\auth.middleware.ts Restarting...
c⚠ Email service not configured - missing SMTP credentials
  Emails will be logged to console only (development mode)
🚀 Starting PDFLab Backend API...
Executing (default): SELECT 1+1 AS result
✓ Database connection established successfully
Executing (default): SELECT TABLE_NAME FROM INFORMATION_SCHEMA.TABLES WHERE TABLE_TYPE = 'BASE TABLE' AND TABLE_NAME = 'users' AND TABLE_SCHEMA = 'pdflab'
Executing (default): SHOW FULL COLUMNS FROM `users`;
Executing (default): SELECT CONSTRAINT_NAME as constraint_name,CONSTRAINT_NAME as constraintName,CONSTRAINT_SCHEMA as constraintSchema,CONSTRAINT_SCHEMA as constraintCatalog,TABLE_NAME as tableName,TABLE_SCHEMA as tableSchema,TABLE_SCHEMA as tableCatalog,COLUMN_NAME as columnName,REFERENCED_TABLE_SCHEMA as referencedTableSchema,REFERENCED_TABLE_SCHEMA as referencedTableCatalog,REFERENCED_TABLE_NAME as referencedTableName,REFERENCED_COLUMN_NAME as referencedColumnName FROM INFORMATION_SCHEMA.KEY_COLUMN_USAGE where TABLE_NAME = 'users' AND CONSTRAINT_NAME!='PRIMARY' AND CONSTRAINT_SCHEMA='pdflab' AND REFERENCED_TABLE_NAME IS NOT NULL;
Executing (default): ALTER TABLE `users` CHANGE `email` `email` VARCHAR(255) NOT NULL UNIQUE;
Executing (default): ALTER TABLE `users` CHANGE `password_hash` `password_hash` VARCHAR(255) NOT NULL;
Executing (default): ALTER TABLE `users` CHANGE `name` `name` VARCHAR(255);
Executing (default): ALTER TABLE `users` CHANGE `role` `role` ENUM('user', 'support', 'finance', 'admin', 'super_admin') NOT NULL DEFAULT 'user';
Executing (default): ALTER TABLE `users` CHANGE `plan` `plan` ENUM('free', 'starter', 'pro', 'enterprise') NOT NULL DEFAULT 'free';
Executing (default): ALTER TABLE `users` CHANGE `conversions_used` `conversions_used` INTEGER NOT NULL DEFAULT 0;
Executing (default): ALTER TABLE `users` CHANGE `conversions_limit` `conversions_limit` INTEGER NOT NULL DEFAULT 3;
Executing (default): ALTER TABLE `users` CHANGE `stripe_customer_id` `stripe_customer_id` VARCHAR(255);
Executing (default): ALTER TABLE `users` CHANGE `subscription_id` `subscription_id` VARCHAR(255);
Executing (default): ALTER TABLE `users` CHANGE `subscription_status` `subscription_status` ENUM('active', 'canceled', 'past_due', 'trialing');
Executing (default): ALTER TABLE `users` CHANGE `subscription_end_date` `subscription_end_date` DATETIME;
Executing (default): ALTER TABLE `users` CHANGE `failed_reset_attempts` `failed_reset_attempts` INTEGER NOT NULL DEFAULT 0;
Executing (default): ALTER TABLE `users` CHANGE `reset_locked_until` `reset_locked_until` DATETIME;
Executing (default): ALTER TABLE `users` CHANGE `created_at` `created_at` DATETIME NOT NULL;
Executing (default): ALTER TABLE `users` CHANGE `updated_at` `updated_at` DATETIME NOT NULL;
Executing (default): ALTER TABLE `users` CHANGE `last_login` `last_login` DATETIME;
Executing (default): SHOW INDEX FROM `users` FROM `pdflab`
Executing (default): SELECT TABLE_NAME FROM INFORMATION_SCHEMA.TABLES WHERE TABLE_TYPE = 'BASE TABLE' AND TABLE_NAME = 'admin_audit_logs' AND TABLE_SCHEMA = 'pdflab'
Executing (default): SHOW FULL COLUMNS FROM `admin_audit_logs`;
Executing (default): SELECT CONSTRAINT_NAME as constraint_name,CONSTRAINT_NAME as constraintName,CONSTRAINT_SCHEMA as constraintSchema,CONSTRAINT_SCHEMA as constraintCatalog,TABLE_NAME as tableName,TABLE_SCHEMA as tableSchema,TABLE_SCHEMA as tableCatalog,COLUMN_NAME as columnName,REFERENCED_TABLE_SCHEMA as referencedTableSchema,REFERENCED_TABLE_SCHEMA as referencedTableCatalog,REFERENCED_TABLE_NAME as referencedTableName,REFERENCED_COLUMN_NAME as referencedColumnName FROM INFORMATION_SCHEMA.KEY_COLUMN_USAGE where TABLE_NAME = 'admin_audit_logs' AND CONSTRAINT_NAME!='PRIMARY' AND CONSTRAINT_SCHEMA='pdflab' AND REFERENCED_TABLE_NAME IS NOT NULL;
Executing (default): SELECT CONSTRAINT_CATALOG AS constraintCatalog, CONSTRAINT_NAME AS constraintName, CONSTRAINT_SCHEMA AS constraintSchema, CONSTRAINT_TYPE AS constraintType, TABLE_NAME AS tableName, TABLE_SCHEMA AS tableSchema from INFORMATION_SCHEMA.TABLE_CONSTRAINTS WHERE table_name='admin_audit_logs' AND constraint_name = 'admin_audit_logs_ibfk_1' AND TABLE_SCHEMA = 'pdflab';
Executing (default): ALTER TABLE `admin_audit_logs` DROP FOREIGN KEY `admin_audit_logs_ibfk_1`;
✗ Database sync failed: Error
    at Query.run (C:\Users\Mac\OneDrive\Desktop\Projects\PDFLab\backend\node_modules\sequelize\src\dialects\mysql\query.js:46:25)
    at <anonymous> (C:\Users\Mac\OneDrive\Desktop\Projects\PDFLab\backend\node_modules\sequelize\src\sequelize.js:650:28)
    at process.processTicksAndRejections (node:internal/process/task_queues:105:5)
    at async MySQLQueryInterface.removeConstraint (C:\Users\Mac\OneDrive\Desktop\Projects\PDFLab\backend\node_modules\sequelize\src\dialects\mysql\query-interface.js:86:12)
    at async Function.sync (C:\Users\Mac\OneDrive\Desktop\Projects\PDFLab\backend\node_modules\sequelize\src\model.js:1402:17)
    at async Sequelize.sync (C:\Users\Mac\OneDrive\Desktop\Projects\PDFLab\backend\node_modules\sequelize\src\sequelize.js:825:9)
    at async syncDatabase (C:\Users\Mac\OneDrive\Desktop\Projects\PDFLab\backend\src\config\database.ts:40:5)
    at async startServer (C:\Users\Mac\OneDrive\Desktop\Projects\PDFLab\backend\src\server.ts:236:7) {
  name: 'SequelizeDatabaseError',
  parent: Error: Can't DROP 'admin_audit_logs_ibfk_1'; check that column/key exists
      at Packet.asError (C:\Users\Mac\OneDrive\Desktop\Projects\PDFLab\backend\node_modules\mysql2\lib\packets\packet.js:740:17)
      at Query.execute (C:\Users\Mac\OneDrive\Desktop\Projects\PDFLab\backend\node_modules\mysql2\lib\commands\command.js:29:26)
      at Connection.handlePacket (C:\Users\Mac\OneDrive\Desktop\Projects\PDFLab\backend\node_modules\mysql2\lib\base\connection.js:477:34)
      at PacketParser.onPacket (C:\Users\Mac\OneDrive\Desktop\Projects\PDFLab\backend\node_modules\mysql2\lib\base\connection.js:93:12)
      at PacketParser.executeStart (C:\Users\Mac\OneDrive\Desktop\Projects\PDFLab\backend\node_modules\mysql2\lib\packet_parser.js:75:16)
      at Socket.<anonymous> (C:\Users\Mac\OneDrive\Desktop\Projects\PDFLab\backend\node_modules\mysql2\lib\base\connection.js:100:25)
      at Socket.emit (node:events:518:28)
      at addChunk (node:internal/streams/readable:561:12)
      at readableAddChunkPushByteMode (node:internal/streams/readable:512:3)
      at Readable.push (node:internal/streams/readable:392:5) {
    code: 'ER_CANT_DROP_FIELD_OR_KEY',
    errno: 1091,
    sqlState: '42000',
    sqlMessage: "Can't DROP 'admin_audit_logs_ibfk_1'; check that column/key exists",
    sql: 'ALTER TABLE `admin_audit_logs` DROP FOREIGN KEY `admin_audit_logs_ibfk_1`;',
    parameters: undefined
  },
  original: Error: Can't DROP 'admin_audit_logs_ibfk_1'; check that column/key exists
      at Packet.asError (C:\Users\Mac\OneDrive\Desktop\Projects\PDFLab\backend\node_modules\mysql2\lib\packets\packet.js:740:17)
      at Query.execute (C:\Users\Mac\OneDrive\Desktop\Projects\PDFLab\backend\node_modules\mysql2\lib\commands\command.js:29:26)
      at Connection.handlePacket (C:\Users\Mac\OneDrive\Desktop\Projects\PDFLab\backend\node_modules\mysql2\lib\base\connection.js:477:34)
      at PacketParser.onPacket (C:\Users\Mac\OneDrive\Desktop\Projects\PDFLab\backend\node_modules\mysql2\lib\base\connection.js:93:12)
      at PacketParser.executeStart (C:\Users\Mac\OneDrive\Desktop\Projects\PDFLab\backend\node_modules\mysql2\lib\packet_parser.js:75:16)
      at Socket.<anonymous> (C:\Users\Mac\OneDrive\Desktop\Projects\PDFLab\backend\node_modules\mysql2\lib\base\connection.js:100:25)
      at Socket.emit (node:events:518:28)
      at addChunk (node:internal/streams/readable:561:12)
      at readableAddChunkPushByteMode (node:internal/streams/readable:512:3)
      at Readable.push (node:internal/streams/readable:392:5) {
    code: 'ER_CANT_DROP_FIELD_OR_KEY',
    errno: 1091,
    sqlState: '42000',
    sqlMessage: "Can't DROP 'admin_audit_logs_ibfk_1'; check that column/key exists",
    sql: 'ALTER TABLE `admin_audit_logs` DROP FOREIGN KEY `admin_audit_logs_ibfk_1`;',
    parameters: undefined
  },
  sql: 'ALTER TABLE `admin_audit_logs` DROP FOREIGN KEY `admin_audit_logs_ibfk_1`;',
  parameters: {}
}
✗ Failed to start server: Error
    at Query.run (C:\Users\Mac\OneDrive\Desktop\Projects\PDFLab\backend\node_modules\sequelize\src\dialects\mysql\query.js:46:25)
    at <anonymous> (C:\Users\Mac\OneDrive\Desktop\Projects\PDFLab\backend\node_modules\sequelize\src\sequelize.js:650:28)
    at process.processTicksAndRejections (node:internal/process/task_queues:105:5)
    at async MySQLQueryInterface.removeConstraint (C:\Users\Mac\OneDrive\Desktop\Projects\PDFLab\backend\node_modules\sequelize\src\dialects\mysql\query-interface.js:86:12)
    at async Function.sync (C:\Users\Mac\OneDrive\Desktop\Projects\PDFLab\backend\node_modules\sequelize\src\model.js:1402:17)
    at async Sequelize.sync (C:\Users\Mac\OneDrive\Desktop\Projects\PDFLab\backend\node_modules\sequelize\src\sequelize.js:825:9)
    at async syncDatabase (C:\Users\Mac\OneDrive\Desktop\Projects\PDFLab\backend\src\config\database.ts:40:5)
    at async startServer (C:\Users\Mac\OneDrive\Desktop\Projects\PDFLab\backend\src\server.ts:236:7) {
  name: 'SequelizeDatabaseError',
  parent: Error: Can't DROP 'admin_audit_logs_ibfk_1'; check that column/key exists
      at Packet.asError (C:\Users\Mac\OneDrive\Desktop\Projects\PDFLab\backend\node_modules\mysql2\lib\packets\packet.js:740:17)
      at Query.execute (C:\Users\Mac\OneDrive\Desktop\Projects\PDFLab\backend\node_modules\mysql2\lib\commands\command.js:29:26)
      at Connection.handlePacket (C:\Users\Mac\OneDrive\Desktop\Projects\PDFLab\backend\node_modules\mysql2\lib\base\connection.js:477:34)
      at PacketParser.onPacket (C:\Users\Mac\OneDrive\Desktop\Projects\PDFLab\backend\node_modules\mysql2\lib\base\connection.js:93:12)
      at PacketParser.executeStart (C:\Users\Mac\OneDrive\Desktop\Projects\PDFLab\backend\node_modules\mysql2\lib\packet_parser.js:75:16)
      at Socket.<anonymous> (C:\Users\Mac\OneDrive\Desktop\Projects\PDFLab\backend\node_modules\mysql2\lib\base\connection.js:100:25)
      at Socket.emit (node:events:518:28)
      at addChunk (node:internal/streams/readable:561:12)
      at readableAddChunkPushByteMode (node:internal/streams/readable:512:3)
      at Readable.push (node:internal/streams/readable:392:5) {
    code: 'ER_CANT_DROP_FIELD_OR_KEY',
    errno: 1091,
    sqlState: '42000',
    sqlMessage: "Can't DROP 'admin_audit_logs_ibfk_1'; check that column/key exists",
    sql: 'ALTER TABLE `admin_audit_logs` DROP FOREIGN KEY `admin_audit_logs_ibfk_1`;',
    parameters: undefined
  },
  original: Error: Can't DROP 'admin_audit_logs_ibfk_1'; check that column/key exists
      at Packet.asError (C:\Users\Mac\OneDrive\Desktop\Projects\PDFLab\backend\node_modules\mysql2\lib\packets\packet.js:740:17)
      at Query.execute (C:\Users\Mac\OneDrive\Desktop\Projects\PDFLab\backend\node_modules\mysql2\lib\commands\command.js:29:26)
      at Connection.handlePacket (C:\Users\Mac\OneDrive\Desktop\Projects\PDFLab\backend\node_modules\mysql2\lib\base\connection.js:477:34)
      at PacketParser.onPacket (C:\Users\Mac\OneDrive\Desktop\Projects\PDFLab\backend\node_modules\mysql2\lib\base\connection.js:93:12)
      at PacketParser.executeStart (C:\Users\Mac\OneDrive\Desktop\Projects\PDFLab\backend\node_modules\mysql2\lib\packet_parser.js:75:16)
      at Socket.<anonymous> (C:\Users\Mac\OneDrive\Desktop\Projects\PDFLab\backend\node_modules\mysql2\lib\base\connection.js:100:25)
      at Socket.emit (node:events:518:28)
      at addChunk (node:internal/streams/readable:561:12)
      at readableAddChunkPushByteMode (node:internal/streams/readable:512:3)
      at Readable.push (node:internal/streams/readable:392:5) {
    code: 'ER_CANT_DROP_FIELD_OR_KEY',
    errno: 1091,
    sqlState: '42000',
    sqlMessage: "Can't DROP 'admin_audit_logs_ibfk_1'; check that column/key exists",
    sql: 'ALTER TABLE `admin_audit_logs` DROP FOREIGN KEY `admin_audit_logs_ibfk_1`;',
    parameters: undefined
  },
  sql: 'ALTER TABLE `admin_audit_logs` DROP FOREIGN KEY `admin_audit_logs_ibfk_1`;',
  parameters: {}
}
13:38:57 [tsx] change in ./src\services\cloudconvert.service.ts Rerunning...
c⚠ Email service not configured - missing SMTP credentials
  Emails will be logged to console only (development mode)
🚀 Starting PDFLab Backend API...
Executing (default): SELECT 1+1 AS result
✓ Database connection established successfully
Executing (default): SELECT TABLE_NAME FROM INFORMATION_SCHEMA.TABLES WHERE TABLE_TYPE = 'BASE TABLE' AND TABLE_NAME = 'users' AND TABLE_SCHEMA = 'pdflab'
Executing (default): SHOW FULL COLUMNS FROM `users`;
Executing (default): SELECT CONSTRAINT_NAME as constraint_name,CONSTRAINT_NAME as constraintName,CONSTRAINT_SCHEMA as constraintSchema,CONSTRAINT_SCHEMA as constraintCatalog,TABLE_NAME as tableName,TABLE_SCHEMA as tableSchema,TABLE_SCHEMA as tableCatalog,COLUMN_NAME as columnName,REFERENCED_TABLE_SCHEMA as referencedTableSchema,REFERENCED_TABLE_SCHEMA as referencedTableCatalog,REFERENCED_TABLE_NAME as referencedTableName,REFERENCED_COLUMN_NAME as referencedColumnName FROM INFORMATION_SCHEMA.KEY_COLUMN_USAGE where TABLE_NAME = 'users' AND CONSTRAINT_NAME!='PRIMARY' AND CONSTRAINT_SCHEMA='pdflab' AND REFERENCED_TABLE_NAME IS NOT NULL;
Executing (default): ALTER TABLE `users` CHANGE `email` `email` VARCHAR(255) NOT NULL UNIQUE;
Executing (default): ALTER TABLE `users` CHANGE `password_hash` `password_hash` VARCHAR(255) NOT NULL;
Executing (default): ALTER TABLE `users` CHANGE `name` `name` VARCHAR(255);
Executing (default): ALTER TABLE `users` CHANGE `role` `role` ENUM('user', 'support', 'finance', 'admin', 'super_admin') NOT NULL DEFAULT 'user';
Executing (default): ALTER TABLE `users` CHANGE `plan` `plan` ENUM('free', 'starter', 'pro', 'enterprise') NOT NULL DEFAULT 'free';
Executing (default): ALTER TABLE `users` CHANGE `conversions_used` `conversions_used` INTEGER NOT NULL DEFAULT 0;
Executing (default): ALTER TABLE `users` CHANGE `conversions_limit` `conversions_limit` INTEGER NOT NULL DEFAULT 3;
Executing (default): ALTER TABLE `users` CHANGE `stripe_customer_id` `stripe_customer_id` VARCHAR(255);
Executing (default): ALTER TABLE `users` CHANGE `subscription_id` `subscription_id` VARCHAR(255);
Executing (default): ALTER TABLE `users` CHANGE `subscription_status` `subscription_status` ENUM('active', 'canceled', 'past_due', 'trialing');
Executing (default): ALTER TABLE `users` CHANGE `subscription_end_date` `subscription_end_date` DATETIME;
Executing (default): ALTER TABLE `users` CHANGE `failed_reset_attempts` `failed_reset_attempts` INTEGER NOT NULL DEFAULT 0;
Executing (default): ALTER TABLE `users` CHANGE `reset_locked_until` `reset_locked_until` DATETIME;
Executing (default): ALTER TABLE `users` CHANGE `created_at` `created_at` DATETIME NOT NULL;
Executing (default): ALTER TABLE `users` CHANGE `updated_at` `updated_at` DATETIME NOT NULL;
Executing (default): ALTER TABLE `users` CHANGE `last_login` `last_login` DATETIME;
Executing (default): SHOW INDEX FROM `users` FROM `pdflab`
Executing (default): SELECT TABLE_NAME FROM INFORMATION_SCHEMA.TABLES WHERE TABLE_TYPE = 'BASE TABLE' AND TABLE_NAME = 'admin_audit_logs' AND TABLE_SCHEMA = 'pdflab'
Executing (default): SHOW FULL COLUMNS FROM `admin_audit_logs`;
Executing (default): SELECT CONSTRAINT_NAME as constraint_name,CONSTRAINT_NAME as constraintName,CONSTRAINT_SCHEMA as constraintSchema,CONSTRAINT_SCHEMA as constraintCatalog,TABLE_NAME as tableName,TABLE_SCHEMA as tableSchema,TABLE_SCHEMA as tableCatalog,COLUMN_NAME as columnName,REFERENCED_TABLE_SCHEMA as referencedTableSchema,REFERENCED_TABLE_SCHEMA as referencedTableCatalog,REFERENCED_TABLE_NAME as referencedTableName,REFERENCED_COLUMN_NAME as referencedColumnName FROM INFORMATION_SCHEMA.KEY_COLUMN_USAGE where TABLE_NAME = 'admin_audit_logs' AND CONSTRAINT_NAME!='PRIMARY' AND CONSTRAINT_SCHEMA='pdflab' AND REFERENCED_TABLE_NAME IS NOT NULL;
Executing (default): SELECT CONSTRAINT_CATALOG AS constraintCatalog, CONSTRAINT_NAME AS constraintName, CONSTRAINT_SCHEMA AS constraintSchema, CONSTRAINT_TYPE AS constraintType, TABLE_NAME AS tableName, TABLE_SCHEMA AS tableSchema from INFORMATION_SCHEMA.TABLE_CONSTRAINTS WHERE table_name='admin_audit_logs' AND constraint_name = 'admin_audit_logs_ibfk_1' AND TABLE_SCHEMA = 'pdflab';
Executing (default): ALTER TABLE `admin_audit_logs` DROP FOREIGN KEY `admin_audit_logs_ibfk_1`;
✗ Database sync failed: Error
    at Query.run (C:\Users\Mac\OneDrive\Desktop\Projects\PDFLab\backend\node_modules\sequelize\src\dialects\mysql\query.js:46:25)
    at <anonymous> (C:\Users\Mac\OneDrive\Desktop\Projects\PDFLab\backend\node_modules\sequelize\src\sequelize.js:650:28)
    at process.processTicksAndRejections (node:internal/process/task_queues:105:5)
    at async MySQLQueryInterface.removeConstraint (C:\Users\Mac\OneDrive\Desktop\Projects\PDFLab\backend\node_modules\sequelize\src\dialects\mysql\query-interface.js:86:12)
    at async Function.sync (C:\Users\Mac\OneDrive\Desktop\Projects\PDFLab\backend\node_modules\sequelize\src\model.js:1402:17)
    at async Sequelize.sync (C:\Users\Mac\OneDrive\Desktop\Projects\PDFLab\backend\node_modules\sequelize\src\sequelize.js:825:9)
    at async syncDatabase (C:\Users\Mac\OneDrive\Desktop\Projects\PDFLab\backend\src\config\database.ts:40:5)
    at async startServer (C:\Users\Mac\OneDrive\Desktop\Projects\PDFLab\backend\src\server.ts:236:7) {
  name: 'SequelizeDatabaseError',
  parent: Error: Can't DROP 'admin_audit_logs_ibfk_1'; check that column/key exists
      at Packet.asError (C:\Users\Mac\OneDrive\Desktop\Projects\PDFLab\backend\node_modules\mysql2\lib\packets\packet.js:740:17)
      at Query.execute (C:\Users\Mac\OneDrive\Desktop\Projects\PDFLab\backend\node_modules\mysql2\lib\commands\command.js:29:26)
      at Connection.handlePacket (C:\Users\Mac\OneDrive\Desktop\Projects\PDFLab\backend\node_modules\mysql2\lib\base\connection.js:477:34)
      at PacketParser.onPacket (C:\Users\Mac\OneDrive\Desktop\Projects\PDFLab\backend\node_modules\mysql2\lib\base\connection.js:93:12)
      at PacketParser.executeStart (C:\Users\Mac\OneDrive\Desktop\Projects\PDFLab\backend\node_modules\mysql2\lib\packet_parser.js:75:16)
      at Socket.<anonymous> (C:\Users\Mac\OneDrive\Desktop\Projects\PDFLab\backend\node_modules\mysql2\lib\base\connection.js:100:25)
      at Socket.emit (node:events:518:28)
      at addChunk (node:internal/streams/readable:561:12)
      at readableAddChunkPushByteMode (node:internal/streams/readable:512:3)
      at Readable.push (node:internal/streams/readable:392:5) {
    code: 'ER_CANT_DROP_FIELD_OR_KEY',
    errno: 1091,
    sqlState: '42000',
    sqlMessage: "Can't DROP 'admin_audit_logs_ibfk_1'; check that column/key exists",
    sql: 'ALTER TABLE `admin_audit_logs` DROP FOREIGN KEY `admin_audit_logs_ibfk_1`;',
    parameters: undefined
  },
  original: Error: Can't DROP 'admin_audit_logs_ibfk_1'; check that column/key exists
      at Packet.asError (C:\Users\Mac\OneDrive\Desktop\Projects\PDFLab\backend\node_modules\mysql2\lib\packets\packet.js:740:17)
      at Query.execute (C:\Users\Mac\OneDrive\Desktop\Projects\PDFLab\backend\node_modules\mysql2\lib\commands\command.js:29:26)
      at Connection.handlePacket (C:\Users\Mac\OneDrive\Desktop\Projects\PDFLab\backend\node_modules\mysql2\lib\base\connection.js:477:34)
      at PacketParser.onPacket (C:\Users\Mac\OneDrive\Desktop\Projects\PDFLab\backend\node_modules\mysql2\lib\base\connection.js:93:12)
      at PacketParser.executeStart (C:\Users\Mac\OneDrive\Desktop\Projects\PDFLab\backend\node_modules\mysql2\lib\packet_parser.js:75:16)
      at Socket.<anonymous> (C:\Users\Mac\OneDrive\Desktop\Projects\PDFLab\backend\node_modules\mysql2\lib\base\connection.js:100:25)
      at Socket.emit (node:events:518:28)
      at addChunk (node:internal/streams/readable:561:12)
      at readableAddChunkPushByteMode (node:internal/streams/readable:512:3)
      at Readable.push (node:internal/streams/readable:392:5) {
    code: 'ER_CANT_DROP_FIELD_OR_KEY',
    errno: 1091,
    sqlState: '42000',
    sqlMessage: "Can't DROP 'admin_audit_logs_ibfk_1'; check that column/key exists",
    sql: 'ALTER TABLE `admin_audit_logs` DROP FOREIGN KEY `admin_audit_logs_ibfk_1`;',
    parameters: undefined
  },
  sql: 'ALTER TABLE `admin_audit_logs` DROP FOREIGN KEY `admin_audit_logs_ibfk_1`;',
  parameters: {}
}
✗ Failed to start server: Error
    at Query.run (C:\Users\Mac\OneDrive\Desktop\Projects\PDFLab\backend\node_modules\sequelize\src\dialects\mysql\query.js:46:25)
    at <anonymous> (C:\Users\Mac\OneDrive\Desktop\Projects\PDFLab\backend\node_modules\sequelize\src\sequelize.js:650:28)
    at process.processTicksAndRejections (node:internal/process/task_queues:105:5)
    at async MySQLQueryInterface.removeConstraint (C:\Users\Mac\OneDrive\Desktop\Projects\PDFLab\backend\node_modules\sequelize\src\dialects\mysql\query-interface.js:86:12)
    at async Function.sync (C:\Users\Mac\OneDrive\Desktop\Projects\PDFLab\backend\node_modules\sequelize\src\model.js:1402:17)
    at async Sequelize.sync (C:\Users\Mac\OneDrive\Desktop\Projects\PDFLab\backend\node_modules\sequelize\src\sequelize.js:825:9)
    at async syncDatabase (C:\Users\Mac\OneDrive\Desktop\Projects\PDFLab\backend\src\config\database.ts:40:5)
    at async startServer (C:\Users\Mac\OneDrive\Desktop\Projects\PDFLab\backend\src\server.ts:236:7) {
  name: 'SequelizeDatabaseError',
  parent: Error: Can't DROP 'admin_audit_logs_ibfk_1'; check that column/key exists
      at Packet.asError (C:\Users\Mac\OneDrive\Desktop\Projects\PDFLab\backend\node_modules\mysql2\lib\packets\packet.js:740:17)
      at Query.execute (C:\Users\Mac\OneDrive\Desktop\Projects\PDFLab\backend\node_modules\mysql2\lib\commands\command.js:29:26)
      at Connection.handlePacket (C:\Users\Mac\OneDrive\Desktop\Projects\PDFLab\backend\node_modules\mysql2\lib\base\connection.js:477:34)
      at PacketParser.onPacket (C:\Users\Mac\OneDrive\Desktop\Projects\PDFLab\backend\node_modules\mysql2\lib\base\connection.js:93:12)
      at PacketParser.executeStart (C:\Users\Mac\OneDrive\Desktop\Projects\PDFLab\backend\node_modules\mysql2\lib\packet_parser.js:75:16)
      at Socket.<anonymous> (C:\Users\Mac\OneDrive\Desktop\Projects\PDFLab\backend\node_modules\mysql2\lib\base\connection.js:100:25)
      at Socket.emit (node:events:518:28)
      at addChunk (node:internal/streams/readable:561:12)
      at readableAddChunkPushByteMode (node:internal/streams/readable:512:3)
      at Readable.push (node:internal/streams/readable:392:5) {
    code: 'ER_CANT_DROP_FIELD_OR_KEY',
    errno: 1091,
    sqlState: '42000',
    sqlMessage: "Can't DROP 'admin_audit_logs_ibfk_1'; check that column/key exists",
    sql: 'ALTER TABLE `admin_audit_logs` DROP FOREIGN KEY `admin_audit_logs_ibfk_1`;',
    parameters: undefined
  },
  original: Error: Can't DROP 'admin_audit_logs_ibfk_1'; check that column/key exists
      at Packet.asError (C:\Users\Mac\OneDrive\Desktop\Projects\PDFLab\backend\node_modules\mysql2\lib\packets\packet.js:740:17)
      at Query.execute (C:\Users\Mac\OneDrive\Desktop\Projects\PDFLab\backend\node_modules\mysql2\lib\commands\command.js:29:26)
      at Connection.handlePacket (C:\Users\Mac\OneDrive\Desktop\Projects\PDFLab\backend\node_modules\mysql2\lib\base\connection.js:477:34)
      at PacketParser.onPacket (C:\Users\Mac\OneDrive\Desktop\Projects\PDFLab\backend\node_modules\mysql2\lib\base\connection.js:93:12)
      at PacketParser.executeStart (C:\Users\Mac\OneDrive\Desktop\Projects\PDFLab\backend\node_modules\mysql2\lib\packet_parser.js:75:16)
      at Socket.<anonymous> (C:\Users\Mac\OneDrive\Desktop\Projects\PDFLab\backend\node_modules\mysql2\lib\base\connection.js:100:25)
      at Socket.emit (node:events:518:28)
      at addChunk (node:internal/streams/readable:561:12)
      at readableAddChunkPushByteMode (node:internal/streams/readable:512:3)
      at Readable.push (node:internal/streams/readable:392:5) {
    code: 'ER_CANT_DROP_FIELD_OR_KEY',
    errno: 1091,
    sqlState: '42000',
    sqlMessage: "Can't DROP 'admin_audit_logs_ibfk_1'; check that column/key exists",
    sql: 'ALTER TABLE `admin_audit_logs` DROP FOREIGN KEY `admin_audit_logs_ibfk_1`;',
    parameters: undefined
  },
  sql: 'ALTER TABLE `admin_audit_logs` DROP FOREIGN KEY `admin_audit_logs_ibfk_1`;',
  parameters: {}
}
14:33:40 [tsx] change in ./src\controllers\admin.controller.ts Rerunning...
c✓ Email service initialized with SMTP: smtp.hostinger.com
🚀 Starting PDFLab Backend API...
Executing (default): SELECT 1+1 AS result
✓ Database connection established successfully
Executing (default): SELECT TABLE_NAME FROM INFORMATION_SCHEMA.TABLES WHERE TABLE_TYPE = 'BASE TABLE' AND TABLE_NAME = 'users' AND TABLE_SCHEMA = 'pdflab'
Executing (default): SHOW FULL COLUMNS FROM `users`;
Executing (default): SELECT CONSTRAINT_NAME as constraint_name,CONSTRAINT_NAME as constraintName,CONSTRAINT_SCHEMA as constraintSchema,CONSTRAINT_SCHEMA as constraintCatalog,TABLE_NAME as tableName,TABLE_SCHEMA as tableSchema,TABLE_SCHEMA as tableCatalog,COLUMN_NAME as columnName,REFERENCED_TABLE_SCHEMA as referencedTableSchema,REFERENCED_TABLE_SCHEMA as referencedTableCatalog,REFERENCED_TABLE_NAME as referencedTableName,REFERENCED_COLUMN_NAME as referencedColumnName FROM INFORMATION_SCHEMA.KEY_COLUMN_USAGE where TABLE_NAME = 'users' AND CONSTRAINT_NAME!='PRIMARY' AND CONSTRAINT_SCHEMA='pdflab' AND REFERENCED_TABLE_NAME IS NOT NULL;
Executing (default): ALTER TABLE `users` CHANGE `email` `email` VARCHAR(255) NOT NULL UNIQUE;
Executing (default): ALTER TABLE `users` CHANGE `password_hash` `password_hash` VARCHAR(255) NOT NULL;
Executing (default): ALTER TABLE `users` CHANGE `name` `name` VARCHAR(255);
Executing (default): ALTER TABLE `users` CHANGE `role` `role` ENUM('user', 'support', 'finance', 'admin', 'super_admin') NOT NULL DEFAULT 'user';
Executing (default): ALTER TABLE `users` CHANGE `plan` `plan` ENUM('free', 'starter', 'pro', 'enterprise') NOT NULL DEFAULT 'free';
Executing (default): ALTER TABLE `users` CHANGE `conversions_used` `conversions_used` INTEGER NOT NULL DEFAULT 0;
Executing (default): ALTER TABLE `users` CHANGE `conversions_limit` `conversions_limit` INTEGER NOT NULL DEFAULT 3;
Executing (default): ALTER TABLE `users` CHANGE `stripe_customer_id` `stripe_customer_id` VARCHAR(255);
Executing (default): ALTER TABLE `users` CHANGE `subscription_id` `subscription_id` VARCHAR(255);
Executing (default): ALTER TABLE `users` CHANGE `subscription_status` `subscription_status` ENUM('active', 'canceled', 'past_due', 'trialing');
Executing (default): ALTER TABLE `users` CHANGE `subscription_end_date` `subscription_end_date` DATETIME;
Executing (default): ALTER TABLE `users` CHANGE `failed_reset_attempts` `failed_reset_attempts` INTEGER NOT NULL DEFAULT 0;
Executing (default): ALTER TABLE `users` CHANGE `reset_locked_until` `reset_locked_until` DATETIME;
Executing (default): ALTER TABLE `users` CHANGE `created_at` `created_at` DATETIME NOT NULL;
Executing (default): ALTER TABLE `users` CHANGE `updated_at` `updated_at` DATETIME NOT NULL;
Executing (default): ALTER TABLE `users` CHANGE `last_login` `last_login` DATETIME;
Executing (default): SHOW INDEX FROM `users` FROM `pdflab`
Executing (default): SELECT TABLE_NAME FROM INFORMATION_SCHEMA.TABLES WHERE TABLE_TYPE = 'BASE TABLE' AND TABLE_NAME = 'admin_audit_logs' AND TABLE_SCHEMA = 'pdflab'
Executing (default): SHOW FULL COLUMNS FROM `admin_audit_logs`;
Executing (default): SELECT CONSTRAINT_NAME as constraint_name,CONSTRAINT_NAME as constraintName,CONSTRAINT_SCHEMA as constraintSchema,CONSTRAINT_SCHEMA as constraintCatalog,TABLE_NAME as tableName,TABLE_SCHEMA as tableSchema,TABLE_SCHEMA as tableCatalog,COLUMN_NAME as columnName,REFERENCED_TABLE_SCHEMA as referencedTableSchema,REFERENCED_TABLE_SCHEMA as referencedTableCatalog,REFERENCED_TABLE_NAME as referencedTableName,REFERENCED_COLUMN_NAME as referencedColumnName FROM INFORMATION_SCHEMA.KEY_COLUMN_USAGE where TABLE_NAME = 'admin_audit_logs' AND CONSTRAINT_NAME!='PRIMARY' AND CONSTRAINT_SCHEMA='pdflab' AND REFERENCED_TABLE_NAME IS NOT NULL;
Executing (default): SELECT CONSTRAINT_CATALOG AS constraintCatalog, CONSTRAINT_NAME AS constraintName, CONSTRAINT_SCHEMA AS constraintSchema, CONSTRAINT_TYPE AS constraintType, TABLE_NAME AS tableName, TABLE_SCHEMA AS tableSchema from INFORMATION_SCHEMA.TABLE_CONSTRAINTS WHERE table_name='admin_audit_logs' AND constraint_name = 'admin_audit_logs_ibfk_1' AND TABLE_SCHEMA = 'pdflab';
Executing (default): ALTER TABLE `admin_audit_logs` DROP FOREIGN KEY `admin_audit_logs_ibfk_1`;
Executing (default): ALTER TABLE `admin_audit_logs` ADD FOREIGN KEY (`admin_user_id`) REFERENCES `users` (`id`) ON DELETE CASCADE ON UPDATE CASCADE;
Executing (default): ALTER TABLE `admin_audit_logs` CHANGE `action` `action` VARCHAR(100) NOT NULL;
Executing (default): ALTER TABLE `admin_audit_logs` CHANGE `entity_type` `entity_type` VARCHAR(50) NOT NULL;
Executing (default): ALTER TABLE `admin_audit_logs` CHANGE `entity_id` `entity_id` CHAR(36) BINARY;
Executing (default): ALTER TABLE `admin_audit_logs` CHANGE `changes` `changes` JSON;
Executing (default): ALTER TABLE `admin_audit_logs` CHANGE `ip_address` `ip_address` VARCHAR(45);
Executing (default): ALTER TABLE `admin_audit_logs` CHANGE `user_agent` `user_agent` TEXT;
Executing (default): ALTER TABLE `admin_audit_logs` CHANGE `severity` `severity` ENUM('info', 'warning', 'critical') NOT NULL DEFAULT 'info';
Executing (default): ALTER TABLE `admin_audit_logs` CHANGE `checksum` `checksum` VARCHAR(64);
Executing (default): ALTER TABLE `admin_audit_logs` CHANGE `created_at` `created_at` DATETIME NOT NULL;
Executing (default): SHOW INDEX FROM `admin_audit_logs` FROM `pdflab`
Executing (default): SELECT TABLE_NAME FROM INFORMATION_SCHEMA.TABLES WHERE TABLE_TYPE = 'BASE TABLE' AND TABLE_NAME = 'system_health_logs' AND TABLE_SCHEMA = 'pdflab'
Executing (default): SHOW FULL COLUMNS FROM `system_health_logs`;
Executing (default): SELECT CONSTRAINT_NAME as constraint_name,CONSTRAINT_NAME as constraintName,CONSTRAINT_SCHEMA as constraintSchema,CONSTRAINT_SCHEMA as constraintCatalog,TABLE_NAME as tableName,TABLE_SCHEMA as tableSchema,TABLE_SCHEMA as tableCatalog,COLUMN_NAME as columnName,REFERENCED_TABLE_SCHEMA as referencedTableSchema,REFERENCED_TABLE_SCHEMA as referencedTableCatalog,REFERENCED_TABLE_NAME as referencedTableName,REFERENCED_COLUMN_NAME as referencedColumnName FROM INFORMATION_SCHEMA.KEY_COLUMN_USAGE where TABLE_NAME = 'system_health_logs' AND CONSTRAINT_NAME!='PRIMARY' AND CONSTRAINT_SCHEMA='pdflab' AND REFERENCED_TABLE_NAME IS NOT NULL;
Executing (default): ALTER TABLE `system_health_logs` CHANGE `metric_name` `metric_name` VARCHAR(100) NOT NULL;
Executing (default): ALTER TABLE `system_health_logs` CHANGE `metric_value` `metric_value` DECIMAL(10,2);
Executing (default): ALTER TABLE `system_health_logs` CHANGE `status` `status` ENUM('healthy', 'warning', 'critical') NOT NULL DEFAULT 'healthy';
Executing (default): ALTER TABLE `system_health_logs` CHANGE `details` `details` JSON;
Executing (default): ALTER TABLE `system_health_logs` CHANGE `created_at` `created_at` DATETIME NOT NULL;
Executing (default): SHOW INDEX FROM `system_health_logs` FROM `pdflab`
Executing (default): SELECT TABLE_NAME FROM INFORMATION_SCHEMA.TABLES WHERE TABLE_TYPE = 'BASE TABLE' AND TABLE_NAME = 'conversion_jobs' AND TABLE_SCHEMA = 'pdflab'
Executing (default): SHOW FULL COLUMNS FROM `conversion_jobs`;
Executing (default): SELECT CONSTRAINT_NAME as constraint_name,CONSTRAINT_NAME as constraintName,CONSTRAINT_SCHEMA as constraintSchema,CONSTRAINT_SCHEMA as constraintCatalog,TABLE_NAME as tableName,TABLE_SCHEMA as tableSchema,TABLE_SCHEMA as tableCatalog,COLUMN_NAME as columnName,REFERENCED_TABLE_SCHEMA as referencedTableSchema,REFERENCED_TABLE_SCHEMA as referencedTableCatalog,REFERENCED_TABLE_NAME as referencedTableName,REFERENCED_COLUMN_NAME as referencedColumnName FROM INFORMATION_SCHEMA.KEY_COLUMN_USAGE where TABLE_NAME = 'conversion_jobs' AND CONSTRAINT_NAME!='PRIMARY' AND CONSTRAINT_SCHEMA='pdflab' AND REFERENCED_TABLE_NAME IS NOT NULL;
Executing (default): ALTER TABLE `conversion_jobs` CHANGE `user_id` `user_id` CHAR(36) BINARY;
Executing (default): ALTER TABLE `conversion_jobs` CHANGE `type` `type` ENUM('pdf_to_pptx', 'pdf_to_docx', 'pdf_to_xlsx', 'pdf_to_images', 'pdf_merge') NOT NULL;
Executing (default): ALTER TABLE `conversion_jobs` CHANGE `status` `status` ENUM('pending', 'queued', 'processing', 'completed', 'failed') NOT NULL DEFAULT 'pending';
Executing (default): ALTER TABLE `conversion_jobs` CHANGE `progress` `progress` INTEGER NOT NULL DEFAULT 0;
Executing (default): ALTER TABLE `conversion_jobs` CHANGE `input_file` `input_file` VARCHAR(500);
Executing (default): ALTER TABLE `conversion_jobs` CHANGE `output_file` `output_file` VARCHAR(500);
Executing (default): ALTER TABLE `conversion_jobs` CHANGE `file_name` `file_name` VARCHAR(255) NOT NULL;
Executing (default): ALTER TABLE `conversion_jobs` CHANGE `file_size` `file_size` BIGINT NOT NULL;
Executing (default): ALTER TABLE `conversion_jobs` CHANGE `cloudconvert_job_id` `cloudconvert_job_id` VARCHAR(255);
Executing (default): ALTER TABLE `conversion_jobs` CHANGE `error_message` `error_message` TEXT;
Executing (default): ALTER TABLE `conversion_jobs` CHANGE `estimated_time` `estimated_time` INTEGER COMMENT 'Estimated processing time in seconds';
Executing (default): ALTER TABLE `conversion_jobs` CHANGE `processing_started_at` `processing_started_at` DATETIME;
Executing (default): ALTER TABLE `conversion_jobs` CHANGE `processing_completed_at` `processing_completed_at` DATETIME;
Executing (default): ALTER TABLE `conversion_jobs` CHANGE `created_at` `created_at` DATETIME NOT NULL;
Executing (default): ALTER TABLE `conversion_jobs` CHANGE `updated_at` `updated_at` DATETIME NOT NULL;
Executing (default): ALTER TABLE `conversion_jobs` CHANGE `expires_at` `expires_at` DATETIME NOT NULL;
Executing (default): SHOW INDEX FROM `conversion_jobs` FROM `pdflab`
Executing (default): SELECT TABLE_NAME FROM INFORMATION_SCHEMA.TABLES WHERE TABLE_TYPE = 'BASE TABLE' AND TABLE_NAME = 'usage_logs' AND TABLE_SCHEMA = 'pdflab'
Executing (default): SHOW FULL COLUMNS FROM `usage_logs`;
Executing (default): SELECT CONSTRAINT_NAME as constraint_name,CONSTRAINT_NAME as constraintName,CONSTRAINT_SCHEMA as constraintSchema,CONSTRAINT_SCHEMA as constraintCatalog,TABLE_NAME as tableName,TABLE_SCHEMA as tableSchema,TABLE_SCHEMA as tableCatalog,COLUMN_NAME as columnName,REFERENCED_TABLE_SCHEMA as referencedTableSchema,REFERENCED_TABLE_SCHEMA as referencedTableCatalog,REFERENCED_TABLE_NAME as referencedTableName,REFERENCED_COLUMN_NAME as referencedColumnName FROM INFORMATION_SCHEMA.KEY_COLUMN_USAGE where TABLE_NAME = 'usage_logs' AND CONSTRAINT_NAME!='PRIMARY' AND CONSTRAINT_SCHEMA='pdflab' AND REFERENCED_TABLE_NAME IS NOT NULL;
Executing (default): SELECT CONSTRAINT_CATALOG AS constraintCatalog, CONSTRAINT_NAME AS constraintName, CONSTRAINT_SCHEMA AS constraintSchema, CONSTRAINT_TYPE AS constraintType, TABLE_NAME AS tableName, TABLE_SCHEMA AS tableSchema from INFORMATION_SCHEMA.TABLE_CONSTRAINTS WHERE table_name='usage_logs' AND constraint_name = 'usage_logs_ibfk_121' AND TABLE_SCHEMA = 'pdflab';
Executing (default): ALTER TABLE `usage_logs` DROP FOREIGN KEY `usage_logs_ibfk_121`;
Executing (default): ALTER TABLE `usage_logs` ADD FOREIGN KEY (`user_id`) REFERENCES `users` (`id`) ON DELETE CASCADE ON UPDATE CASCADE;
Executing (default): SELECT CONSTRAINT_CATALOG AS constraintCatalog, CONSTRAINT_NAME AS constraintName, CONSTRAINT_SCHEMA AS constraintSchema, CONSTRAINT_TYPE AS constraintType, TABLE_NAME AS tableName, TABLE_SCHEMA AS tableSchema from INFORMATION_SCHEMA.TABLE_CONSTRAINTS WHERE table_name='usage_logs' AND constraint_name = 'usage_logs_ibfk_122' AND TABLE_SCHEMA = 'pdflab';
Executing (default): ALTER TABLE `usage_logs` DROP FOREIGN KEY `usage_logs_ibfk_122`;
Executing (default): ALTER TABLE `usage_logs` ADD FOREIGN KEY (`job_id`) REFERENCES `conversion_jobs` (`id`) ON DELETE SET NULL ON UPDATE CASCADE;
Executing (default): ALTER TABLE `usage_logs` CHANGE `operation_type` `operation_type` VARCHAR(50) NOT NULL;
Executing (default): ALTER TABLE `usage_logs` CHANGE `success` `success` TINYINT(1) NOT NULL DEFAULT false;
Executing (default): ALTER TABLE `usage_logs` CHANGE `processing_time` `processing_time` INTEGER COMMENT 'Processing time in milliseconds';
Executing (default): ALTER TABLE `usage_logs` CHANGE `file_size` `file_size` BIGINT NOT NULL;
Executing (default): ALTER TABLE `usage_logs` CHANGE `error_code` `error_code` VARCHAR(50);
Executing (default): ALTER TABLE `usage_logs` CHANGE `timestamp` `timestamp` DATETIME NOT NULL;
Executing (default): SHOW INDEX FROM `usage_logs` FROM `pdflab`
Executing (default): SELECT TABLE_NAME FROM INFORMATION_SCHEMA.TABLES WHERE TABLE_TYPE = 'BASE TABLE' AND TABLE_NAME = 'subscriptions' AND TABLE_SCHEMA = 'pdflab'
Executing (default): SHOW FULL COLUMNS FROM `subscriptions`;
Executing (default): SELECT CONSTRAINT_NAME as constraint_name,CONSTRAINT_NAME as constraintName,CONSTRAINT_SCHEMA as constraintSchema,CONSTRAINT_SCHEMA as constraintCatalog,TABLE_NAME as tableName,TABLE_SCHEMA as tableSchema,TABLE_SCHEMA as tableCatalog,COLUMN_NAME as columnName,REFERENCED_TABLE_SCHEMA as referencedTableSchema,REFERENCED_TABLE_SCHEMA as referencedTableCatalog,REFERENCED_TABLE_NAME as referencedTableName,REFERENCED_COLUMN_NAME as referencedColumnName FROM INFORMATION_SCHEMA.KEY_COLUMN_USAGE where TABLE_NAME = 'subscriptions' AND CONSTRAINT_NAME!='PRIMARY' AND CONSTRAINT_SCHEMA='pdflab' AND REFERENCED_TABLE_NAME IS NOT NULL;
Executing (default): SELECT CONSTRAINT_CATALOG AS constraintCatalog, CONSTRAINT_NAME AS constraintName, CONSTRAINT_SCHEMA AS constraintSchema, CONSTRAINT_TYPE AS constraintType, TABLE_NAME AS tableName, TABLE_SCHEMA AS tableSchema from INFORMATION_SCHEMA.TABLE_CONSTRAINTS WHERE table_name='subscriptions' AND constraint_name = 'subscriptions_ibfk_1' AND TABLE_SCHEMA = 'pdflab';
Executing (default): ALTER TABLE `subscriptions` DROP FOREIGN KEY `subscriptions_ibfk_1`;
Executing (default): ALTER TABLE `subscriptions` ADD FOREIGN KEY (`user_id`) REFERENCES `users` (`id`) ON DELETE CASCADE ON UPDATE CASCADE;
Executing (default): ALTER TABLE `subscriptions` CHANGE `plan` `plan` ENUM('free', 'starter', 'pro', 'enterprise') NOT NULL DEFAULT 'free';
Executing (default): ALTER TABLE `subscriptions` CHANGE `status` `status` ENUM('active', 'canceled', 'past_due', 'trialing', 'pending') NOT NULL DEFAULT 'pending';
Executing (default): ALTER TABLE `subscriptions` CHANGE `payfast_token` `payfast_token` VARCHAR(255) COMMENT 'PayFast subscription token for recurring payments';
Executing (default): ALTER TABLE `subscriptions` CHANGE `payfast_subscription_id` `payfast_subscription_id` VARCHAR(255) COMMENT 'PayFast subscription ID';
Executing (default): ALTER TABLE `subscriptions` CHANGE `amount` `amount` DECIMAL(10,2) NOT NULL COMMENT 'Subscription amount in currency';
Executing (default): ALTER TABLE `subscriptions` CHANGE `currency` `currency` VARCHAR(3) NOT NULL DEFAULT 'USD' COMMENT 'Currency code (USD for United States Dollar)';
Executing (default): ALTER TABLE `subscriptions` CHANGE `billing_date` `billing_date` DATETIME COMMENT 'First billing date';
Executing (default): ALTER TABLE `subscriptions` CHANGE `next_billing_date` `next_billing_date` DATETIME COMMENT 'Next billing date for recurring subscription';
Executing (default): ALTER TABLE `subscriptions` CHANGE `cancel_at` `cancel_at` DATETIME COMMENT 'Scheduled cancellation date';
Executing (default): ALTER TABLE `subscriptions` CHANGE `canceled_at` `canceled_at` DATETIME COMMENT 'Actual cancellation timestamp';
Executing (default): ALTER TABLE `subscriptions` CHANGE `trial_end` `trial_end` DATETIME COMMENT 'Trial period end date';
Executing (default): ALTER TABLE `subscriptions` CHANGE `started_at` `started_at` DATETIME NOT NULL COMMENT 'Subscription start date';
Executing (default): ALTER TABLE `subscriptions` CHANGE `ended_at` `ended_at` DATETIME COMMENT 'Subscription end date (if canceled)';
Executing (default): ALTER TABLE `subscriptions` CHANGE `created_at` `created_at` DATETIME NOT NULL;
Executing (default): ALTER TABLE `subscriptions` CHANGE `updated_at` `updated_at` DATETIME NOT NULL;
Executing (default): SHOW INDEX FROM `subscriptions` FROM `pdflab`
Executing (default): SELECT TABLE_NAME FROM INFORMATION_SCHEMA.TABLES WHERE TABLE_TYPE = 'BASE TABLE' AND TABLE_NAME = 'payment_logs' AND TABLE_SCHEMA = 'pdflab'
Executing (default): SHOW FULL COLUMNS FROM `payment_logs`;
Executing (default): SELECT CONSTRAINT_NAME as constraint_name,CONSTRAINT_NAME as constraintName,CONSTRAINT_SCHEMA as constraintSchema,CONSTRAINT_SCHEMA as constraintCatalog,TABLE_NAME as tableName,TABLE_SCHEMA as tableSchema,TABLE_SCHEMA as tableCatalog,COLUMN_NAME as columnName,REFERENCED_TABLE_SCHEMA as referencedTableSchema,REFERENCED_TABLE_SCHEMA as referencedTableCatalog,REFERENCED_TABLE_NAME as referencedTableName,REFERENCED_COLUMN_NAME as referencedColumnName FROM INFORMATION_SCHEMA.KEY_COLUMN_USAGE where TABLE_NAME = 'payment_logs' AND CONSTRAINT_NAME!='PRIMARY' AND CONSTRAINT_SCHEMA='pdflab' AND REFERENCED_TABLE_NAME IS NOT NULL;
Executing (default): SELECT CONSTRAINT_CATALOG AS constraintCatalog, CONSTRAINT_NAME AS constraintName, CONSTRAINT_SCHEMA AS constraintSchema, CONSTRAINT_TYPE AS constraintType, TABLE_NAME AS tableName, TABLE_SCHEMA AS tableSchema from INFORMATION_SCHEMA.TABLE_CONSTRAINTS WHERE table_name='payment_logs' AND constraint_name = 'payment_logs_ibfk_95' AND TABLE_SCHEMA = 'pdflab';
Executing (default): ALTER TABLE `payment_logs` DROP FOREIGN KEY `payment_logs_ibfk_95`;
Executing (default): ALTER TABLE `payment_logs` ADD FOREIGN KEY (`user_id`) REFERENCES `users` (`id`) ON DELETE CASCADE ON UPDATE CASCADE;
Executing (default): SELECT CONSTRAINT_CATALOG AS constraintCatalog, CONSTRAINT_NAME AS constraintName, CONSTRAINT_SCHEMA AS constraintSchema, CONSTRAINT_TYPE AS constraintType, TABLE_NAME AS tableName, TABLE_SCHEMA AS tableSchema from INFORMATION_SCHEMA.TABLE_CONSTRAINTS WHERE table_name='payment_logs' AND constraint_name = 'payment_logs_ibfk_96' AND TABLE_SCHEMA = 'pdflab';
Executing (default): ALTER TABLE `payment_logs` DROP FOREIGN KEY `payment_logs_ibfk_96`;
Executing (default): ALTER TABLE `payment_logs` ADD FOREIGN KEY (`subscription_id`) REFERENCES `subscriptions` (`id`) ON DELETE SET NULL ON UPDATE CASCADE;
Executing (default): ALTER TABLE `payment_logs` CHANGE `transaction_id` `transaction_id` VARCHAR(255) NOT NULL UNIQUE COMMENT 'Our internal transaction ID (m_payment_id)';
Executing (default): ALTER TABLE `payment_logs` CHANGE `payfast_payment_id` `payfast_payment_id` VARCHAR(255) COMMENT 'PayFast payment ID (pf_payment_id)';
Executing (default): ALTER TABLE `payment_logs` CHANGE `payment_type` `payment_type` ENUM('subscription', 'subscription_payment', 'one_time', 'refund') NOT NULL DEFAULT 'one_time';
Executing (default): ALTER TABLE `payment_logs` CHANGE `status` `status` ENUM('complete', 'failed', 'pending', 'cancelled') NOT NULL DEFAULT 'pending';
Executing (default): ALTER TABLE `payment_logs` CHANGE `amount_gross` `amount_gross` DECIMAL(10,2) NOT NULL COMMENT 'Gross amount before fees';
Executing (default): ALTER TABLE `payment_logs` CHANGE `amount_fee` `amount_fee` DECIMAL(10,2) NOT NULL DEFAULT 0 COMMENT 'PayFast processing fee';
Executing (default): ALTER TABLE `payment_logs` CHANGE `amount_net` `amount_net` DECIMAL(10,2) NOT NULL COMMENT 'Net amount after fees';
Executing (default): ALTER TABLE `payment_logs` CHANGE `currency` `currency` VARCHAR(3) NOT NULL DEFAULT 'USD';
Executing (default): ALTER TABLE `payment_logs` CHANGE `plan` `plan` VARCHAR(50) NOT NULL COMMENT 'Plan name (free, starter, pro, enterprise)';
Executing (default): ALTER TABLE `payment_logs` CHANGE `payment_method` `payment_method` VARCHAR(50) COMMENT 'Payment method used (eft, credit_card, etc.)';
Executing (default): ALTER TABLE `payment_logs` CHANGE `name_first` `name_first` VARCHAR(255) NOT NULL;
Executing (default): ALTER TABLE `payment_logs` CHANGE `name_last` `name_last` VARCHAR(255);
Executing (default): ALTER TABLE `payment_logs` CHANGE `email_address` `email_address` VARCHAR(255) NOT NULL;
Executing (default): ALTER TABLE `payment_logs` CHANGE `item_name` `item_name` VARCHAR(255) NOT NULL;
Executing (default): ALTER TABLE `payment_logs` CHANGE `item_description` `item_description` TEXT;
Executing (default): ALTER TABLE `payment_logs` CHANGE `custom_data` `custom_data` JSON COMMENT 'Custom data sent to PayFast';
Executing (default): ALTER TABLE `payment_logs` CHANGE `itn_data` `itn_data` JSON COMMENT 'Full ITN notification data from PayFast';
Executing (default): ALTER TABLE `payment_logs` CHANGE `error_message` `error_message` TEXT COMMENT 'Error message if payment failed';
Executing (default): ALTER TABLE `payment_logs` CHANGE `processed_at` `processed_at` DATETIME COMMENT 'When the payment was processed';
Executing (default): ALTER TABLE `payment_logs` CHANGE `created_at` `created_at` DATETIME NOT NULL;
Executing (default): ALTER TABLE `payment_logs` CHANGE `updated_at` `updated_at` DATETIME NOT NULL;
Executing (default): SHOW INDEX FROM `payment_logs` FROM `pdflab`
Executing (default): SELECT TABLE_NAME FROM INFORMATION_SCHEMA.TABLES WHERE TABLE_TYPE = 'BASE TABLE' AND TABLE_NAME = 'password_history' AND TABLE_SCHEMA = 'pdflab'
Executing (default): SHOW FULL COLUMNS FROM `password_history`;
Executing (default): SELECT CONSTRAINT_NAME as constraint_name,CONSTRAINT_NAME as constraintName,CONSTRAINT_SCHEMA as constraintSchema,CONSTRAINT_SCHEMA as constraintCatalog,TABLE_NAME as tableName,TABLE_SCHEMA as tableSchema,TABLE_SCHEMA as tableCatalog,COLUMN_NAME as columnName,REFERENCED_TABLE_SCHEMA as referencedTableSchema,REFERENCED_TABLE_SCHEMA as referencedTableCatalog,REFERENCED_TABLE_NAME as referencedTableName,REFERENCED_COLUMN_NAME as referencedColumnName FROM INFORMATION_SCHEMA.KEY_COLUMN_USAGE where TABLE_NAME = 'password_history' AND CONSTRAINT_NAME!='PRIMARY' AND CONSTRAINT_SCHEMA='pdflab' AND REFERENCED_TABLE_NAME IS NOT NULL;
Executing (default): SELECT CONSTRAINT_CATALOG AS constraintCatalog, CONSTRAINT_NAME AS constraintName, CONSTRAINT_SCHEMA AS constraintSchema, CONSTRAINT_TYPE AS constraintType, TABLE_NAME AS tableName, TABLE_SCHEMA AS tableSchema from INFORMATION_SCHEMA.TABLE_CONSTRAINTS WHERE table_name='password_history' AND constraint_name = 'password_history_ibfk_1' AND TABLE_SCHEMA = 'pdflab';
Executing (default): ALTER TABLE `password_history` DROP FOREIGN KEY `password_history_ibfk_1`;
Executing (default): ALTER TABLE `password_history` ADD FOREIGN KEY (`user_id`) REFERENCES `users` (`id`) ON DELETE CASCADE ON UPDATE CASCADE;
Executing (default): ALTER TABLE `password_history` CHANGE `password_hash` `password_hash` VARCHAR(255) NOT NULL;
Executing (default): ALTER TABLE `password_history` CHANGE `created_at` `created_at` DATETIME NOT NULL;
Executing (default): SHOW INDEX FROM `password_history` FROM `pdflab`
✓ Database synchronized successfully
✓ Redis client connected
🔧 Initializing Bull queues...
  Creating conversion queue...
  ✓ Conversion queue created
  Creating cleanup queue...
  ✓ Cleanup queue created
✓ Bull queues initialized
✓ Initializing conversion worker...
✓ Initializing cleanup worker...
✓ Job workers initialized
[Quota Reset] Initializing monthly quota reset cron job...
[Quota Reset] Schedule: 0 0 1 * * (1st of month at midnight)
✓ Quota reset cron job initialized and scheduled
✓ Next reset: 2025-12-01T00:00:00.000-05:00
✓ Monthly quota reset scheduled
✓ PDFLab API Server running
✓ Environment: development
✓ Port: 3006
✓ Health check: http://localhost:3006/health
✓ API endpoint: http://localhost:3006/api
14:35:57 [tsx] change in ./src\routes\admin.routes.ts Restarting...
c✓ Email service initialized with SMTP: smtp.hostinger.com
🚀 Starting PDFLab Backend API...
Executing (default): SELECT 1+1 AS result
✓ Database connection established successfully
Executing (default): SELECT TABLE_NAME FROM INFORMATION_SCHEMA.TABLES WHERE TABLE_TYPE = 'BASE TABLE' AND TABLE_NAME = 'users' AND TABLE_SCHEMA = 'pdflab'
Executing (default): SHOW FULL COLUMNS FROM `users`;
Executing (default): SELECT CONSTRAINT_NAME as constraint_name,CONSTRAINT_NAME as constraintName,CONSTRAINT_SCHEMA as constraintSchema,CONSTRAINT_SCHEMA as constraintCatalog,TABLE_NAME as tableName,TABLE_SCHEMA as tableSchema,TABLE_SCHEMA as tableCatalog,COLUMN_NAME as columnName,REFERENCED_TABLE_SCHEMA as referencedTableSchema,REFERENCED_TABLE_SCHEMA as referencedTableCatalog,REFERENCED_TABLE_NAME as referencedTableName,REFERENCED_COLUMN_NAME as referencedColumnName FROM INFORMATION_SCHEMA.KEY_COLUMN_USAGE where TABLE_NAME = 'users' AND CONSTRAINT_NAME!='PRIMARY' AND CONSTRAINT_SCHEMA='pdflab' AND REFERENCED_TABLE_NAME IS NOT NULL;
Executing (default): ALTER TABLE `users` CHANGE `email` `email` VARCHAR(255) NOT NULL UNIQUE;
Executing (default): ALTER TABLE `users` CHANGE `password_hash` `password_hash` VARCHAR(255) NOT NULL;
Executing (default): ALTER TABLE `users` CHANGE `name` `name` VARCHAR(255);
Executing (default): ALTER TABLE `users` CHANGE `role` `role` ENUM('user', 'support', 'finance', 'admin', 'super_admin') NOT NULL DEFAULT 'user';
14:36:06 [tsx] change in ./src\routes\admin.routes.ts Restarting...
c✓ Email service initialized with SMTP: smtp.hostinger.com
🚀 Starting PDFLab Backend API...
Executing (default): SELECT 1+1 AS result
✓ Database connection established successfully
Executing (default): SELECT TABLE_NAME FROM INFORMATION_SCHEMA.TABLES WHERE TABLE_TYPE = 'BASE TABLE' AND TABLE_NAME = 'users' AND TABLE_SCHEMA = 'pdflab'
Executing (default): SHOW FULL COLUMNS FROM `users`;
Executing (default): SELECT CONSTRAINT_NAME as constraint_name,CONSTRAINT_NAME as constraintName,CONSTRAINT_SCHEMA as constraintSchema,CONSTRAINT_SCHEMA as constraintCatalog,TABLE_NAME as tableName,TABLE_SCHEMA as tableSchema,TABLE_SCHEMA as tableCatalog,COLUMN_NAME as columnName,REFERENCED_TABLE_SCHEMA as referencedTableSchema,REFERENCED_TABLE_SCHEMA as referencedTableCatalog,REFERENCED_TABLE_NAME as referencedTableName,REFERENCED_COLUMN_NAME as referencedColumnName FROM INFORMATION_SCHEMA.KEY_COLUMN_USAGE where TABLE_NAME = 'users' AND CONSTRAINT_NAME!='PRIMARY' AND CONSTRAINT_SCHEMA='pdflab' AND REFERENCED_TABLE_NAME IS NOT NULL;
Executing (default): ALTER TABLE `users` CHANGE `email` `email` VARCHAR(255) NOT NULL UNIQUE;
Executing (default): ALTER TABLE `users` CHANGE `password_hash` `password_hash` VARCHAR(255) NOT NULL;
Executing (default): ALTER TABLE `users` CHANGE `name` `name` VARCHAR(255);
Executing (default): ALTER TABLE `users` CHANGE `role` `role` ENUM('user', 'support', 'finance', 'admin', 'super_admin') NOT NULL DEFAULT 'user';
Executing (default): ALTER TABLE `users` CHANGE `plan` `plan` ENUM('free', 'starter', 'pro', 'enterprise') NOT NULL DEFAULT 'free';
Executing (default): ALTER TABLE `users` CHANGE `conversions_used` `conversions_used` INTEGER NOT NULL DEFAULT 0;
Executing (default): ALTER TABLE `users` CHANGE `conversions_limit` `conversions_limit` INTEGER NOT NULL DEFAULT 3;
Executing (default): ALTER TABLE `users` CHANGE `stripe_customer_id` `stripe_customer_id` VARCHAR(255);
Executing (default): ALTER TABLE `users` CHANGE `subscription_id` `subscription_id` VARCHAR(255);
Executing (default): ALTER TABLE `users` CHANGE `subscription_status` `subscription_status` ENUM('active', 'canceled', 'past_due', 'trialing');
Executing (default): ALTER TABLE `users` CHANGE `subscription_end_date` `subscription_end_date` DATETIME;
Executing (default): ALTER TABLE `users` CHANGE `failed_reset_attempts` `failed_reset_attempts` INTEGER NOT NULL DEFAULT 0;
Executing (default): ALTER TABLE `users` CHANGE `reset_locked_until` `reset_locked_until` DATETIME;
Executing (default): ALTER TABLE `users` CHANGE `created_at` `created_at` DATETIME NOT NULL;
Executing (default): ALTER TABLE `users` CHANGE `updated_at` `updated_at` DATETIME NOT NULL;
Executing (default): ALTER TABLE `users` CHANGE `last_login` `last_login` DATETIME;
Executing (default): SHOW INDEX FROM `users` FROM `pdflab`
Executing (default): SELECT TABLE_NAME FROM INFORMATION_SCHEMA.TABLES WHERE TABLE_TYPE = 'BASE TABLE' AND TABLE_NAME = 'admin_audit_logs' AND TABLE_SCHEMA = 'pdflab'
Executing (default): SHOW FULL COLUMNS FROM `admin_audit_logs`;
Executing (default): SELECT CONSTRAINT_NAME as constraint_name,CONSTRAINT_NAME as constraintName,CONSTRAINT_SCHEMA as constraintSchema,CONSTRAINT_SCHEMA as constraintCatalog,TABLE_NAME as tableName,TABLE_SCHEMA as tableSchema,TABLE_SCHEMA as tableCatalog,COLUMN_NAME as columnName,REFERENCED_TABLE_SCHEMA as referencedTableSchema,REFERENCED_TABLE_SCHEMA as referencedTableCatalog,REFERENCED_TABLE_NAME as referencedTableName,REFERENCED_COLUMN_NAME as referencedColumnName FROM INFORMATION_SCHEMA.KEY_COLUMN_USAGE where TABLE_NAME = 'admin_audit_logs' AND CONSTRAINT_NAME!='PRIMARY' AND CONSTRAINT_SCHEMA='pdflab' AND REFERENCED_TABLE_NAME IS NOT NULL;
Executing (default): SELECT CONSTRAINT_CATALOG AS constraintCatalog, CONSTRAINT_NAME AS constraintName, CONSTRAINT_SCHEMA AS constraintSchema, CONSTRAINT_TYPE AS constraintType, TABLE_NAME AS tableName, TABLE_SCHEMA AS tableSchema from INFORMATION_SCHEMA.TABLE_CONSTRAINTS WHERE table_name='admin_audit_logs' AND constraint_name = 'admin_audit_logs_ibfk_1' AND TABLE_SCHEMA = 'pdflab';
Executing (default): ALTER TABLE `admin_audit_logs` DROP FOREIGN KEY `admin_audit_logs_ibfk_1`;
✗ Database sync failed: Error
    at Query.run (C:\Users\Mac\OneDrive\Desktop\Projects\PDFLab\backend\node_modules\sequelize\src\dialects\mysql\query.js:46:25)
    at <anonymous> (C:\Users\Mac\OneDrive\Desktop\Projects\PDFLab\backend\node_modules\sequelize\src\sequelize.js:650:28)
    at process.processTicksAndRejections (node:internal/process/task_queues:105:5)
    at async MySQLQueryInterface.removeConstraint (C:\Users\Mac\OneDrive\Desktop\Projects\PDFLab\backend\node_modules\sequelize\src\dialects\mysql\query-interface.js:86:12)
    at async Function.sync (C:\Users\Mac\OneDrive\Desktop\Projects\PDFLab\backend\node_modules\sequelize\src\model.js:1402:17)
    at async Sequelize.sync (C:\Users\Mac\OneDrive\Desktop\Projects\PDFLab\backend\node_modules\sequelize\src\sequelize.js:825:9)
    at async syncDatabase (C:\Users\Mac\OneDrive\Desktop\Projects\PDFLab\backend\src\config\database.ts:40:5)
    at async startServer (C:\Users\Mac\OneDrive\Desktop\Projects\PDFLab\backend\src\server.ts:236:7) {
  name: 'SequelizeDatabaseError',
  parent: Error: Can't DROP 'admin_audit_logs_ibfk_1'; check that column/key exists
      at Packet.asError (C:\Users\Mac\OneDrive\Desktop\Projects\PDFLab\backend\node_modules\mysql2\lib\packets\packet.js:740:17)
      at Query.execute (C:\Users\Mac\OneDrive\Desktop\Projects\PDFLab\backend\node_modules\mysql2\lib\commands\command.js:29:26)
      at Connection.handlePacket (C:\Users\Mac\OneDrive\Desktop\Projects\PDFLab\backend\node_modules\mysql2\lib\base\connection.js:477:34)
      at PacketParser.onPacket (C:\Users\Mac\OneDrive\Desktop\Projects\PDFLab\backend\node_modules\mysql2\lib\base\connection.js:93:12)
      at PacketParser.executeStart (C:\Users\Mac\OneDrive\Desktop\Projects\PDFLab\backend\node_modules\mysql2\lib\packet_parser.js:75:16)
      at Socket.<anonymous> (C:\Users\Mac\OneDrive\Desktop\Projects\PDFLab\backend\node_modules\mysql2\lib\base\connection.js:100:25)
      at Socket.emit (node:events:518:28)
      at addChunk (node:internal/streams/readable:561:12)
      at readableAddChunkPushByteMode (node:internal/streams/readable:512:3)
      at Readable.push (node:internal/streams/readable:392:5) {
    code: 'ER_CANT_DROP_FIELD_OR_KEY',
    errno: 1091,
    sqlState: '42000',
    sqlMessage: "Can't DROP 'admin_audit_logs_ibfk_1'; check that column/key exists",
    sql: 'ALTER TABLE `admin_audit_logs` DROP FOREIGN KEY `admin_audit_logs_ibfk_1`;',
    parameters: undefined
  },
  original: Error: Can't DROP 'admin_audit_logs_ibfk_1'; check that column/key exists
      at Packet.asError (C:\Users\Mac\OneDrive\Desktop\Projects\PDFLab\backend\node_modules\mysql2\lib\packets\packet.js:740:17)
      at Query.execute (C:\Users\Mac\OneDrive\Desktop\Projects\PDFLab\backend\node_modules\mysql2\lib\commands\command.js:29:26)
      at Connection.handlePacket (C:\Users\Mac\OneDrive\Desktop\Projects\PDFLab\backend\node_modules\mysql2\lib\base\connection.js:477:34)
      at PacketParser.onPacket (C:\Users\Mac\OneDrive\Desktop\Projects\PDFLab\backend\node_modules\mysql2\lib\base\connection.js:93:12)
      at PacketParser.executeStart (C:\Users\Mac\OneDrive\Desktop\Projects\PDFLab\backend\node_modules\mysql2\lib\packet_parser.js:75:16)
      at Socket.<anonymous> (C:\Users\Mac\OneDrive\Desktop\Projects\PDFLab\backend\node_modules\mysql2\lib\base\connection.js:100:25)
      at Socket.emit (node:events:518:28)
      at addChunk (node:internal/streams/readable:561:12)
      at readableAddChunkPushByteMode (node:internal/streams/readable:512:3)
      at Readable.push (node:internal/streams/readable:392:5) {
    code: 'ER_CANT_DROP_FIELD_OR_KEY',
    errno: 1091,
    sqlState: '42000',
    sqlMessage: "Can't DROP 'admin_audit_logs_ibfk_1'; check that column/key exists",
    sql: 'ALTER TABLE `admin_audit_logs` DROP FOREIGN KEY `admin_audit_logs_ibfk_1`;',
    parameters: undefined
  },
  sql: 'ALTER TABLE `admin_audit_logs` DROP FOREIGN KEY `admin_audit_logs_ibfk_1`;',
  parameters: {}
}
✗ Failed to start server: Error
    at Query.run (C:\Users\Mac\OneDrive\Desktop\Projects\PDFLab\backend\node_modules\sequelize\src\dialects\mysql\query.js:46:25)
    at <anonymous> (C:\Users\Mac\OneDrive\Desktop\Projects\PDFLab\backend\node_modules\sequelize\src\sequelize.js:650:28)
    at process.processTicksAndRejections (node:internal/process/task_queues:105:5)
    at async MySQLQueryInterface.removeConstraint (C:\Users\Mac\OneDrive\Desktop\Projects\PDFLab\backend\node_modules\sequelize\src\dialects\mysql\query-interface.js:86:12)
    at async Function.sync (C:\Users\Mac\OneDrive\Desktop\Projects\PDFLab\backend\node_modules\sequelize\src\model.js:1402:17)
    at async Sequelize.sync (C:\Users\Mac\OneDrive\Desktop\Projects\PDFLab\backend\node_modules\sequelize\src\sequelize.js:825:9)
    at async syncDatabase (C:\Users\Mac\OneDrive\Desktop\Projects\PDFLab\backend\src\config\database.ts:40:5)
    at async startServer (C:\Users\Mac\OneDrive\Desktop\Projects\PDFLab\backend\src\server.ts:236:7) {
  name: 'SequelizeDatabaseError',
  parent: Error: Can't DROP 'admin_audit_logs_ibfk_1'; check that column/key exists
      at Packet.asError (C:\Users\Mac\OneDrive\Desktop\Projects\PDFLab\backend\node_modules\mysql2\lib\packets\packet.js:740:17)
      at Query.execute (C:\Users\Mac\OneDrive\Desktop\Projects\PDFLab\backend\node_modules\mysql2\lib\commands\command.js:29:26)
      at Connection.handlePacket (C:\Users\Mac\OneDrive\Desktop\Projects\PDFLab\backend\node_modules\mysql2\lib\base\connection.js:477:34)
      at PacketParser.onPacket (C:\Users\Mac\OneDrive\Desktop\Projects\PDFLab\backend\node_modules\mysql2\lib\base\connection.js:93:12)
      at PacketParser.executeStart (C:\Users\Mac\OneDrive\Desktop\Projects\PDFLab\backend\node_modules\mysql2\lib\packet_parser.js:75:16)
      at Socket.<anonymous> (C:\Users\Mac\OneDrive\Desktop\Projects\PDFLab\backend\node_modules\mysql2\lib\base\connection.js:100:25)
      at Socket.emit (node:events:518:28)
      at addChunk (node:internal/streams/readable:561:12)
      at readableAddChunkPushByteMode (node:internal/streams/readable:512:3)
      at Readable.push (node:internal/streams/readable:392:5) {
    code: 'ER_CANT_DROP_FIELD_OR_KEY',
    errno: 1091,
    sqlState: '42000',
    sqlMessage: "Can't DROP 'admin_audit_logs_ibfk_1'; check that column/key exists",
    sql: 'ALTER TABLE `admin_audit_logs` DROP FOREIGN KEY `admin_audit_logs_ibfk_1`;',
    parameters: undefined
  },
  original: Error: Can't DROP 'admin_audit_logs_ibfk_1'; check that column/key exists
      at Packet.asError (C:\Users\Mac\OneDrive\Desktop\Projects\PDFLab\backend\node_modules\mysql2\lib\packets\packet.js:740:17)
      at Query.execute (C:\Users\Mac\OneDrive\Desktop\Projects\PDFLab\backend\node_modules\mysql2\lib\commands\command.js:29:26)
      at Connection.handlePacket (C:\Users\Mac\OneDrive\Desktop\Projects\PDFLab\backend\node_modules\mysql2\lib\base\connection.js:477:34)
      at PacketParser.onPacket (C:\Users\Mac\OneDrive\Desktop\Projects\PDFLab\backend\node_modules\mysql2\lib\base\connection.js:93:12)
      at PacketParser.executeStart (C:\Users\Mac\OneDrive\Desktop\Projects\PDFLab\backend\node_modules\mysql2\lib\packet_parser.js:75:16)
      at Socket.<anonymous> (C:\Users\Mac\OneDrive\Desktop\Projects\PDFLab\backend\node_modules\mysql2\lib\base\connection.js:100:25)
      at Socket.emit (node:events:518:28)
      at addChunk (node:internal/streams/readable:561:12)
      at readableAddChunkPushByteMode (node:internal/streams/readable:512:3)
      at Readable.push (node:internal/streams/readable:392:5) {
    code: 'ER_CANT_DROP_FIELD_OR_KEY',
    errno: 1091,
    sqlState: '42000',
    sqlMessage: "Can't DROP 'admin_audit_logs_ibfk_1'; check that column/key exists",
    sql: 'ALTER TABLE `admin_audit_logs` DROP FOREIGN KEY `admin_audit_logs_ibfk_1`;',
    parameters: undefined
  },
  sql: 'ALTER TABLE `admin_audit_logs` DROP FOREIGN KEY `admin_audit_logs_ibfk_1`;',
  parameters: {}
}
